text,stress_level
"Nevermind, Every other weekend... I googled it and didnt think ""end of watch"" worked",medium
"[NAME] was arrested for lying and obstruction, to FBI not collusion, calm down lmao ",medium
Well damn I’m going to the Buckingham today,medium
These are both beauties. Those big dark eyes and that smile.,low
! remind me 2 days,medium
"That's a nice way to say ""being forcibly removed as illegal immigrants."".",medium
"I mean, me neither! Who would have thought?! We saved a girl's life. Cheers!",low
You can find something sexist or racist or disparaging of some group in just about every movie or tv show.,medium
Sorry to hear about that! Are you just under observation? Any anti-clotting drugs they're pushing?,low
No chance unless he smokes out of a gas mask or suffers a bad injury.,medium
The only flight delay I’ve had at slc is because there was too much rain at lax,low
HAHA so sorry. I've had a very slow day at work. Been hitting F5 repeatedly. Was surprised it wasn't already posted.,high
"I think you grossly overestimate how many former felons will bother voting anyway, and grossly underestimate how conservative hispanics ([NAME] in particular) are in Florida.",medium
[NAME] himself erased your memory of him screwing up. You shouldn't take these kind of things for granite.,medium
The cutest [NAME] you ever did see,medium
that this ridiculous comparison is this detailed and explicit makes me think the whole beating-a-little-girl-thing is part of his disgusting sexual fantasies.,medium
Sending you some Ramona wine as thanks!,high
I fell like labels like genderfluid agender ect reinforce the idea of gender and gender roles when we should be trying to get rid of it completely.,medium
So precious! Thanks for sharing Give me animals pics over human babies any day~,high
Why is this still not banned,high
"The US and Canada are great allies, it's really a shame they've elected their worst. ",high
"It was like fifteen minutes old, I doubt that many individual people cared to click in the first place. Also different account names kept responding.",medium
I've done this my whole life though...,medium
So you are an expert on the 5 year long climate patterns going back billions of years i take it.,medium
Ok so this doesn't seem like a cover given they made a whole comp for him,medium
This was probably one of the best videos I’ve ever seen on Reddit. What an amazing story. Job well done. RIP Chief.,low
what's wrong with this guy's nose,medium
I can relate to this so much.,medium
How is it the worst though? Me and my friends all use it and love it (since 2016),medium
"Without fail saying ""moist panties"" makes every woman cringe.",medium
Really? That's interesting. I'll have to give it a try. Yes I'd love to take a look at your suggestions.,medium
I guess it’s no surprise that [NAME] really was [NAME] Destenay.,medium
[NAME] uh...gave me a wake up call. Thank you,high
For the sake of sexual contrast.,medium
Classic Narc behavior. Go No Contact.,medium
"I've recently figured out I'm the perfect mix of smart ass and sweet, the ladies love it.",low
As a fellow artists and raised by an N I just want to say congrats.,high
"dude, your mom is a fuck-nugget, i’m so sorry you’re dealing with this ",medium
It's not my cousin's fault. It was actually me who set up the whole date.,medium
Welcome to non union states!,high
Was literally just on rags subreddit. Even they knew our first shot would be a goal.,medium
What does ‘open border’ mean to you? Honest question because I may be confused by what it means,low
And this is why men are so against #believewoman,medium
I'm glad you called it because it really is a beautiful and beautifully honest statement.,high
"They didn't ""say"" anything this time either. This is where observation and critical thinking comes in. I trust you can figure it out.",medium
"oh yah, no worries. I appreciate your time and thoughtfulness. ",high
"Lol valid question, but yes. We've been using the bf and gf terminology for about 5 months.",low
"Get involved and take others with you. Part of the only way we’re going to get better options, we’ll get there!",medium
I shook a hand that shook his hand once,medium
It's weird that actual socialists will say that politics has moved far to the right.,medium
Why are people downvoting this instead of providing arguments against it?,medium
He said some facts and you accused him for being 50c. From his tone you can't even tell he's a supporter of CPC.,high
The way that ladder is attached to the building is pretty terrible.,low
There’s a big difference between “I felt bad for her but there was nothing I could do” and “not my problem.”,low
is it big market privilege? Cause the braves got fucked for similar crimes.,low
WE ARE .500!!!! I'VE WAITED SO LONG!!!!,medium
what piece of work does he most talk about that bottom bit in? thanks mate - clean your lobster,medium
"It's sad, but yes, zero. ",high
That’s a cute doggo! What breed?,medium
Ohh I love bag designs,low
I wish the 'opt out of redesign' button actually worked :(,low
Never seen somebody project so hard in my LIFE Also [NAME] @ them directly quoting lines from the article in the comments Gives me r/iamverysmart vibes,low
"The ONLY thing that would make this the tiniest bit better would be [NAME] installing flat screens in Azusa 😂 thanks for the laugh, all were spot on ",medium
She got 3.5 million more votes than [NAME],medium
She just missed her shot at a champagne douche.,low
"And bigger than that. Her house, her rules.",medium
they're a bit expensive anyways,low
He probably enjoyed it so much with his frat brothers that he's willing to buck his own party for good weed.,high
Ah cool. I thanks for clarifying.,high
RantGrumps in a damn nutshell,medium
"This, in top of my already terrible mental health, is the reason why I'm severely underweight and need help.",high
hope [NAME] is injured while allstar week yes im a spiteful ngga,high
My hair never scrunched and I was so jealous,low
i want my nuggs mom!,low
BLOCK BLOCK BLOCK his ass!,medium
He has a lot of patience. 😆,medium
I’m glad I’m not the only one who thought that.,high
INTRODUCING BUD LIGHT LIGHT for the [NAME] a beer consumer! Just when you thing Bud Light was light enough we managed to water it down more!,medium
Montreal is a beautiful city,low
"Withdrawal, psychic-shattering, and other activist groups, the principle is very sad.",high
don't we all hate them?,medium
"No, I do understand, I just think you're both wrong.",medium
Absolutely amazing how people think this is anonymous.,low
"That last bit is part of the embarrassment, actually.",high
Ahaha it's his mother's fault!,low
Now that's what I call projection!,medium
"That’s the way I interpreted it too, but i was laying in bed half asleep when I heard it, so I could be way off.",medium
I see what u did there!,medium
Did you even read the article? It's 1 anecdote and she wants to return because she misses her family.,medium
Did I just get called [NAME]? Achievement Unlocked!,medium
"Ah didn’t know what that term meant. Got bored with all the party terminology. But yes, I guess I am. ",high
"Another church stolen from us. That’s okay, we will get it back in the great Deus Vulting. ",high
Why? You might be right I didn’t think of that but I’m curious to what issue that would create,medium
This scene was priceless! Trash TV gold.,low
i bet her breath stinks,medium
"Great, petty revenge instead of making your GF happy by removing [NAME] from her life, nice job!",low
Yea man! Why does it always run out faster than shampoo from the same sized bottle?!,low
^ but she ain’t a traitor,medium
Oh [NAME] I forgot all about this site for good reason,medium
Guess we gotta wash our clothes with some good ol Vancomycin,medium
They very clearly state no new accounts can post. Yours is 2 weeks old and low karma.,medium
"Had me worried for a bit. As a [NAME], I’ve always been impressed with [NAME] love of their country ( great anthem too).",low
Probably but we kind of need a lefty though to pair with caleb. Maybe [NAME] steps up again but you know we need more options.,medium
I liked the comeback tho,medium
U would be right. Oh yeah yeah,medium
"That’s what the pelicans would ask for. If you were in their shoes, what would u ask for?",medium
Juve somehow still managed to get the upper hand in the [NAME] for [NAME] and [NAME] deal. That's some voodoo shit right there.,medium
It's a beautiful video of family and [NAME] finally accepting [NAME] as a brother is one of the highlights of the show,low
She is using you for money. You already lost her,medium
i think your comment would be more relevant if it was a common opinion that big boobs were unattractive...but it really isn't,medium
"I mean, he had to deal with [NAME] too! He doesn't deserve this...",medium
I love the fact that [NAME] kept the nose thing for so long he had a mark for the rest of the episode,low
"Family first, this ain't no stranger trying to profit. This is blood. ",medium
"Just eat your goddamn vegetables, [NAME]!",high
This is a gift for my rematch secret Santa recipient. I hope they’re both confused and amused.,low
1 and 3 are basically the same thing.,medium
Yeah no problem. Sorry about that.,medium
"Fuck, my wife and I spent less than a *fifth* of that. Wow. ",low
"Don't read, it just gets worse! ",medium
Omg it’s like you’re taking the words from my mind.,high
I'm just now realizing that I married a covert narc.,low
"Yeah, and there's no better way to make a market more competitive than to regulate it more...",medium
I believe in you. Do what is right for you. I hope you feel better soon too. ♥️🙂,high
shhhh before you make the neocons angry,medium
"So which is more profitable for producers, brick n mortar or digital distribution? Which makes more money?",medium
I was waiting for the delayed explosion and holy cow! That was insane!,low
Whatever happened to the three body movie?,medium
I was going to say is there even such a sensor? Turns out there is...,low
Those are literally the only possibilities.,medium
Yeah it's like there's no difference between a prostitute or a girl they date except that one is free and has less diseases.,medium
Keep doing this with your meals until you have some part of your dish that was originally cooked a few months ago,medium
Neither am I. I'm mocking her alongside you.,high
I ask them straight why they don't respect my decision. That usually fixes it.,medium
[NAME] is my least favorite out of all of [NAME] love interest (In all live action movies) Bite me.,medium
"i forgot to point out that for ""spamming"" i mean ""keep using"", not as in ""spamming sigs"".",medium
Why? Mine is a mixed bag. Sometimes ready. Sometimes 5 but rarely ever more than 10.,medium
But it is! People totally shame you for only wanting one!,medium
Or In my blood by [NAME]😅,medium
"Oh, I've thought about it... a lot, but I just couldnt do that. Even though he really deserves it!",low
"Sorry if I was insulting, I just took your post as some commie type smugly trolling how stupid [NAME] is ",low
"I like your attitude :) yeah, you're awesome!",medium
"The numbers in my head were (-90,-120). Upon closer inspection, yours are closer. Those two are added together for Total Points Added, no?",medium
FYI not all skinheads are racists. [NAME] suck and should be confronted.,high
">Sorry, but any city that had any kind of ~~epidemic in its~~ history will have bunches of dead people buried under it.",low
"Subscribed to sjwstories, thanks for informing me about that one!",high
I wish I could get a lazy Malinois. I love their look and Mal puppies are so cute! But I’m not a run-everyday dog owner.,low
"If you did, then it wouldn't be an assumption. I'm entirely unconvinced that you did.",medium
Hehe if you think Mesmer is slow you haven’t seen anything yet. Chrono and mirage OOF.,medium
I like Abram wayyyy more that Rapp. I hope we can snag Abram so we can use our first two picks to fill other holes.,high
It kinda makes sense. What’s the debate here?,medium
"[NAME], this really is stunning",high
This thread was actually inspired by one of your comments,low
Wonder how many people are walking around with slimey noses trying to figure out if this does work.... Besides me that is,high
Why do you feel like you have to figure out what life is alone?,medium
nearly choked on my chicken breast,low
"Tbh, that sounds better than lithium",medium
The “sad [NAME]” tops it off,high
You can always tell from the vote counts lol. They're way too blatant,low
Bye that's it for me. I'ts all over.,low
Just get on good ol reddit and have the nice people decide what you do.,medium
"Jeez. I don't understand how anyone thinks that's an acceptable way to treat another person, especially their spouse or partner. ",low
You always listen to Pizza! ... especially pizza with pineapple on it!,medium
True but he prob loves football more and def enjoys playing football over baseball,low
I still maintain the packers were a worse team this year.,low
>it tasted horrible to use. Eating some of that right now. No regrets.,medium
Yes! Tell us E.V.E.R.Y.T.H.I.N.G! She’s horrible but also very entertaining!,medium
"What the actual fuck, does seeing something terrible prevent you from enjoying the entire rest of your life?",low
Uuuuh I bet they look sick :D,high
"I can't believe this team beat Winnipeg last week, handily too. That effort hasn't been there since. ",high
[NAME] and [NAME] are my favorite gay couple,low
"Thank you, kind Internet stranger.",high
"Haha imagine if that limo in Vancouver where him, [NAME], and [NAME] were shirtless had a dash cam.",low
Ah sorry about that won’t happen again,high
I heard he was a vegan so it didn’t matter that he died,medium
"Yeah, I wouldn't be too surprised by that either. I'm so excited to see or hear SOMETHING though. ",medium
Man I hate that [NAME] guy.,low
Hahaha this is great! What episode/season is this?,low
"My girlfriend hates it when I'm playing videogames, so there are definitely some women, especially from certain cultures that think video games are just for kids. ",medium
I like this plan. Hope [NAME] and [NAME] do too.,medium
That's a surprise from this guy.,high
You wash your hands with hand sanitizer? 🤔,medium
that dude steals so many tweets. i hate him,high
Definitely not lol You could probably find a better boogyman than that,low
"> my cat needs new braces, Thank you. This made me laugh.",high
In the end it is just another day surrounded by fake fans. If people wana watch a team that never loses they should stick to NCAAF,medium
"Whatever you do, respect the kids' genders.",medium
Nothing wrong with pasta or bread. Stop buying bleached flour products and get whole grain.,medium
"Haha thanks, I'm not cool at all but that comment made my day! Genuinely made me smile. <3",high
i would not vote for him,medium
[NAME] some of these post i read on this sub its just getting too ridiculous,high
So this is how democracy dies... With thunderous upvotes.,low
Hands down one of my favourite VA's and a main reason I go FemShep or play games she's in.,high
I think you'll find that dating is really difficult for poly men. It's the biggest reason why I'm monogamous.,medium
I didn’t say you should take my word for it. You’re not discussing this sincerely.,medium
"Say thos: mom, dad, she's busted. Respect my wishes!",low
"Someone else said that, I never examined it that closely because I was too busy having a good laugh lol.",low
"I thought that said affordable, and i was really concerned",low
[NAME]... why you do this?,low
**LOVE TO HEAR IT B**,low
Comments like this needs a Not Safe For Coffee tag.,medium
>For someone that has never really watched the show or read the books that much What?,medium
Are all the people in that thread praising SB2...SB2? They all talk in a similar manner. It's odd.,high
"""Get the fuck out of the fucking chair"", or something to that avail.",low
"An indie rock guy I loved used dialectics to explain his songwriting process, it was weird.",high
"Right. Boiling frogs. But I feel more hope today than I have since any day in the last two years except November 6, 2018.",high
I'm going Saints and Chiefs. Although I think the Chiefs-Pats game could go either way,low
That's what happens to you when you support terrorists (pkk) especially Marxist ones,medium
Nah I think that’s a salarian from mass effect 😂😂,high
Thanks for posting this! And happy cake day!,high
It should be people not petting being jerks,medium
That's not how any law works,medium
are you implying [NAME] throatfucked these cats,medium
Deal breaks what? You generalized and assumed I am part of the loud vocal minority.,medium
I think him and [NAME] are gonna start getting similar amount of starts. [NAME] is just finally able to play again after getting hurt earlier.,medium
Nice strong heavy stream will make it through,medium
"I WILL NOT OBEY THAT ORDER, GENERAL! ",low
I’ll see you there. I laughed out loud at this one too. RIP.,low
As opposed to becoming a U.S. citizen the illegal way?,low
Not under [NAME]. Under [NAME] desperate greedy extreme partisan coward politics. They purposely brought racism front and center.,medium
don't you know? the world is america only [NAME] Bless.,medium
You just made me so happy.,high
"Of course they do, feminists are self-absorbed pigs that just want to control everything and never be held accountable for anything.",low
Your response is truly one of the most amazing ones I’ve seen.,low
"If we hurry, we can still catch the heroin craze! ",high
"Gross. I hate using those reusable cloth ones because they retain smells. You've got cats? I know, I can smell them. ",medium
Would you give your used underwear to your best friend/romantic interest? >!I know I have.!<,medium
We got 6 (: She had us carry them out for her. There were some interesting items in the car.,medium
"Lol yeah I did, that's why specified the killer, for survivor the fun comes from escaping so tunneling feels like shit",low
Don't you know pets are valued more than a woman's life.,medium
I really love how this team responds to injuries,low
Maybe she realized that what she did was extremely stupid so she was trying to hide her face so that her shame would somehow disappear.,high
"Laughing at ""indoctrinated by traditional values"". Good luck in life.",high
Hr is having a big go of “contract the casuals. No new hires”,medium
Or just shoot them. Shooting annoying people is why guns exist.,high
But I was told that sub was for civil discussion!!!,low
Yeah its that Scream guy you always see in that painting. He also played bass for [NAME].,medium
You could buy a used car for the price of those shoes!,medium
Hope you're still doing ok ❤✌,high
Anyone have a clip of [NAME]’ three?,medium
Implying Capcom has any idea how to balance a fighting game.,low
"First chance to open reddit today, am not disappointed in this being my top post in my feed. Thanks. ",high
"Yep. I did this in uni, got mad respect for holding my ""booze"". ",low
I had a choice between him and obj at 6 overall and I’m glad I went with [NAME],medium
Seriously. I had 2 jobs and was in college. I sleep more now!,high
US is of the top oil exporters in the world. 2003 wants it’s talking point back.,medium
Wow! You've put my relationship in words I couldn't think of.,high
Your shoes are all half a size too big.,medium
"Wow, that reverse from Nurk was smooth",medium
Doesnt help [NAME] was right. That would further push [NAME] into his arms,medium
"The shipping container are my friends, damnit",low
"Nice, I saw them during the Demo and was pretty impressed ",medium
"Other than the Futurescope trilogy, it is pretty bland.",medium
Yep. 30ish middle class white fairly fit. Just started CrossFit!,medium
What's a stream pack? Something river related I'm sure.,medium
Make a super sweet piece of jewellery,medium
"When your dog dies, you will realize how absurd this statement is.",low
Love how thorough this answer is. I think it shows you know yourself well!,low
Sucks that [NAME] won't get to play [NAME],low
"Windbreakers, we’re supposed to wear them when it’s cold as apparently a joke to keep us warm 🙃 I hate doing drive ups now",low
I’m gonna sit down and cry now,high
"Don’t be clinically depressed, go outside! Be happy! 😊",high
"Poor kitty. All you can do is give her extra treats, playtime and cuddles. ",high
"I have never noticed dread doing shady stuff. Dream, well, duh.",medium
The last two years have made me see why [NAME] do what they do.,medium
I don’t think he forgot I think he was just really out of breath,medium
"Eh, sorry, found it, not my ex, thank goodness! Apologies!!",high
[NAME] isn't likely to get traded. Out of the 4 he's the least likely.,medium
Doesn't mean we can't improve on what we have,medium
Oh you're referencing my reply to another comment? I was mad at low effort comments and people who can't comprehend a simple point.,medium
"Having long good chats with brother about stuff, got clear boundaries set, thanks all",high
"ah, ok! i'm afraid i do, i just didn't realise that's what it meant (so old i am going stupid....)",low
"denying and lying or walking into a minefield what ""nice"" choices @.@",medium
Yea even I felt those rocks.,medium
I absolutely hate the guy. Can't stand him. But we live in country with laws and he broke none. I think lynch mobs are more gross,high
I like Tom and Kato.,low
All this guy did was ask what a bronie was. I'm not understanding the hate,medium
"Just spend the next few months emotionally detatching, it makes the break up less debilitating.",high
"Actually made me feel worse. Kids are always back there, death would have been guaranteed had they any.",high
"i ended up crying and breaking down once i got to my friends house, i'm so sorry that happened to you as well :~( ",high
Wouldn't the bully be the Polygon employee?,medium
"Also, here's the Mash Kyrielight Trailer:",medium
"Never liked hip hop. Grew up around gangster life style, hated it. I also laugh at the ""mythology"" that grew up around it. ",low
Reaching parity with Steam's 15 year legacy in a single year would be an amazing effort.,low
If you were better than the players you met every day you would be able to get better stats while playing against them.,medium
Man i wish [NAME] expelled you for forgetting your minder binder instead,medium
The hair is super cool though,low
I love [NAME]. He's another great option for 6th man.,low
We have 9 home games which is awesome.,low
Is it weird that I was practically drooling while watching this,medium
He dunked all the time with us. Loved the reverse two hand slam,medium
This is way too oblivious to not be satire,medium
Preach. The nuthuggers and happy go lucky blind sheep if the front office are nowhere to be found. So disappointed in this team.,low
"Thanks bot, I was and plan to have a great day despite this negativity in this comment section.",high
I will read these articles. Thanks for sharing.,high
Get ready for one of those tail butt plug things,medium
That goddamn wink slayed me. Swoon so hard...,low
"Lack of content, which led to shipping wars, which destroyed everybody’s minds, which created this.",high
Reminds me of [NAME] in IASIP,medium
Damn didn’t know it was for a whole now that’s crazy,low
That explains an awful lot about ICP.,medium
"I made it! My DH went to bed at 10:00, so I kissed my dog at midnight. Happy New Year!!",medium
I don’t. I only know about it from the internet. I had no idea.,low
Plant-based = auto healthy Also that counts as fermented right? K vitamins boys,medium
The double standard. Taking pictures of women without their permission is taboo and creepy.,medium
"If you're beignet hunting I also love the ones at Just For You, in the Dogpatch.",low
My aunt lost a ton of weight by eating a huge bowl of lettuce with a very light dressing and tasty veggies.,medium
"I hope you can get some relief soon, I can’t imagine how awful that must feel ",high
I thought you were just going to wait her out. You actually engineered her loss of space to someone else. WELL DONE!!!!,low
[NAME] did a photo shoot with the first presidency. Hilarious,low
I have the darndest feeling you already know the answer.,medium
Oh my [NAME] how did I miss that😂,medium
Mine do this too and it melts my heart every day. Such pure love for each other.,low
Idk why but I feel like this should be nsfw,low
Let's wait and see what punishment they receive before praising Israel.,medium
"I have no answers for you, but I send you warm enfolding hugs of understanding and light. Peace to you.",low
Trinity: Ru: >THIS IS THE TOP LEVEL DRAG YOURE DOING IT HERE RIGHT NOW,medium
Talk about a fucking hot take. Quality shit posting from [NAME] (not you [NAME]).,high
I'd punt her to another planet if she said that about my dog. Wtf is wrong with people. 😠,low
"Hey, you ever watch the sopranos before?",medium
That works too. To each their own.,medium
"There is nothing gross about being gay. Just means we're different, but we still experience love. Love is not gross.",medium
Lots of botox. That face doesn't move. She has to squint her eyes to indicate to others that she is mad.,medium
Eventually I would have to land another queen to stop the target from arranging marriages themselves.,medium
I would LOVE to be on the show!,low
"Truly a beautiful story, 11/10 :')",low
Scorched Pizza! A true crime!,medium
"Age of consent does not apply to sending nude pictures. If you are under 18, that is still possession or distribution of child pornography.",medium
It’s never been good lol,low
Being gilded makes people’s days better. I love this.,low
Reminds me of my favorite [NAME] post,medium
Some people have no shame or sense of self-worth. It’s sad.,high
Yeah cuz they don't exist lol,low
I had 3 last night 🙈 this rant was after glass #1,medium
As a student in DC Universities I hope to fucking god they get rid of blackboard and replace it with canvas.,high
"I drove to Alaska from Washington state a couple years ago in a tractor trailer. Those roads are already pretty ""interesting"".",low
You just made me remember [NAME] is gone and that made me happy. Thank you stranger.,high
I don't wear panties. You'll need to describe the sensation.,medium
"Love this game, can't stand the combat system. It's just not for me. ",low
It's horrible and I love it and you should be proud.,low
Yeah I have no idea. I’m guessing she meant to ask for someone to “sit” with mama [NAME] in her place?,medium
I believe the mentally ill are the ones that spend so much time and effort caring about what I do with my own time and money. ¯_(ツ)_/¯,medium
Need to go middle of the road no [NAME] is going to vote for [NAME].,low
I still can't believe that dude in Whangarei is still allowed to run his business. I wonder how much longer he will keep it up.,high
no clip as an example to backup your claims?,low
"I love how some people have the mindset ""children should be seen not heard, unless they something rediculously outlandish then they must have a supernatural connection.""",low
Poor [NAME] doesn't deserve that!,high
Right? Don't want to get my hopes up for a rumor.,medium
Omg I thought you were paraphrasing. I'm so happy that those were the exact words they said.,high
"happened to me last week too with mango, the pods were half empty and wet. handling them made my finger tips hurt after a while",high
Lol! Nope. Any muscle in your body will shrink if yiu dont use it.,low
We need an irbe so bad right now. I hope [NAME] is that guy,medium
"Haha, I love that! :) I'll see if he's interested now",low
My biggest problem with Yuri on Ice is that it didn't have enough episodes to show the payoff of their relationship in my opinion.,medium
"The last thing I want on my team are former Eagles players. Fuck that team, the organization, and the shitty fanbase ",low
"You should hit up [NAME], he can help.",medium
That the [NAME] is [NAME] actual father?,low
It’s definitely a massive problem for both of us. Attributing blame does nothing to solve the problem.,high
So we're the 2nd richest team.,medium
Maybe in the parts where nobody lives,medium
NIKE NIKE NIKE NIKE NIKE NIKE NIKE NIKE NIKE Those leggings lmao,low
"For serial rapists, its not about the physical pleasure. Its all head games. Damn freaks",high
"What the fuck? Really? That’s horrible. That’s probably illegal. If it isn’t, it should be.",medium
"No. There's a fair amount of nudity, violence and foul language. ",medium
"And when it's time to get him into violent videogames, just get him Viscera Cleanup Detail",high
The hell? That’s like one-in-a-million chance! Only thing that’d make it crazier is if we’re in the same city lol,low
And shockz isn’t? And he wouldn’t be too much of a threat for... fuck I forgot who’s on rec honestly,high
Nobody said you don't have the right lmao,medium
Nobody is ever the only one to think anything.,medium
It's none of your business. Stay out of it.,low
That is in no way sexual harrassment...,medium
"Still, that's quite the life. A [RELIGION] vegetarian causing mayhem, drinking with bands and almost getting serenaded by [NAME]!",medium
I had this insight too What is it called? Theres probably someone who already had this idea 800 years ago and wrote 7 books about it.,medium
Great quote for a fictional universe in which you can speak with ghosts of the deceased. Sadly doesn’t offer comfort here.,low
I hope you both enjoy it!,high
"I don't particularly want an Eagles repeat either. Chargers, Colts or Chiefs would make me feel best. Then Rams and Saints.",medium
"If he wants to play more, he should play better. Otherwise, leave. [NAME] has been very bad.",high
Because sloppy seconds is a childish concept and I dont see bargain basement girls.,high
Shocking that a fat DnD kid is this self-important. Remarkable.,high
"With a username like SomeMormonAsshooe, maybe it means ""convert."" So does the neighbor's wife *really* want to become a [NAME]?",medium
He’s one of the calmest goalies I’ve ever seen in general haha,low
What makes them [NAME]? Tf,medium
"I wish you luck anyway lmao, and don't think so down of yourself, i believe you'll do great ",high
Saw them at a free concert on my campus in 2012. They were good.,low
*Most of us are happy to help.,high
"Omg wow, this is great. Thank you so much!",high
Inkling main: I like being cheap. It makes me happy.,high
Remove one D and this becomes a lot worse,low
LOL at this question! If he follows the sub...just read the topics for opinions! I call BS!,low
Fucking [NAME]. It's always [NAME].,low
Thanks for the info mate gonna watch out next time,high
Even silk is something that will chafe the fuck out of your sensitive parts.,medium
"I'm 27. I've been thinking about joining the club, just to avoid this inevitability ",medium
Be honest with her... or put her on a pedestal just high enough to see up her dress... ;),low
Do you think the nude selfies story that came out a few weeks ago was about [NAME]? I do.,medium
"Ouch. Those geriatric insults are the most spot on, aren’t they? That and during my peds rotation.",medium
#cooking #uni #urchin #local #tidetotable #truecooks #seafood #cheflife,medium
"He looks like a Spanish Solly March, so I’ll assume he’s as average as Solly is. ",medium
All I know is everyone is Tuscaloosa considers this season an abysmal failure.,medium
"Afro samurai lol, that's pretty interesting never new they actually existed. I'm woman though so that wouldn't work for me ",medium
He has been training for this 5k for about 20 years,low
I would love to hang out with him & listen to his stories,low
His Ma must be really impressed with her sharply dressed son. 👊💦,low
Im very interested. Contact me if you are going to set one up and want/need help.,medium
"I think he's a lustful, gluttonous, greedy, lazy, wrathful, envious, and prideful man. ",medium
"Speaking of the weddings, [NAME] straight up stole [NAME] and [NAME] wedding. Not exactly wholesome. ",medium
There is no way around it :(,high
Hope you will beat this crap and achieve your full potential man. Best of luck for you :),high
we need his euro step comp with this in the background [NAME],medium
Would rather not waste 2 more years of Odell and Saquon's prime tanking for a QB 2 years from now. He will enjoy Tampa,medium
And how long ago was this?,medium
[NAME] get your racial and gender slurs straight!,medium
I love it in spades,low
"A million little things. I love it, but cheating arc within first couple episodes. ",low
Oh cool. Did everything else that got listed not happen either?,high
I'm starting to think you're just an idiot.,high
"Omg I really thought it was a new word for me, not debacle 😂😂😂 she didn’t even try ",high
"And then he comes back after Wallmark's goal with, ""A little Swedish Sizzle!"" Best play-by-play announcer in the business. Love him!",low
That DJ Wilson Pass was a thing of beauty. So unselfish and skillfully done.,low
A RACK ON IT YEEEEEE GONNA LIVE BET THAT SHIT AND SECOND HALF 3K let’s goooo,medium
Wow... I’m so glad that my dog is lazy like me.,high
"Interesting read, but horrible format on mobile.",medium
"And let me guess, is our friend [NAME] also shilling his own coin that solves all the problems?",medium
They sure look the part...,medium
"I'm curious though, will they upvote it to own the ~~libs~~ [NAME]?",medium
That I was unbreakable. It took some serious injuries in “high school” until I realized that I wasn’t.,low
"Yes, I did, not once...here is my full story: Story of my dead bedroom",medium
I used to have anxiety when calling people but I no longer have them at least just 20-30% anxiety.,low
Sorry it didn't help. I hope you can find something that does.,high
Cool. I wish I could come to anarchopulco this year. Have fun.,high
"It's called ""Duper's delight"". You see it frequently in sociopaths like serial killers, or politicians, or both, like [NAME].",medium
Look... they are pretending it never happened. Lol.,low
Neither are those 6 other pairs that I am wearing!!!,low
Depends on this being a small town or not.,medium
Now this is poke choking!,medium
Looks expensive. Hope you enjoyed the game!,high
"Goldfish are awesome pets, they are cheaper to replace than they are to feed! :D",low
The first resonates with me much more than the second.,medium
[NAME] - OT3 in my team without me... [NAME] - Sometimes bad things just happen...,low
Anything that moves us away from the 5 man push meta on SnD. Playing SnD without stuns and nades hasn’t felt right.,medium
Oh you know they’re BOTH going for it.,high
it's not gatekeeping if it's true,medium
">I'm just trying to be respectful of the native speakers who did and who prefer it. Literally no one, because it's a made up word",medium
Bold of you to a̢̢̘̜̹͖͓̣̼̰͎̞͚̖͟͝͠s̷̻̮̝͍̕͘͝͝ş͏͕͈̻̺̬̻̱̫̙̠̜͚̗̯̤͔̙̫ų̖̰̭̺̳͕͔̥̳̟̻͖̗̪͙̕͜͝m̨̢̲͚̪͢͝ͅe̹̣̻͙̻͕̦̕͠,medium
Guys. I think OP blew burns in college and wants to feel better about it.,high
"My parents always checked on us to make sure we were breathing, they always panicked if they didn’t hear us making sounds.",medium
I can't believe he got it while getting man-handled by two players!!,high
Another trendy communist that doesn't know what communism is.,medium
I opened reddit to masturbate then I saw this. It's hard but... it's the right thing to do Thanks! Take it easy :),high
Right now it sucks ass I gotta squat in snow in the freezing cold in the back yard of my apartment complex holding a little bong,medium
Oh i wasnt trying to imply that he was a bad father. Its just this is America and hes a man.,medium
"Most of the cast of Riverdale save for [NAME], but for some reason my girlfriend and I can't stop watching this trainwreck of a show.",medium
Look we are starving but we still have some honor. We don't need any help from your people. Especially not 50 cents a day,medium
I don't even know who he is but I think he approved me to submit in his subreddit.,medium
He's stealing J . Huges spotlight... [NAME] proud of himself again.,medium
Don't worry about stupid people and you do whatever you want. Screw them kind of people.,low
"Wait a minute-- is this you, [NAME]? Awkward... ",medium
He just wasn't registered with the state. He has a BS in EE and works as an electrical engineer. What a stupid law,medium
I have mixed states and rapid cycling too! Super fun,medium
I think teams will still cut the cross-seam that made [NAME] and [NAME] so deadly last year. This is awesome nonetheless.,high
"Fuck it, it's every man/woman for themselves in this fucked City. I've given up caring.",high
Are you high? People go for walks while wearing clothing all the time. It's when you go without the clothes that you run into problems.,low
Well I just love it when my Squad Leader puts the order on the Opponent's starting flag for the whole round while we lose everything else.,low
Love reading these kind of posts! So happy for you.,high
I hope it goes just as well. Good luck.,high
Cholent powered rockets will fly men to the moon'🎶,high
I can’t tell which shirt was 2 dollars or which was 5 dollars for example,medium
Total temple tourism. I have seen 3 friends on Facebook announce that they're going to Italy so they can attend.,medium
Is freedom of expression a right or a law?,medium
Shoes in flesh-matching nude are as bad as leggings in flesh-matching nude,medium
"What makes it a non sequitur? The point is, just because someone is in the DSA doesn't mean they are a *democratic* socialist",medium
> Take away the snow and it looks like an IU home game. Damn [NAME].,medium
While an interesting idea I'd rather have scepter be more like it is in DotA and upgrade the passive and/or signature card.,medium
Glad your SO was helpful and hopefully you are better,medium
"And PenFed, IIRC, will let you pay a $15 charity donation bribe to get in if you're not otherwise eligible. ",medium
"I’m anxious, he’s shy. We’re both teenagers and from what I understand his parents won’t let him have one",low
I think this is a normal human emotion that a lot of people can relate to.,medium
I'd rather be bitter and angry than miserable.,medium
"Nah, you did all right.",low
This really tickled my anxiety. I hate it,high
"Oh I don't use Twitter, thank you for sharing that info!",high
Yep. They'll declare a national emergency and use army troops to seize all the plastic straws from chick fil a restuarants in the country,medium
Thank you!!!! for being one of the sound minded people here.,high
I avoid them like the plague and report them,medium
"Hey man, its your roommate; I need to borrow your shaver!",medium
It was my impression that Monzo doesn't offer business bank accounts?,low
He's only making like 3M more than [NAME] this year wow,high
It’s awful. I couldn’t even see the ending at all.,high
You’re the coward! I was the second man to walk on the moon. NEIL BEFORE ME.,high
"Also, popcorn can't build ladders. At least, I don't think so...",medium
[NAME] said Monday was Columbus Day and those two bought it. Unbelievable.,high
Congrats! You have succeeded in your pathetic life.,low
They all have these same moronic talking points that they memorized. It's hilarious. I hear them all the time,low
Are you being stalked by anti-vaxxers? I’m so sorry that sucks so much,low
[NAME] looks like one of [NAME] children.,medium
"Here for [NAME], love this.",low
My whole life’s been a lie,high
I think we can all agree that this is the right answer.,medium
> How TF did you get to FETISH that quickly? Welcome to the internet. Enjoy your stay.,high
Otherwise it would be a terrible disservice to the NHL,high
I wish you have a best luck on your journey.,low
This isn’t a “someone” this is a company.,high
"Only thing TO know is that this motherfucker is obviously living his best birdy life and good for him. Fly high little buddy, fly high. ",low
"Happy cake day! It'll be tough, but stick to it and you will come out the other side better for it.",medium
A track would be much more suitable for this kind of recklessness! Keep this kind of dangerous driving off of public roads!,high
[NAME] just stopped getting the ball in the 4th quarter and stood in the corner,medium
"That's all I'm asking for :( thank you for expressing that it is a possibility, and for making me realize it should have happened...",high
I hope for his sake his name isn't on it. It would be much simpler legally if it isn't.,high
Makeup is magic my friend!,medium
Thanks for your kind words. They made me tear up a bit.,high
"[NAME] is promised a valyrian steel sword by daenerys, which one will he get? ",medium
I thought this was a socialist Stossel-,medium
NO absolueltey wrong. WE MUST PRIORITIZE GETTING CORPORATE MONEY OUT OF POLITICS OR WE WILL NEVER BE ABLE TO SOLVE ANOTHER PROBLEM IN THIS COUNTRY.,low
Is it that good ? i'd need it too in that case :(,medium
"Thanks for the info, not gonna risk the ban. ",high
I'm just happy I have the Pen to watch and listen too when the Steelers are on the brink of collapsing...PLUS no locker room drama...,high
*price hike for [NAME] only. I dropped Netflix last month because of it.,low
"I'm a male and I have trouble understanding these emotions, do not for one second think that they are normal emotions, male or otherwise.",medium
"True, it’s not like she’s the last girl on earth or something haha",low
Sounds like a fun game. Our home game around here is .05/.10. Its fun but not very exciting.,medium
Hahahaha that one is my favorite [NAME] video,medium
What was the age difference between [NAME] and [NAME]? I had though it was about ten years but now I’m not sure.,medium
I wish to die with my will and spirit intact!,low
I’m sorry. It was nothing to be angry about,low
"That’s Wikipedia, isn’t it? So not quite official. ",low
"Touche lol. Ours usually comes back pretty quickly, I think this is the longest it's been out.",low
Most [NAME] don’t really know the difference. Its an easy boogeyman.,medium
"Thanks! Tbh I just set the limit from true to false, didn't want to mess anything up by changing it. What number what you recommend?",high
I think my family would leave TSCC if that happened they are so sexiest.,medium
You should like a troll. Not saying you are.,medium
"I'm active here and hadn't seen it posted before, wasn't on purpose but maybe it means i'm not alone",medium
That's what I thought! Kotake and Koume!,medium
"Dam tears in my eyes now, but seriously great job ",high
did you just use a gendered term I don't know. It just looks cute to me.,low
"Last time I tried to post, my post was deleted because I didn't have enough karma, wasn't even that long ago...",low
I'm laughing because this exact thing happened to me.,low
"""Help! It's an educated brown woman! Help meeeeee!""",high
You have your opinion and I have mine why does that make only one of us a victim?,medium
[NAME] hasn't proved he still has it. Remember Celtic legend [NAME]?,medium
"I really want [NAME] out of these two, but I’m curious who he would tap as OC.",medium
Right. All a delusion in order to control people.,medium
Too much sympathy in this thread for a creep who didn't get consent first. I'm glad he got humiliated on tv.,high
Fantastic news for supply - hopefully it translates to less pressure on rents. This market desperately needs more supply and this is great news.,high
How about we get no wall and Medicare for all. Then only the good ideas get funded.,medium
I liked the charlie one more.,low
“Start caring about Reddit downvotes” has to be the weirdest life advice I’ve received in years.,high
Dont try to force her out of it. She will (probably) turn on you before she turns on him.,high
Looks like the map didn't render for him,medium
Belgium is an awesome assignment,low
"This is why the option isn't ""be accurate"" but ""be as accurate as you can""",medium
I would pay good coin to read that love story.,medium
Nice. Me too. I'm 2002. You?,medium
I'm keeping my mouth shut. I don't want you yokels crowding up the wine store I go to.,high
FYI that ‘[NAME] quote’ is not only false but also not an [NAME] quote.,medium
I'd guess if they could do a basic blood panel (chem-7?) that would be a billion dollar idea.,medium
"Aww, what a cute pair",low
Yeah... I get that. it's like the conversion has already been had before you entered the room and your opinion has been disregarded...,medium
Where's this snow everyone's talking about? Just looked out the window and there's no snow here.,medium
17 my boy. Best league minimum contract out there right now,medium
Hey man. A lot of people have criminals in their family. That doesn’t mean they are I think you need to take a step back,low
"Ya so in a sense, you're just feeding strangers for a few days. Kind of charitable in a way",medium
Happy Cake Day [NAME]! Enjoy this slice on me 🍰,high
Yo you USA? I’m on pc and want some people to play bo3 with.,low
This was the most fun I've had watching a game since [NAME] 35 point game,high
Not saying it's bad. It just initially looked like the kinda thing you use in resection to stuff,high
Thousands of people born every single day! But mine? Mine's a god damned miracle!,medium
At least you're laughing. It's a step in the right direction. Have a great Friday Me. Flower-of-Power! ;-),medium
Thank you! I agree. We’ve decided to back off. No need in feeding into it. :-),high
"I’m pretty sure your thinking of [NAME], although I could be wrong",medium
I mean nowadays the first grader would be expelled as a sex offender and put on a registry anyway,medium
haha! She is so creepy at times. What a great actress.,low
"Two different writers have two differing opinions??? I'm shocked, just absolutely shocked, I tell you!",high
"True, so just basically everyone. It needs to be easier to get a gun than it is now anyways",medium
"Sorry lol, that’s left over from a lot of parenting and relationship subreddits. ",low
How dare you! Don’t you know seatbelts cause autism!,low
Hopefully the Chouteau Greenway ends up narrowing Market street back to its original width.,high
The only life that needs to be ended here is the life of the guy that raped your daughter. Abortion is just medicine,low
Oh wow I didn’t know they put out the entire song. Thank you! Have an upvote.,high
We know from experience that [NAME] couldn’t save a boat,medium
Thanks for the clarification :),high
That first picture perfectly depicts the epitome of a punchable face.,medium
*tomorrow Thank you for this.,high
"We're worse to animals than we were 100 years ago, js.",medium
"Honestly, it’s probably for the best if he didn’t know his father too well.",high
> edit: Sidenote they blatantly and obviously brigaded two other threads on this Of course they did.,medium
[NAME] is amazing how dare you,low
Is that meat or veggies?,medium
Such lovely humans here. Have fun with that type of attitude,low
"Ya know, I hate lying but I guess I'd make an exception for this. ",low
America can out-lazy your ass any day.,low
you never wanna hear that but sadly people will say they love you when what they really mean is you are convenient.,high
>only ones who really suffer are sport and competition shooters. Which is likely the whole point What makes you think that?,medium
[NAME] they always go back to the dyed hair what's up with that,medium
You come off as very cold and uncaring there.,medium
I was told ignar was going to be awful by this sub.,low
"Damn, she was gonna clobber that punk with the butt of that gun.",high
At least there’s still more likes than dislikes,medium
Wwwhhhhyyyyy do they keep forcing [NAME] down our throats. [NAME]!,high
5.5C is the actual temperature in there??,medium
Yep I'd sub baking powder for the oil. You want them dry,medium
No the limiting factor is the leader raped a young boy and paid his silence,medium
Well in that case you should just tell other people I guess. And welcome to Reddit.,high
I'm really interested in seeing those other 6,medium
"AND HIS OPPONENT WRESTLING OUT OF MANHATTAN, NEW YORK WEIGHING IN AT 185 POUNDS: “STORMIN’ “ NORMAN OSBORN!",medium
ah good find. I guess I saw some sort of grade 9 class photo then. Cheers.,high
"Ahhh, [NAME]: Hero of Eardrums worldwide!",medium
Been saying horford has been overrated since he got that fat contract,medium
"I am happy with North Sydney, Milson's Point or Kirribilli and happy with the 19th too!",high
I bet you’re really fun at parties.,high
I’m gonna need a couple more checks before I trade down for a retarded kid.,low
DON'T TELL ME HOW TO LIVE MY LIFE.,low
"I thought it said “now my biggest fear is the thing living inside my casket” like, *weet doo feek?!*",medium
For my next magic trick; watch me turn this bottle of fireball into domestic abuse,medium
> and twice on Sunday Yeah I'm going to be using that any day of the week from now on and twice on Sunday,medium
Lucky for me nothing just broke!,medium
Thank you so much! This summarizes a lot!,high
Bruh Nicollet Mall is downtown Minneapolis. There’s nothing suburban about it.,medium
This post fucking sucks because it doesn't cater to my beliefs.,low
>YOUR STATEMENT I'm not that person.,medium
This is the most unathletic thing I've seen in a while.,low
You’re killin me smalls. Hilarious.,low
I guess they thought the crit boost was way better than it is?,medium
Who are you and how did you know I was watching GOT while I was typing that?,medium
I saw on article on the same day that a person testifying about youth level abuse also died in a car accident. Same day.,medium
People keep giving serious arguments but you keep replying “but mah happiness” Not worth it to lose time arguing with the likes of you,high
"<3 It was hilarious, sorry I doubted you!",low
"ackchyually, it's *r/woooosh ^^^^^I'm ^^^^^a ^^^^^bot. ^^^^^Complaints ^^^^^should ^^^^^be ^^^^^sent ^^^^^to ^^^^^u/stumblinbear ^^^^^where ^^^^^they ^^^^^will ^^^^^be ^^^^^subsequently ^^^^^ignored",medium
Yeeesss...... let the anger flow through you...,low
Thanks. I'm contacting them now.,high
This is a bad post and you should feel bad for being the author,low
All the game modes are super fun,medium
I hope for Irelands sake you're right.,high
I will always love ohare because it is the home alone airport,low
"The FDA has plenty to criticize. But like here, it's usually criticized horribly off base. It needs to grow some balls and actually enforce things. ",high
It is a great line though!,low
"Grew up in an early 90's house with door handles, no knobs. My parents just switched to knobs after 25 years.",medium
"I mean, the whole point of this sub is to complain about not having a plate ...",low
How are you supposed to get any links in the first place if no site is trustworthy as you say?,medium
"I've done it 3-4 times as survivor and never got the trophy. I think I'll try as Killer, will be easier haha.",low
We have reached the stage where below 2 million is good. There truly is no bottom to this pit.,low
TL;DR No more Superbowls for [NAME]. Get ready for another winning season that ends in disappointment.,low
Prove what point? That you don’t know how to read? I’m confused.,medium
Hell yeah! I can't wait for the rust to break off and for people to be as excited as they were years ago.,medium
It does lol If you delete it off your phone it wouldn’t trace your estimated location unless it’s active on it,low
"Input: Drink candle. NPC: You don't want to get wax in your mouth, do you? Input: Maybe I do, NPC.",medium
[NAME] looked like was in a daze for the last 3 mins of the game,medium
"[NAME] you sound like my father, I feel sorry for you",low
"So that it’s it huh, we’re some kind of Stunt Double Squad?",low
"I still want to know what happened with his ex. One minute they were talking babies and the next, [NAME] was engaged to [NAME]...? ",low
Happy New Year everyone! It’s 11:42 in CA 2019’s almost here,medium
[NAME] what's your opinion on this?,medium
"Its like you are flexing that you have gf ,when most of people here doesnt have that feeling",medium
"Wow, whereabouts in Croydon are you it wasn't this bad where I am! ",high
Those are some fine looking pills.,medium
Wow this is getting huge,high
These edits are retarded. Why do people get so giddy for internet points.,high
Thank you so much I'm going to start it right after the Golden Globes!,high
For a second I didn’t see the t in “stack.” Was wondering how you did that but nvm.,high
"If you don’t want to debate, don’t reply to the comments. That starts the debate.",medium
What mental illness am I displaying?,low
"Wait what do you mean stop [NAME] from escaping, what happened? does that happen if [NAME] is taken? i romanced and saved her so idk.",medium
But they did they say excited to bring their current roster to Columbus...,medium
Yeah with this and the other thread DoorDash is definitely down. Just go home and don't answer any 650 numbers,medium
Most women I know say this too. I'm thinking now that hesitant men are usually just very inexperienced or shy men.,medium
"What, so you want me to just trade in my car for a Jetta just because you flunked out of every private school I ever sent you to?",medium
"I don't remember, it was all very hazy...",low
thanks guys appreciate the clarifications!,high
"What a very ""centrist"" thing to say. ",high
"I've been in China for years. I love it. Great job, apartment and love my city. I've never had a single problem ",medium
Can't imagine voluntarily looking through those photos.,medium
I believe they shot him through the door in the back.,medium
I usually respond with “my body is a prison” with no explanation and people just ???? and peace out.,medium
The sad part about this is that these memes are more Gen Z if anything...,high
"wE mODiFieD eiGHT viDEo CaRds tO fIt iN A SinGLe pciE sLoT /squeak Whoops, sorry, wrong [NAME].",low
"Totally forgot that, my bad",high
I know a dozen local school administrators. What the hell are you talking about?,low
Was Netflix ever $7.99 for HD streaming?,medium
Don’t like blood of the dead by the looks of it.,medium
Let's hope she will never work as a medical professional again.,high
*Hey just noticed..* it's your **1st Cakeday** CrimsonEagl3! ^(hug),low
"When religious freedom is limited, then you don't have religious freedom. Secularism is a religion, and trumps other religions in secular lands. ",medium
He’s been in power for years and gays being murdered in Chechnya isn’t new.,medium
"I'm not commenting on their chemistry or whatever, just that the age gaps are similar and it's ok to point that out either way.",medium
Yes.... base on the things I’ve seen on his phone but he said he never rly did it....,medium
She’s way too gangly to be thrashing around - I was waiting for her to take out a light fixture.,medium
"LPT: As soon as you wake up make a repost, your virtual internet points will make you feel better.",high
"For religious folks, good and beneficial stuff that happens is always sent by [NAME]. Bad stuff... The [NAME] works in mysterious ways.",medium
All those things are definitely your fault. She is much better off without you.,medium
Dummy I'm disagreeing with you,medium
My wife and I have a black Christmas tree with some Halloween stuff and Christmas ornaments on it. For Christmas only. But we’re strange people.,medium
Anybody who likes to drink water with ice is a degenerate,medium
"His other book was interesting, The Age of EM",low
You should tell the bison in Yellowstone they aren't really wild animals.,medium
My 1 year old ate TWENTY TWO broccoli tots for lunch. And he still wanted a cookie afterwards. Like...what?!,high
Well I guess that solves it.... For you. I'll keep trying to make sense out of the evidence since you fail.,medium
"I'm 5'6"" and three quarters haha. Have hair though.",medium
I’m so happy for you! Keep doing the damn thing! :):),high
" '*Pray*, v. To ask that the laws of the universe be annulled in behalf of a single petitioner, confessedly unworthy.' — [NAME]",medium
No need for pity! It was a happy moment. Tears of joy not sadness,high
Thanks now I’m insecure again,high
Literally nothing. Every single thing on my body is ugly. I'm not exaggerating or imagining things.,high
"How could I not? These actors...I love them. Their faces give me joy, hope. ",low
horse meat is fucking peng i love it. why is it ok for a cow to be slaughtered for food but not a horse? ridiculous double standards,low
I mean maybe I did too but as you said it was a decade ago or more.,low
"0.1% is a 1 in a thousand chance there, dumbass.",high
Booty matters MUCH more in my opinion,medium
Wiggs stop that thing you do with your tongue man.,high
You shouldn't be here. You're not an anarchist. GTFO,medium
"I have a 4.95 rating and it did not go down after tonight's riders. Everybody I drove was a talkative l, drunk and merry group.",medium
I think of [NAME] hot dogs. I hate that I love them so much.,low
Kinda weird to continuously shoot at Police too...,high
"It's just wholesome content, from questionable sources",medium
Im actually going to this game! One of the only chances every year I have to see the boys play in person. LET GO DEVILS,medium
Please dont put words into my mouth.I never said rape isnt a problem.,high
Very sad. It’s the child I feel for most.,high
Thanks I hate it. Also I've been spontaneously diagnosed with stage 3 cancer throughout my entire body dude watching this video. I start chemotherapy on Monday,high
Hey now I masturbate in my own filth and I don't take kindly to being compared to these people.,high
"You didn’t change my mind, but that’s actually a very interesting thought “the Skywalkers are the imbalance”.",low
Judging by this comment I’m sure women find you to be a real treat.,medium
"Glasses and [NAME] made me regain interest in the show. Pluuus I want to know what happens to [NAME], she's my favourite character :(",medium
Former Mexican president was taking bribes from drug traffickers we need the wall,medium
Most exciting abortion I’ve ever seen.,medium
Hire the best prostitute you can afford dude,medium
"You made me cry. That rarely happens, it's like poetry. Someone gets me. Someone feels my pain. Thank you.",high
I appreciate it so much! I'm gonna message you!,medium
[NAME] follows me on Instagram so it's ok.,medium
Hahaha I KNEW y'all were gonna post this,low
Yea but that doesnt mean he hates them /s,medium
"Oh believe me, we’d love that too",low
Truly a blessed day for you! Shine on!,high
Try painting a penis around the pothole. Seems to have worked in Manchester,high
The phone calls in the first 10 minutes are absolutely damning.,high
"In the first game, definitely, but they're more even in 2/3. ",medium
Most likely they're making their money from the monthly fee. So they don't care when you cancel.,medium
"Lol, I’m so sorry for u. Do u go down on her a lot? If so she need to give something too...",low
[NAME] said it best. Un-fuckin-believable bro,medium
"Ah brilliant, thanks for sharing that. It does indeed look promising. Shame no mention of Lethals possibly but oh well =]",high
A nightmare hellscape future where the living envy the hot dogs,medium
Why exactly would I be talking to other men about sex in any circumstance? I'm not in prison,medium
"I hope you find him, but WHY didn't you exchange numbers???",high
"I think [NAME] has a pretty unconventional face, also [NAME]",low
I think my mom is similar but I feel like I make things worse by trying to explain myself.,low
I just don't like our options in the off season.,medium
I ain’t your pal buddy.,high
Nope. Not how things are done around here.,medium
"Leader is an aura perk so you can't be affected by it yourself, you can only affect other people with it. ",medium
"& when you call them on their shit they ban you from their subreddit for ""oppressing people""",high
That's a lot of calories!,high
This one is hitting people that knew him hard. He was such a happy guy all the time. Hopefully they catch the bastard soon.,high
Don't move there without at least a few months' living expenses saved up.,medium
I miss seeing us have desperate intense energy. Maybe next game,high
"Aaaand I'm still here. I don't have a alt account but whoever you reported I""m sure is alive and well. You're terrible.",low
Fund this man. Even if it doesn’t pan out it’s worth finding out.,medium
[NAME] still pulling in the numbers. Doubt we'll ever see [NAME] on PPV again but [NAME] is still a draw with the right opponent,medium
At least it’s not malk,medium
I was talking about fMRI neurofeedback (sorry - left out that word):,medium
No spelling and grammar errors. Oh my [NAME] better than the other repost.,low
What happened to one of your star players?? i saw the headline 'freak injury' or someting like that.. but i was too scared to see someting gruesome..,medium
I don't even remember what I was thinking.,low
Unpopular opinion: I'd rather the team signed 26-year-old [NAME] over 30-year-old [NAME] coming off another leg injury.,medium
"...starts Jan 1. ""Published Jan 2"" Way to hit that breaking news.",medium
I can scream HEH MOOMEN,medium
He will but the Chiefs will absolutely have a shot because the Pats defense is egregious on the road. I mean they let [NAME] go off lol.,medium
Me too. Book of Abraham is such a headache for the church. They would love to get rid of it I am sure.,high
The way i eat fried rice that may be practical for me. Love me some fried rice.,low
"The point of an Umeshism is that 'half-baked' is often optimal, or as [NAME] put it, ""Anything worth doing is worth doing badly.""",medium
This is awesome. Makes it feel like a community rather than just a forum.,high
Now I really want to see them. Stupid brain!,high
[NAME] stated that Ethtrader polls will be used for important community decisions. So I can see people trying to buy influence through Donuts in these decisions.,medium
Roids are a lot more harmful than makeup.,low
Haha I love this. I used to give mine phone books and my room would look just like this in a matter of hours. Crazy.,low
Well thanks. Maybe if i make any money we can set royalties up.,high
"Gotcha. Given how contentious even the top-tiers are, I wanted to play it safe.",low
"Ah, so you've an ugly face as well. Can it be rectified via plastic surgery?",medium
I don't generally find the CBO projections very accurate in retrospect. Some of their accounting practices and metrics seem error prone.,medium
Well new years eve people can hit it with some luck in my area haha,high
I think [NAME] is the best QB Prospect since [NAME] and I would kill for my Lions to get him.,medium
"Ah, the movies are fine. It's pretending they're a profoundly trascendental form of art that I find ludicrously funny.",low
Do they seriously think freshman congressmen are 'leadership'?,medium
"What a handsome guy, anybody know what breed that is?",medium
"[NAME] this is so true, sometimes i will remember it like 5 years later and still regret it",high
Just not the right year to tank. POOR planning by the FO.,medium
Relocation trumps meddling in my book.,medium
your post is awesome. People need to hear this more. Thank you.,high
"Well first, im against government period, and second im conveying this under a layer of satire to make the ideas spread more easily",medium
"dude, thats grave danger for sure. thats terrifying. he was a predator for young men interested in sports cars. luring in for diabolic purposes!!",low
And this is where it all crumbles - [NAME] was so keen on bringing [NAME] in on this and riled her all up - ugh,medium
"[NAME], they deserve each other, but I don’t want this to happen because they would inevitably procreate and make stupid “boring” kids. ",medium
You have to walk before you can run,medium
I like to hope I can convert some of mine.,high
I know a lot of people around my rural area who did. These are people my age ~28 sharing this tigger the libs crap.,medium
Is it really that common for charedim to get semichah outside of Chabad?,medium
"There is no way that happened, dialogue is too coherent to be Scottish.",medium
That's not how tl;dr's work,medium
"You mean FUStrated, it's [NAME] here :)",medium
"I agreed with your first point and then stated a statistic. My bad, awkward wording on my part.😢",high
[NAME] scoring when he wants. I'm loving his game. Unstoppable.,low
"Yeah, anyone the team has dibs on and even the team's UFA vets can participate in offseason activities. They have to sign an off-season participation agreement.",medium
Wow. Have that much debit in your bovada account is something crazy. Props to you,high
It almost looks like stuff from Japanese Pizza Huts !!,medium
I was forced into college and I wasted my gpa :(,low
"I really hope we see another fighter like him he was so fun to watch, a fighting machine with that killer instinct",high
Tf what it this for a motivational speech?? Tf is fb doing to these kids,medium
"Buff *Nurse*??? Lol, this has to be some god-tier shitpost or something",low
Didn’t see anything about exercise or nutrition in there. Shits important,medium
"As much fun as I've had yanking their chains, does anyone know the background behind these particular scam calls? I've gotten several of them lately.",medium
ngl his total thievery of the lwymmd lyrics was highkey annoying to me but the song is actually pretty damn good lol,high
I'm using mine on the Consumer Cellular customers that come in mad at me because they have to set up an Apple Account to use their IPhone.,medium
"It is more common than you think, especially for the older generation. Anecdotally I have read more then a few stories here on reddit with that scenario.",medium
"I don't believe it is. like other posters have said, you can do better. I know it's hard but you are strong. ",high
“I can’t stop vibrating!” [NAME]: ( ͡o ͜ʖ ͡o),medium
The same as Unicorns to Leprechauns.,medium
"We had 2 1000 yrd receivers, why would we add a 3rd?",medium
"Even if I did, no one would believe me....,",medium
My jersey has the great number 10 on it!!,low
Baseless assumptions about cops on Reddit without any context?,medium
I think they’re gonna keep her a surprise.,high
"Probably smashed his oil pan too, I'd give that car 3 miles to live.",medium
[NAME] supporters don’t see it as offensive.,medium
"Klokslag 12 I find really enjoyable, horror movie podcast, Im not a horror fan but I find these dudes very entertaining",high
I'm guessing this talk will be gated behind the expo pass at GDC. Do these become (legitimately) publicly available after the event?,low
"-30°, then again I'm only 16. Been a while since these temps have come around so it's not pleasant.",medium
It's weird that many places consider iguanas invasive species..,high
What a weird thing to say.,high
On days like this you can get an extra scoop. Just to make sure you have the finnnnnessst meals ;),low
yeah what happened in this comment section... Hope these people are ok. TDS is very serious and real.,high
Omg is this that what older kids call s*x?1?1??1??,high
Works for me. The video is called : The great porn experiment | [NAME] | TEDxGlasgow,medium
"Hey, quick question how do you add tournament points to your Reddit flair?",medium
"There where over 40000 stabbings in the UK last year, and this guy reckons these “kids” are just acting tough 😬",high
Hahaha that’s amazing. Good for you,low
"Incredible work and very unique, good for you",low
"if I told 11 year old me that brussell sprouts are a top 5 vegetables, he'd have laughed in my face",low
Thanks for the hug matey :),high
Fucking refs suck my balls.,low
Man people say baseball is dragged out but football is realllyyyy dragged out,medium
is this sub scared to talk about [NAME] getting arrested,low
"I always say ""Good Luck!"" ""Well Played"" after winning/losing match.",medium
Boogie Nights is my favorite movie by the way,medium
New flavour! I love it!,low
Fuck her. I hate her so much. I wish she’s just vanish back to Indonesia with her mustache.,low
If you could even teleport non-living things you'd make a fortune.,medium
Wow! Congratulations on taking your sex life back! Nice to wake up and see such positivity.,high
he is. he will make the Browns proud!,low
I think the only person who needs to leave is you.,low
"Probably should have stopped popping the heads of dandelions while saying ""mama had a baby and the head popped off"" ",medium
"I'm about to start my weekend. Don't mind if I do go contribute to the thread. Thank you, OP.",high
I destroyed about 1/2 of them because black snakes are actually a good thing to have around. I just didn't want too many of them.,medium
Of course [NAME] doesn't like competition for his religious fantasies. That surprises no one.,medium
"Even though [NAME] has had so many drawbacks and made some mistakes, let's make one thing clear: it's NOT a time to trade him.",low
Challenging experience and knowledge with your opinion is condescending and patronising. Don't do it here.,medium
are you speaking from experience?,medium
"Yes, huge problems. Buy it anyway. Such a sexy car with the power and fun to drive factor to match.",medium
He had a poor year in 2000 but a really good year in 1999 that helped the Mets make the post-season.,low
[NAME] might've told her when they were talking about [NAME] being on her period.,medium
"Birth Control or Condom. With this ""right moment on her cycle"" bs you're probably not going to be ""[NAME]"" in the near future.",medium
I wish that show would come back,low
Let’s get greedy and take back what is rightfully ours,low
"The transit will be rapid until it, too, becomes bogged down by stops on every other block.",medium
"The sound ISN'T mixed terribly like in high school kids and a nice taxidermised bear in the USA, a beautiful day!"".",low
Done Please spread the word. Invit your friends,medium
I loved it so much more than I thought I would! [NAME] does an amazing job with quite a bizarre concept!,high
"Haha hopefully, that'd be good for his morale. I just wanna beat the Knicks tonight honestly. ",high
I stopped trying a long time ago. I actually feel much better (most days anyway),medium
It is physically impossible for [NAME] to get bad skins.,medium
Honestly I agree. We should shun vegetarians regardless of the [NAME] thing. /s,medium
"[NAME], [NAME], [NAME], [NAME] and one of [NAME] or [NAME]. But I’m pretty sure all of [NAME] is under contract forever if that matters",medium
I carry 2 small stuffable throw blankets and a sweatshirt. Sweatshirt to ensure warmness. Blankets to ensure cuddles. I’ll let you know if it ever works.,high
You'd think people who have this high an opinion of themselves would be more open to taking advice on how to beat certain matchups. Enjoy being a scrub.,high
"I took him at the start of the season when he was recording some assists, stopped playing after a while :p",medium
Because it beats losing all your product,medium
El oh el that was fucking funny,low
Do you mean addons exclusive to him? The instasaw bubba is pretty fucking good....,low
Not delusional at all imo,high
I hate that you've forced me to deal with a reality I've been blissfully ignoring.,low
Is that listing not supposed to be a joke?,low
Try to watch this without crying.,medium
She just looks sick. Very pale.,medium
"Still awesome. I skateboard, ride bikes, and hang out with my friends. Edit: I'm 40",low
But how does he.....but where will he......can he even........fuck it I’m out,low
Hope your surgery goes well and a quick recovery!,high
They didnt watch everton leicester yesterday. Pretty sure everyone was still drunk,medium
"This made me lol, I don't want to sound racist but.... *goes completely ham with the racism*",low
[NAME] death is just so..... senseless. Why? WHY??? The based gods have forsaken us,low
Good job Clemson. You're becoming the new [NAME].,low
This is genius. The ultimate prank.,medium
"Oh, I see what you did... Trying to confuse me.",low
Are you an [NAME] or [NAME]?,medium
The last thing that soldier wants is to get with her battle buddies.,medium
"I had a 2 litre bottle. It went flat before I opened it, nearly wept.",medium
The fact that LGBTQ rights were only recently (and not completely) recognized by the government directly contradicts the idea that gaining their rights has been quick.,medium
"Think this was an underrated signing. Dudes such a beast when he’s on, can go multiple innings.",high
Never once is it implied that the birds can sense crazy people.,low
"Excess of 300 partners and not using protection is unappealing to me, I dont want catch anything ",medium
I cannot believe how unbelievably well [NAME] is playing. It’s insane he hasn’t scored.,medium
"Nah, it's still funny. I think it would be less funny if it was my country tho ",high
"yeah, [NAME] is who i was talking about :( love her but soon as she starts talking about baby stuff, i'm out",low
AND she was pouring gas on it!! /s,medium
You know what happens when we make assumptions!!! Good point. Thank you.,high
[NAME] has awoken from his winter sleep.,medium
Thought this was about signing brown. Op is an attention whore,medium
I stand corrected. IQ is not worthless. Knowing ones own IQ aids in masturbation.,medium
Hahah. I wish I could say that’ll get less painful with time but it won’t. Sorry my dude. F,high
">I'm 8 years old in human years yeah, I'd bet",medium
Maybe I have inaccurate memories re: Carolina and Boston is a better third,low
You're thinking of [NAME]. [NAME] been a senator since 2009 and is up for reelection in 2020,medium
Dark humor is like food. Teenagers love it and prefer quantity over quality.,low
[NAME] is also in a HEAP of financial and technically legal trouble right now. lol,low
"I’m going to bed nowish, hope you’re ok. HMU if you want.",low
Why would you mention [NAME]? Lol,low
better yet. cancel your subscription to Netflix and go for a walk. much better for you anyway.,medium
"Ok 🤷‍♀️ I believe in you, you can do it. ",medium
"Lots of hugs, kiddo ! They ***are*** heifers !",low
Funny a lot of rich kids think 100k a year is very feasible.,medium
"Hip hop has fallen down so far music in general, since the 90's. ",low
Ha! You're right! I don't know why I assume you were male. Sorry. :),medium
I find it unfortunate that you use gender-non-conformance as an insult.,low
I had never heard of chonky either till today,medium
Yes. Half the posts on this sub are about posing. I think the pose she is pulling is ridiculous too...,high
Willing to replace [NAME] for Her,medium
I'm so glad you have access to that trans group. You will make friends and be able to support each other.,low
"As a high libido female, I feel the same with posts from males. It's slightly relieving to know someone else struggles the same way.",medium
Takes r us...you literally make me want to overdose on drugs. Like you’re that insufferable.,high
"The climate change committee is pretty toothless and would rather see it have more power, happy it exists at least. ",medium
Tip o' the pin to u/wikilacks for posting the full Pew article on this thread:,medium
I love him even though the newest season of t@gged kinda sucked.,low
Uhh don’t you mean [NAME] and [NAME]? They were so sweet together! /s,medium
"Hmm okay, maybe I was just arriving at threads too early or something before they got cleaned up...",medium
Let's say some gangsta is messing with your fly girl. You just givem one of these....,medium
Proud of you for being exposed to all this and still recognizing how crazy this shit is.,low
"Oh, I ripped one 😉🍁🔥😗💨☁️💯☁️🤙🏻",medium
And how did that turn out for [NAME]?,medium
The value of the knowledge from the books you could buy is priceless!,medium
Overall I'm 'gifted' but my processing speed is still below average,low
"Yep, that's my daily commute.",medium
yeah. thanks for your reply,high
could you link the course?,medium
Wildlife Ecology! Really gives you a better perspective on how natural systems work,medium
I see. Never get bored is my main goal :),medium
Your parents must have adopted.,medium
Wow no wonder everyone is driving mopeds around. That's all there's room for.,high
"> unwanted touching, intentional flashing, obscene gestures, sex-related insults, etc. I wouldn't think those would happen less in a single sex thing.",medium
Pdx sliders. I never had stanich’s unfortunately but pdx sliders has some delicious greasy burgers.,low
What the hell kind of useless annoying bot is this? Beep boop off to hell bot,high
I hope all my muscles cringe so spastically all my joints come loose and I collapse into a writhing agonized pile of blood and meat.,high
Those other countries clearly exploited to shit? Dats cuz it's not mah [NAME]. -You with your big brain logic.,high
YOU KNOW HOW MUCH I SACRIFICED?,low
we're getting our top men right on that.,medium
"Bumper is cheap, at least you alive. Perspective.",medium
"Then she tries to just blow it out. Yup, that should work.",medium
Busy? Focused on long-term goals?,medium
Uh. Okay. I dont thats likely to happen. Even when people were eating babies it was not die moral reasona,medium
[NAME] was bottom 3 just last split...,medium
Threats and promotion of violence,low
Wow really? I would think that UK bases would be the last place we'd have protests at.,high
Driving drunk and killing people is where it stops,medium
"I once hi-fived the GCS mascot and loved to tell the tale, [NAME]!",low
I graduated in 2002 and had history books that ended with [NAME] 2nd term. I had great teachers but terrible materials.,low
So no resignation or impeachment. Bummer. Naive me had high hopes the great [NAME] wouldn't escape the noose this time.,high
"Thanks, I posted a new one with the source ",high
What in the actual fuck are these refs doing right now.,medium
I'm disappointed by him not bragging about his 99 level atheism.,low
We’re a bunch of northerners so that’s basically the norm.,medium
Have you told him you aren't 100% ok with it? It sounds like you're regretting this decision.,low
Did you know the origin the first time? I don’t find it very funny in the absence of knowing that.,medium
I kinda love it. Not sure what the theme of the party would be but... its cool.,high
I didn't know that! Thanks!,high
No fuck that guy. I'm actually relived he was shot. Sounds like a sack of human garbage,high
"Yeah I haven't felt anything in days. It's like I'm numb, I hate that feeling.",medium
The sin was refusing to impregnate his brother's widow when [NAME] directly told him to. It's not just about wasting semen.,medium
"Chickens would definitely die out, sheep might have a small chance at surviving, cows might have a slightly higher chance, but pigs would surely survive.",medium
Her meal looks pretty good...,low
I've never heard him say this... News to me,medium
But was he wrong though?,low
I just read this the other day for the first time since I was a kid. What an influential book.,low
A better description would be she got a nasty fright rather than it being terrifying.,medium
Her license hasnt been revoked though ;( If purposefully giving people the wrong medecine isnt enough of a reason then idk what.,medium
"When you stop making garbage takes, I'll stop correcting them",high
Thank you for the correction. I'll make sure to be careful of that in the future.,high
This is why I clean my belly button every day. That’s disgusting,medium
"Yeah, I don't think [NAME] supporters should use intelligence as a reason to talk down to people. I have watched [NAME] speak. Yikes.",medium
"[NAME] is one of my favorite non dodger players, he’d make a great addition to the dodgers, hope they push for him ",low
"You said an untrue thing. Own up to it, asshole.",high
Sorry I am kind of new to posting here. Didn't even know that existed! Gonna try and move over there.,high
Quit serving money and [NAME] will feed you.,low
Funny how the whole rape thing just vanished once he was appointed.,high
And yet “50 Shades” got a major release...hmmm,medium
"I like how submissive the coyote is being to this tiny little cat. Like, dude, you could just eat him.",low
"Yes in the right places as do bites, again they have to be in the right places.",medium
"Man I am so happy for [NAME], they are selling out. Personally there is no way I would be able to afford them for 38$",high
Wouldn't it be easier to find 10% then multiply by 2?,medium
Let him be happy with this thought! Karma would break his ego sooner or later !,medium
OmG pEyToN iSn'T gOoD eNoUgH tO hElP uS iN tHe PlAyOfFs! Dumbass Broncos fans circa December 2015.,high
So he’s gonna swear at you in Klingon?,medium
"You're not getting more benefit, you're getting the same insurance plan, it just costs more.",medium
Oh you magnificent person. Yes please.,low
This is a great idea. I'd even figure out where my printer ended up after I moved and set it up for this.,low
"Idk, I'd say the screams of government pawns dying is a pretty cool sound effect.",low
It seems to be either forgotten or overlooked that the Jags offense also lost [NAME] and [NAME] last offseason.,medium
This is so scary but true,medium
"Don’t you want to raise awareness, you need to do at least one chiro out there who is in need of immediate care).",low
"Thank you so much for this link, watching [NAME] was an absolute delight! ",high
I just saw this on netflix..... Now I'm Watching it... Then you post this.... It's like we almost watched it together...,low
[NAME] plays well in Texas. So there is that.,medium
"You're beautiful! Your sister is a great photographer too, this photo looks so natural! ",low
Thanks. We'll do our best :),high
"> We're angry, but we don't want to be labelled as violent nutters.",low
He should have become an Uber driver,medium
"Pretty dangerous for women, too. 40% of cops are domestic abusers. Stay safe. ",low
"I'm supposed to be going to see [NAME] at the cinema tonight. Truely resenting this decision, want to watch [NAME] so bad",low
"[NAME] was my favorite. And I liked [NAME] her first season. They both suck now, so damn hard.",medium
At what time does this happen? I'm not going to watch a 5 minute showering video. OP clip this shit earlier,medium
[NAME] didn't want to deal with [NAME] (reasonable) and [NAME] had more foreign policy experience and credentials than [NAME] did at the time.,medium
"Im color blind, i usually see blue as purple and red as green soo...",high
"Look! More complaining about people complaining, thus compounding the issue! What a happy little circle-jerk : ) You guys will never stop.",high
How can they expect you to write if you can't read? /s,high
A real man ain't be ashamed of crying. I cry with you my bro. Let's all cry together!,medium
"A girl has grown up a lot since she was a 12 year old on the show, and she's grown up to be so beautiful as well.",low
NO THEY DONT FALL OUT,medium
I’ll never be able to unsee this.,medium
I think I would spontaneously combust from sheer delight,medium
women dont seem to think so.,medium
"Say ""ship"", ok, ok, now say ""sheep"", kai ksana mia allh fora",medium
"Interesting, I did not know that. Thanks for the TIL! Could you recommend any resources that discuss this further?",high
"Assert your dominance and start posting cisphobic memes because they're ""spot on and true""",medium
And suck this guy off at the same time,medium
Gonna hazard a guess they adversely affected the Saints worse.,medium
I've done it everytime never had a problem,medium
So 10 bucks says shes just gonna leave him after this anyway,medium
[NAME] SHOT THE PUCK *AND* WE SCORE Who woulda thunk,medium
i'm enjoying this so much,high
Hi I'm a Thrashers fan! My family was 33rd to pick tickets in Atlanta in for the '99 inaugural season,medium
And still so few go to college): Such a broken system.,low
"Loving it too, has made me forget about BO4 & Destiny 2...so addicting! ",low
"I never really hated [NAME], but now I love [NAME]",low
I get through a pack of tennis biscuits a week at work. Coconut bliss,high
>We banned Whose alt are you with your mod-powers?,medium
Yep. I’m an introvert with a big group of friends. I get tired even after spending just an hour with friends sometimes.,medium
I take it they don’t train high risk traffic stops in Arkansas?,medium
That's a pretty bad example ngl lol,medium
"You’re right, this is absolutely terrible",medium
So [NAME] thinks the AFLW has been both elevated and shafted by the AFL in terms of promotion?,medium
"This sub no longer has much in the way of standards, sadly.",high
Same with [NAME]. I was even disappointed Parks and Rec had newt gingrich on for a cameo.,low
"But seriously, you're probably going to feel very sick ",low
"So, you get yo keep the LLR and lose your house/money/car instead? ",medium
"I’m hugging you back!!! Not in a weird way. :-). Thank you, internet stranger. ",high
I like the airpod memes other than that haven’t tried them so can’t say for sure,low
This type of view leads to people like [NAME] being seen as untouchable,medium
A mistake in the relationship? Or a mistake with the person I chose?,medium
"I want one of those so badly! Perfect bag, perfect color. And of course they’re not for sale ",medium
Be patient. Post intelligent and thoughtful comments on others’ posts and it shouldn’t take more than a few days or a week at most.,medium
"Or talk like this. No one describes a super-computer like mind as ""intuitive."" It doesn't even really make sense",medium
Who spend 54% of his life in jail because of crooked cops.,medium
A lot of virgins would reject the label.,medium
I had the volume so loud and it came out of nowhere. It felt like those meme videos with the morning.,low
"Get it out of the way as quickly as possible. Some people claim to like it, so maybe you'll be one of those weirdos.",low
Excuse my wording. I should’ve said [NAME] all around game & unselfishness combined with [NAME] aggressiveness & scoring,low
Holy shit! Did not see that coming! Gonna miss you [NAME] :(,high
Not what I wanted to read today. :(,medium
">Cars kill more people than guns Way, way more people. Alcohol too.",medium
Thank you for responding with truth to a top comment that is intentionally very misleading,high
The majority is not relevant: it was advisory. I agree a second vote is needed to kill the [NAME] trope.,medium
[NAME] doctor DESTROYED by [NAME] programmer #le epic style,medium
"Thanks man I’ll try, you stay strong too!",high
Just woke up and bull run already started.. loving the 💩 show,low
"When he read ""don lemon still has a job"" as an example of racial stupidity... I fucking fell out of my chair. LMAO. Love it.",high
"40k concurrent viewers on twitch and 100,000s of views on multiple YouTube vids would argue your point ",medium
Yep. The problem is definitely regulation and not wealth hoarding supported by corporate money controlling politics. Temporarily embarrassed millionaires unite!,high
um what. no. not hmc.,medium
And yet nobody bat an eyelid when it was [NAME] who was palling around with [NAME]. I wonder why.,high
Smoking a pipe whilst laying some pipe. Fantastic.,high
"And [NAME], would again like to apologize for any misunderstanding.",high
"Just called my mom and told her I love her, thank you reddit mom!",high
I'm confused why you reposted this from this sub. I'm even more confused why you left evidence that shows this.,low
"Yay twinsies! SAHM here too, in the midst of summer holidays at the moment. It's rough.",medium
I love when the cringe comes to us.,low
Greatest part of that goal is the pique backheel for me. What is he even doing there :)),medium
"Oh, with that title I thought the crocodile was gonna- oh.",medium
The food you are putting in your mouth is causing obesity. Stop abusing it. A higher body weight is the cause of your increased risk of ILLNESSES,low
so by that logic the right lost its mind about a year ago,medium
Someone being kinda mad is undoubtedly better than someone having their tongue ripped out,medium
"Honestly, I really liked being 32. The 30s in general have been great. Happy birthday!",medium
trailer fabulous!!! i miss it,high
*it's free real essential oils*,medium
What a sweet “welcome to your new home!”,high
SDAs are [RELIGION] tho lol,low
"The admins do not recognize the ""np"" link. They've said so.",medium
"Find a tv show to participate in, bat your eyes, cry a little. ",medium
"Lucky it wasnt a prosthetic leg, those abnormal body parts are how they get you",medium
That's really sad and shocking to hear this Really embarrassed to be a human being on this earth...,high
They call her she/her now but they've done a lot of weird things leading up to it,medium
Actually this is very clear thinking. This is the best answer on this thread. Thank you.,high
"But they're here to ~~buy properties for their family!!!~~ I mean study, they're here to study!",medium
Great to hear lol I just ordered a ton for my shop so that’s reassuring,low
That would be perfect! Wish I had that.,low
Super Bowls are overrated anyways. s. I'm more angry about back-to-back seasons ending on a fade to Crabtree in the endzone.,low
someones mad they lost the election FeelsGoodMan,medium
You've been salty since we beat y'all. That's just how mafia works my friend.,medium
"color me embarrassed"" I wonder what colour he'd be if she showed that text exchange to his missus. ",high
">!the only time it's become a harem is in the epilogue, and it's only 1 part of him!<",medium
"They’re both good towns. Personally, I prefer Westfield. It has a better downtown, better schools, and the traffic is less awful. ",medium
>Teamates lap ruin Omg nothing makes me so angry same as running towards the hook or gen with the killer behind. Run somewhere else!,low
"As far as I'm concerned, [NAME] run for the WH ended with this twisted ankle.",low
Me cheering for the Wild this year,high
"I love this meme, killem with memes",low
I still don't get what the joke was supposed to be,low
>Let's see with all the player turnover he managed to go 8-4 [NAME] still had NFL Caliber players on those Penn State team.,medium
I hope you figure out what to do! It is real shit situation and it is awful what he said to you.,high
"Agree, she needs to learn to value herself. ",medium
I was expecting “little boys pants would always be ‘half off’!” But that would be in r/unclejokes,low
Have you read /r/NEET ? You'll find that not all people hate being unemployed - they choose to be unemployed.,medium
"There's a sweet spot. Pathfinder Kingmaker has important lines voiced, and others are just text. It works great.",medium
"That is patently false, considering his history of driving multiple businesses into the ground.",medium
Nah man there's nothing you can say to persuade people.,medium
I too rationalize how bad my my ex-girlfriend is now that she's gone. 8(,high
I imagine it would be helpful for little kids who cant reach the faucet.,high
what does gl even stand for can't find it while searching gl mmorpg,medium
Some [NAME] are. They're normally the tumblr type tho,medium
Me for the last 3 years lol,low
Let me give you a hint: THEY PLAY IN BOSTON!!!,medium
I don’t feel like anyone’s blaming him,medium
"You gotta work on you dude!! If you're not confident you're not ready, get yourself straight And all will fall into place. ",high
Oh my [NAME] that's so awkward,high
Can genes be altered? I feel like I’ve heard something like this.,low
Best of luck in your career :),low
I agree with you. [NAME] would be awesome here.,medium
"“And that’s it, that’s all I’m missing”",low
"I dont watch battle rap. Do these guys come up with these on the spot, because that's amazing.",low
"I'll definelty look into this, thank you for the advice and kind words :) ",high
Omg more than anything I want to see [NAME] block a game winner from [NAME].,low
"black bears will run off if you yell at it. if its a grizzly, you play dead and hope it believes you. ",high
For the love of all that is good get rid of these people already.,low
That’s terrible; I would be devastated. You had to get out of there though. I’m thinking of you.,high
"Nice, Butt Stallion just chilling in the background",high
[NAME] receive the maximum sentence and her jail mates know that she kidnapped a child.,medium
[NAME] doesn't get a vote [NAME]! Get the fuck out of here with this nonsense.,low
"I probably should have seen that... I watched it without sound, and just thought the guy was drunk.. ",low
"But you have about 0% chance of winning the lottery and the lottery isn't determined by your effort, skill, etc. ",medium
She tried playing the “I know a secret” game during the hearing. It blew up in her,medium
"I'm sure you're alright, [NAME]. xD",low
No that would be yet another mistake.,medium
That's memorial park. Mountain bike trails and the rugby pitch.,medium
Your comment reminded me of this,medium
Okay cool. Gonna drive home from the hospital.,medium
"Once I dropped mine on my foot, so I grounded him to a fudd range for a weekend It was tough for both of us",medium
Wait is that [NAME] head in the up next?,medium
Yeah she looks pretty cute in that pic tbh,low
No. But that's really interesting. I might start doing that.,medium
That was actually pretty satisfying,low
"I wish this was on Betfair, I'd quite enjoy making some money from Remainers.",low
"No my friend, no, I no make fuck-fuck. I take you to girls, many many girls. You make fuck-fuck with girls.",medium
"[NAME] damn, that is the kind of biting commentary I enjoy.",high
I have an 88% wr rn as [NAME].,medium
"Maybe with spelling, but his dad watches SNL every week I betcha.",medium
And it’s not even a close shave either. Must be very tender. Poor guy...,medium
Same here! I was addicted to her and beaus stories during their trip to Europe right before filming this season. They are the best!,low
"[NAME] is the second biggest loser in TV history though, behind only [NAME]. ",medium
Please tell me your shop didn't get you in trouble for that D:,high
"Yep, and because you do, you’re going on the highway to hell",medium
I cant decide if replacing it with an icecream cone would make it better or worse or incredibly worse and also cursed,low
Looks weirdly fake Edit: turns out it’s real,high
"Sounds awesome, but I am so out of practice I'd be embarrassed to show up lol.",high
It's not like UK monetary policy massively diverges from the Euro,medium
Rest days or continuous cycle?,medium
It’s shocking isn’t it? I paid less for a flight from London to Manchester than it would have cost for the train.,high
"She does it again in last nights episode, it’s so shady!!",high
I don't live there just have family there.,medium
Yeah I'm glad he got caught. What a piece of crap.well at least he won't be a virgin in jail anymore haha,high
"Thanks for the heads up, I'll wait until next week to head down. ",high
"Granted, I dont have a proper measure of the number of monkeys needed to hash $0.05 worth of tx fees.",medium
agree with the messaging but such a cringe video,medium
I find this aspect of the law so ridiculous. I suppose pepper spray is lethal to people with respiratory conditions like asthma or certain rare allergies.,high
"> so I would never say that to someone *To* someone, or *about* someone?",low
"yeah great idea, get buffed like an animal then shoot bricks in game",low
"That's along the lines of what I was thinking, thank you!",high
I’m sorry to hear that. When do you graduate?,low
At least back then we didn't have AIDS.,medium
And please don’t make the mistake of thinking your mustache will disguise them. Trust me it doesn’t.,medium
1.) Love yourself 2.) Accuracy is a duty 3.) Care about all encounters Format like this to receive more than 10 up-votes.,medium
[NAME] is so cute! And [NAME] is a very dashing name.,medium
"I buy VHS, DVD and Blu-ray. I have a huge collection.",medium
She's absolutely stunning in that photo,low
"Haha, only one species. More the Cockatoos",low
I love how she has no idea what to do. Like stop drop and roll 🤦‍♂️,low
"Yup. What is interesting is that Newton's third law is not applicable to SJWs... they arose out of a self-hating, anti-free speech vacuum.",medium
We are not Barcelona or PSG we have structured wages.,medium
"Thank you, I couldn’t figure out what he was trying to say!",high
Stop saying generic hating sentences!,low
Rahway Mechanical LLC should be able to. Great guy,low
Oh my [NAME] I almost forgot about the hot dr pepper in a glass glass made of glass,high
"I’d love to hear Zombie Bastards, King of the World, and the Angel and the One. ",low
Is this season 7? I don't remember it.,low
"Those splits of Marla's still amaze me! Not only in terms of flexibility, but STRENGTH. Just imagine how heavy that leg is...",high
[NAME] looking like [NAME] out there,medium
"I might be missing a joke myself, but woosh.",high
Very glad to hear. Good luck. He has more control then he thinks!,high
I still don't know what I want to be when I grow up.,low
Yeah I agree with you tbh. A rough patch of form from us and the 5 point lead could be gone fast,medium
Lethargy and depression both make me personally expect to not go through that later in life dilemma but kudos for finding the cure.,medium
Why would you say that... Oh my [NAME] those tags!,medium
I love how they cannibalize each other.,low
[NAME] is cheaper too. If we would have kept [NAME] we would have had to extend him to over $4mil.,medium
Devils Advocate - Didn't the cringe-worthy Nike ad end up benefitting them in the long run?,medium
"OK, I'll be glad to help you with your trip! ",high
One of our favorite rides.,low
I guess but we love each other.,low
I always feel so bad for [NAME] when I watch this scene.,high
"I'm so glad [NAME] finally got her visa, she's going to do awesome living in the USA!!!!",high
Why not $1 million per hour muhahahah,medium
Because men are weak/stupid enough to let them.,high
I'd say it's at least a little ironic given that Artifact is modeled closely on the pricing model of MtG's cardboard edition.,medium
This meme is dated and lost it's humor years ago. All you're doing is taunting people who have followed a different path in life.,medium
"Not sure about the dates off the top of my head, but Feits is so full of shit that theres a good chance he just made this up.",medium
Love the new intro song.,high
"Wow, the video is a lot worse than I thought. His actions after he asks for the age is very uncomfortable. ",high
"Actually maybe the OP is not an INTP, have you thought about that!!",medium
I just discovered her channel recently too! She's hilarious and I love watching all the diet tryouts.,low
[NAME] is soft as hell boi got bullied in Minnesota,medium
Well it obviously helps you rationalize your total unwillingness to take action to make the world a better place. I hope that you grow past that.,low
I’ve come to the same realization. So now if its less than a pound I’m offering free shipping.,medium
"The table actually hit her in the back of the thighs, breaking her fall in the process. She was probably fine long-term",medium
You assumed that I complained about wl charge. Gg. I never said anything that might help you deduce that. Dude just stfu.,medium
Just Deep Fry This and post it on r/dankmemes,medium
I'm just happy anybody's talking to me. I'll listen again :-),high
"This is ok as extra content, but it feels really uncomfortable.",high
Mercy. Keep in mind St. Lukes ER is non trama.,medium
If that mask could talk it would beg someone to end it's suffering.,high
Damn mods are just trying to offend everyone!,high
"Source each of these and trend lines from previous years please. No, listing a few agencies and telling people to Google 8t isn't a source. ",medium
Wow he wants people to donate so he can make a large profit off his atm? Lmao Good gig if you can get it I guess...,low
"Please stop LOOKING, and go.",medium
this is killing me LMAO,low
Imagine going back through post history to try and dunk on someone who routinely owns you because you're desperate to be liked.,medium
yes!! i was like oh my god. oh my [NAME]. it’s gone. the weight’s GONE. i’m FREE!,high
Reverse racism is just racism,medium
Insulting [NAME] for being captured is good praxis,medium
Yeah tis marketing tweet from the melbourne AFLW team about their captain seems like marketing being pushed down my throat. You woke af.,high
I’m feeling very excited !,medium
It is. Something I've wondered about many times,high
Grammar jokes be* my favourite,low
im sure it's a real slap in the face,medium
When they stop showing literally every big Viking loss in these games.,high
"Why would Orlando want [NAME] anyways, this deal isn't real",medium
Do not use logic dude. Not cool.,medium
"Nope, although I have some Serbian-American friends there who danced for the Tamburitzans :)",medium
There was a thread about a month ago:,medium
"Mate, you’re a [NAME]. If it wasn’t for us you wouldn’t even exist. ",low
"Sorry, is Russia depicted in the cartoon?",high
I'm glad I could contribute some positivity! All the best to you and your kids!,high
3:08am and my laughter has now turned into wheezing sobs,low
This was a beautiful moment for the FT coming together,low
Those are some interesting stats. I’m gonna save your answer so I can remember them for later discussions. Thanks for that.,high
"You're a freak, you dirty dog you.",low
Drop it off at a tent city or homeless camp. I've done it with an old Adirondak chair and they seemed to love it.,low
"They're not ""likes"" you fucking moron.",low
"Don't worry, it's the internet so that angle has already been well covered: ",medium
Strangely enough 70% of women in the work place are queen bees,medium
Hey thanks! Happy new year to you too!,high
It’s a wonder [NAME] didn’t get more duis with the amount he needed to drink,high
Well this all started Wednesday. But I’ve been unhappy with my life for weeks now,high
YOU'RE CORRECT AND YET THEY ARE CORRECT ALSO,medium
Can't relate because the sadness and loneliness is constant 😎,high
"That's where your mind went? Most of us instantly think about Winnie the Pooh and the Hundred Acre Woods, man. What's wrong with you?",medium
Is it Amazon brand? Genuine question as I didnt even know those existed,medium
"Otter is another one - think young, slimmer, less hairy ",medium
some people just want attention..lol,medium
"They're a nakedly political institution, and have been for years now.",medium
"Can we ban posts about him now he's a predator? It just makes me sad now, Idk about anyone else",high
Didn't even notice until you *pointed* it out. I had a bit of a giggle.,low
I for the life of me can’t figure out what this has to do with polyamory,medium
Theres nothing more despicable in this world than a carelessly brewed mug of chai brother. You gotta get with the program.,high
[NAME] looked terrible that game. I was really hoping to be wrong but he came just as advertised by Hawks fans,low
Que the motorcyclist getting up and pulling a pistol out on the driver for “endangering” his life...,medium
"Is it you, Mr. [NAME]? ",medium
"Well then outlive your enemy, get pass your old self that is the enemy and you can outlive the enemy",low
"Was he captioning something related to ""Xcept me Im smurt hurr hurr"" with this meme sent? No one's being exceptional in this meme tho.",medium
how the absolute fuck did black panther get nominated for best picture? its marvel action schlock at its worst. blackkklansman on the other hand is a great movie,low
I’ve read this exact same story except the car was a red Porsche.,low
Omg that was the WORST,high
The DPRK is ethno fascism,medium
"Better get a paternity test sorted for my munchkin of a partner and his equally munchkin daughter, he'll be thrilled. ",low
"Well, yeah, it's a climate target. Climate targets are made for missing.",medium
Intelligence is to know the difference between MB and Mbps. Wisdom is to not be a cunt about it.,low
"Even if it was true, what would they actually gain from misrepresenting the data?",medium
You will also be removed from a jury if you utter anything about it.,low
I know what you mean. I'm actually looking for a [NAME] irl. That's hard to find...,medium
Because only the hardiest folk stick around in a country where the air can kill you for 6 months of the year,medium
I'm the plane boy! I'm the one who flies!,medium
I almost hit the arrow in the screenshot,low
Two or three anti depressants before I told them a lie about how I tried my moms valium and it worked,low
Ambien you are my new favortist person ever!,low
Broke-ass street smarts are the real street smarts.,medium
Because [NAME] loves the American military more than any other one.,low
So do you think the court ruling to release the money to them is fake or something?,medium
Indeed. This episode is for me the best one officially. I'm scared for the finale,low
"All that interesting information and you get 3 upvotes , feels bad man ",high
Yeah he stacked up some snow which is why he was laughing when the ref went to the bench,medium
Admin is all over it!,medium
"Same here, i hope my upcoming trip is gonna kill me",low
I wish I had your efficiency. I can be at work a full shift and still get almost nothing done.,low
"If she is sorry at all. Could be more along the lines of ""I am pretending to be sorry so I don't get fired.""",low
"Oh, so it isn't a term made up by antivaxers designed to be intentionally vague? I thought you said it was.",low
I wouldn't count out Scotland in the quarters. They're playing well and have given the US headaches in the past.,low
"Now let's sit down, relax, and have a nice cool glass of turnip juice.",medium
"We can talk compromise, when they stop holding the country hostage. Until then, bye [NAME]",medium
"Every airliner is fully pressurized, even the hold. There's no ""partially pressurized"" aircraft. They don't necessarily heat the cargo area though",medium
"Oh you hunt deer, I’m white I hunt n words",medium
Anything can happen. So many upsets have happened at the PLQ. Every team is beatable.,medium
Alright. Go to your corner.,medium
> Maybe she was flirting with me? ask her out on a date and find out,low
"I only watched the clip someone posted last week, but I found [NAME] funnier.",low
Resist it! You can be strong. Block him! Then do something nice for yourself,low
Women aren't smart enough to see an intellectual kino du art like [NAME] multiple times,medium
:) this made me smile. I laughed so hard at the blinker fluid part. You and [NAME] are proof that not all heroes wear capes.,low
"Its the same at my place, not that anyone cares... Netherlands btw",medium
Some dank shit DEFINITELY happened at the Ritz back in the day.,low
"""PETA approved"" I'm out. I hate PETA even more than I hate mlms",high
"Or wax your driveway, and the snow will slide right off without shoveling!",medium
If nothing was said and you can be engaged all day tomorrow then I wouldn’t worry.,low
"You don’t know what would happen if you lost weight, so why don’t you focus solely on that step first.",high
"So what you’re saying is that the frogs used to use the chemicals on us? Oh, how the tables have turned.",medium
"I'm sorry you needed to add this. I thought your humour was pretty obvious, but this is reddit....",medium
"No, because asses that hot don't come in trenta",medium
Agree. Not sure why you are being downvoted.,medium
I used to enjoy it and grew out of it.,high
"My mom thinks this neighborhood is safe, and I kinda don't want her being more paranoid but I feel like I should do SOMETHING.",medium
It’s grandmas house. His house is a tip,medium
"Threaten to release....welp , nothing coming from this.",low
I definetly love some epistemology!,low
cutest vid I've seen in a while,low
"Indeed! Oh [NAME], you are in for a horrible life...",high
*Hey just noticed..* it's your **2nd Cakeday** slumbishop! ^(hug),high
Yeah I hope he can play against IU that’d be a huge loss,low
"I say it every day, buddy. I'd rather pay more at the pumps than be so selfish that I'd sell out our children's futures.",medium
Women cheat way more. They have unlimited options like a kid in a candy store. Most men couldn't cheat if they tried,medium
the person in white is just wondering what happened,medium
"I'm not surprised someone asked that. Good [NAME], people are stupid.",low
My hands are tired from typing “and everyone clapped”. That kid’s name though? [NAME]!,medium
I’m just in awe because this will actually get so many people up in arms.,medium
"Sweet [NAME] of Haiti..it does! I no longer burn paperwork like I used to, and *I* can see it. EDIT: Hermes-talk",medium
random fact: my pokerstars avatar has been a picture of that very hit since that night of 2006 LOL you could say that this hit was... pretty mint,low
Until that plant dies because you just shocked the hell out of its root system.,medium
The only thing I remember about that guy was the super racist remarks he made about [NAME].,low
Not when it’s literally contradicted and not corroborated by every other one of that witnesses’s witnesses.,medium
TIL the President is not an adult. Actually IL that a long time ago.,medium
>This is proven if you ever played NBA 2K. Lmfaoooooo,low
"I'm 31 and didn't even have my first cell phone, period, until I was 20. This is just more anthropological fake news.",medium
They want to make gun ownership so expensive and onerous that people won't even bother.,high
found it already but thank you,high
Im sure you’ll love it,high
"Look I'm not saying that I agree with them, theres no need to be an asshole",medium
No worries girl it happens hahaha,low
I just want him to be successful though...I dont think he wants to be at this point,low
"Bridge trolls people, people trolls back the bridge, not sure what's happening now",low
[NAME] is a queen and y'all better treat her like one.,medium
Plus there's this expectation/trope of flowers sent to workplace being a way for someone who's fucked up to apologize (which is icky as hell but whatever),high
Ice looks fine on my TV,medium
Still better than YouTube rewind,low
They visit. But they don't stay,medium
Weird we’ve seen leftist harass and attack elder people and elder veterans but it doesn’t become mainstream news. I wonder why that is,high
Unfortunately it isn’t available in my location. But thank you for trying to help me ☺️,high
At a standstill for hours on end? Yes. It took me 7 hours to get home,medium
Everyone has their own preferences I happen to play better when I have multiple balls in my pockets.... no pun intended,medium
"It's so sad that people don't vaccinate their children. For every upvote to this post, I'll vaccinate my child in protest. ",high
I’ve always wondered why they play at ear splitting volume instead of one where you can enjoy the music.....,high
"Congrats! That could not have been an easy step to take, so I'm so happy it's been a positive experience.",high
That dad must love monster high as well.,low
I asked at the Bodies Reveled show if they used prisoner bodies.. I got an awkward no.,high
"Oh I'm contributing mate, don't you worry. The sub clown has been made to look like a knob again! Enjoy your Sunday night x",high
You've violated rules 4 and 5. Please adhere to the rules of engagement.,medium
I remember running into teachers at the grocery store or whatever when I was a little kid and having that same feeling!,high
Shhh bb it'll be ok,low
I always wondered why that never happened with the “muscles from Brussels” in any of his movies.,high
This is very uplifting! Had very similar experiences with my wife's family. Thank you for sharing!,high
[NAME] still got a little pop tho for calling for the match. Makes me smile that the crowd still loves her.,high
Done and done in the memory of [NAME]. I am sorry for your loss.,high
Keep going sgtsoyboy... we are turning the corner this year and I will personally enjoy bashing another Superbowl-less season for the qweefs this offseason.,medium
What the fuck Edit: YOOOO I SWEAR MY DOOKU JUST SAID ONE OF HIS EMOTES IN A DIFFERENT LANGUAGE,medium
Oh man I didn’t know it was a repost but I tried trimming it after seeing on the gram.,low
This. And Dr. [NAME] told him that he was probably the heaviest person in the entire world at the time.,medium
You here to admit you are fine with existence once born? I thot so,medium
Teenagers are teenagers. We dont really care about our spelling anyways. Unfortunate that everyone who corrects them gets downvoted to the underworld though,medium
I’m scared to fall asleep——-,low
This dog is so cute,low
That IS a fun fact,low
shitposts are hazardous to your health.,medium
You need to dump him,medium
It’s one of the nine characteristics of BPD. Probably most people in this sub have struggled with some sort of addiction to a degree.,medium
AHAHA I’d love that dream but replace him With [NAME] 😂 or Arizona ,medium
[NAME] is the most useless phantom thief change my mind,low
Anyone that emotional that passes on gains because of some grudge he holds for a coin shouldn't be involved in crypto.,medium
Those turkey legs look delicious,medium
[NAME] at 2.38 against Moicano seems like excellent value for me,low
I don't know where exactly but these pictures are really good. Keep it up!,low
Holy shit they fornicate like rabbits!!,medium
*Hey just noticed..* it's your **5th Cakeday** melodesign! ^(hug),high
That jawn looks lactose free. Get that cheese mixed in that jawn.,medium
"I'm in Printer's Row, but I do have a car so I might just go check it out. Thanks!",high
Urgh I feel that. I'm doing an exam next week and I'm gonna have to wait 9 weeks for the results back.,medium
my favourite kind of cookies.,high
"I work at an R1 university, with most of my team composed of CS/CE undergrad students. Yes, I've known many...",medium
"What would you do if y'all end up having kids, but break up later? There's no guarantee y'all will be together forever. ",low
I forsee success in your future endeavors.,low
Dirty secret. They retired the decks until they got a doozy.,medium
"I’m sorry there was trouble, but I’m glad it ended as okay as it did.",high
You don't get it man,medium
Another great bit on identity politics...,low
> WE AREN'T EVEN IN THE UNITED KINGDOM I was well ahead of you. It was the prices being in dollars that gave it away.,medium
"Sure that's a good way. Unfortunately, I am not a gamer per se.",medium
yes. to the above number i provided :) hope it’s helpful!,high
> Im a milan fan I'm so sorry.,low
"Right, like what was wrong about a backhand there?",medium
I don't think [NAME] gets enough hate for pushing that.,medium
at least you found it,low
It can be safely backdodged in duels because of its lackluster tracking. Avoids feint to gb too. People just dodge at the wrong timings.,medium
Good thing he realized this was pointless before he resigned from his state senate seat. ^/s,low
No wonder crime is going up if these morons are in charge.,high
I’m just shitposting dude. In the spirit of the thread “I was bored”,high
You don't think it be like that but it do...,medium
Big words coming from a guy who only talks about [NAME],medium
Captain you ARE wrong. You’re wrong nooption to argue. I have the final rule ! Nope not gonna listen.,medium
You have my good wishes and words of encouragement! There is so much wisdom in “one day at a time.”,high
I didn't know of [NAME] before I saw that episode. I fucking love that man and have watched an unhealthy amount of him since.,low
Soooo.... He basically just admitted he didn’t get his kid shit for Christmas. What a fucking asshole!,high
It said in the post that it had started a month ago,medium
This report is going to be bullet proof,high
I can’t help but think it’s BS because he found the girl 30minutes ago and his first reaction is to post to reddit about it.,medium
Now think about the point I was trying to make. It wasn't that I talk to servers and ask them if they like tipping more,medium
"Thank you, very good advice - I have been thinking that I need to help and lead more in this area. Good reminder, thank you!",high
"I knew I didn't like this guy when the NPR commentator said ""He's the best option for attorney general right now""",low
“Notice how nobody has a phone in their hand” It’s almost like mobile phones weren’t fully developed back in 2009,medium
"Where are all the memes about tops ending up with another top? Cause trust me, it sucks just as much, if not more. ",medium
The President who signed it? FDR.,medium
"Yup. ""Tell that to [NAME]""",medium
That's so disappointing. I'm sorry that happened to you. It really is hard to make friends as an adult.,low
Shotgun! But do I get to play with all the buttons too?,medium
The lil dance he does after is amazing too,low
Well good for you man. Enjoy :),high
Yep. Learned my lesson this time.,low
[NAME] was a pastor who witnessed the “Wood Scrape” and credited the rodsmen of the [NAME] cult as creating [RELIGION] 1.0,medium
So happy for you two !! ❤️,low
"You're And no this post was on the front page, I would never subscribe to such a petty and pathetic sub.",medium
Had my first kiss last month at 22. It does feel great. Good job bro.,low
"It's been 10 minutes, I'm still laughing 😂😂😂",low
I'm assuming OP is female and the other person is male.,medium
my parents did this to my sister who was just a tomboy because they feared she was transgender and now she is super girly and not herself anymore,medium
">Emotions like this will get you killed. That is too bad, considering I was planning on living forever.",high
Unbelievable! Here. Have your iPad back. Not interested in being treated like a criminal. I’ll write home with pen and paper,high
Id be pretty pissed if my prime didn't auto renew,high
"If you take that line, any excess money you have is immoral. Tough line to tow.",medium
There's doing stupid things when you're young. Then there's doing horribly stupid things when you're in your mid-30s and you're already active in Politics,high
i was leaving areal comments not pormotions but acctually i was leaving many,medium
You should be embarrassed. Not only because you are a adulterer but because you are a pedo for thinking of your son.,high
I’m not crying... I’m just cutting onions... I-I’m making lasagna..,medium
[NAME] insulting his fanbase has literally been a hallmark of his persona from the beginning of barstool,high
"Precisely that. I hope you’re able to find strategies to deal with it easier, it’s really tough",high
So he gave something different? It will be fine,high
I would think that logic would dictate that you should be able to type anything in chat that your in-game avatar is saying.,medium
Guess I’m heading back to the kitche :),medium
I don't see much reason for it even as a 2nd.,medium
Teeth. I really want good teeth and my hair is nice and easily maintainable atm,low
Lol i got bottled by one of them in a brawl with a bunch of the nazis,low
Did [NAME] funnel money to any paramilitaries?,medium
Sorry man. I didn’t know you were on reddit. Didn’t mean to steal your stuff! I totally would have tagged you,low
Thank you so much! We will likely also be doing that haha :),high
She's not even that pale that dude's cummies are just translucent. She gotta find a man with mayo cummies,medium
"Pffft right, next you'll tell me America isn't a representative democracy, or that England isn't a monarchy! Don't be a fool! ",high
"Cut your nalis, i hate it",medium
Congrats dude! Can you give us a quick tl;dw?,high
wrong its because they know this is an orchestrated hit to stop [NAME] run what a joke,low
You're really just having a field day today huh?,medium
How can we send money to you?,low
This was a hate crime. Cut and dried.,medium
"i know, [NAME] sucks balls",medium
You're implying it by equating occasional defections to every single Republican voting against net neutrality,medium
"Depay being a flop at United comes to mind, so good now.",low
"That's fair. Seems pretty lefty heavy, though.",medium
What are you on sir,medium
that made me feel bad for nw,high
"Thanks [NAME], I could unclench two minutes earlier.",high
You've been banned from /r/chicagobulls,medium
"They lead a bad defense though. And [NAME] isn’t blameless here, he’s not good against the run.",medium
Wow I forgot we were competing with Sevilla for 3rd place. That makes this win even more important then!,medium
That’s funny to me because all of the teachers of the month this year (with 1 exception) have been science.,low
Oh nice. Let's me try this. Thanks for sharing,high
No no no. They only have no worth if they don’t support [RELIGION].,medium
"sorry this happened to you. id be sad and angry too if i worked hard on something, and someone took that away",high
Wow thanks I gotta try this!,high
OH MY GOD OH MY GOD CONGRATS!!!!,medium
i do not like the dollar store [NAME].,high
Im loving these DBS and canuck meme mixtures,low
No it's not. I'd bet his biggest crime was being an introvert. Low-inhibition psychos never seem to lack for female companionship.,medium
No. That’s an actually pot plant. You have to do some extra work to keep it blooming each year.,medium
Have you tried finding other communities to join? Now I know ex-[RELIGION] communities are not that common but just non-religious communities should be rather commen right?,medium
"Oh no, learning a while move set is so much work! But thanks, that's helpful. ",high
Some graffiti can turn that really bad,medium
generally they go for a few thousand,medium
WW2 has the best supply drops ever,medium
"You can't stop [NAME], you can only hope to contain him",high
"Oh gosh, I'm so sorry you had to deal with that. It sounds like you handled it really well. Kids are cruel. ",high
"Same here. And I really dislike strangers and groups, so groups of strangers are a next-level nightmare. ",high
"That's what I came here for, thanks",high
"No,not a fan of cigarettes",medium
Easy on the Granville Island gatekeeping amigo. Its absolutely a tourist destination.,low
I agree with your statement.,medium
Did you maybe get Tag and Hide and Seek confused ?,medium
"I think it was [NAME] who said it: ""The best defense in the NFL is a 2 TD lead""",medium
"You think that hearing deathcries is **funny** ? Personally, hearing cries of pain and dispair don't cause me enjoyment, but I guess I'm a weirdo.",high
"He’s down at least one pair of glasses, if not an eyesocket as well. ",medium
Gotta think [NAME] was also tired after all the hard work they put out Most likely it'd be easier for a fresh player to run passed players,medium
"There are other petty crimes that can be more heavily prosecuted, like unpaid child support. ",high
I loathe the unsolicited comments I get about having kids someday. The closest thing I could find to getting my tubes tied is my 10 year IUD.,medium
He only does it when I'm playing a fast-paced racing game where I need to always see where I'm going.,high
I saw that same account comment the same thing on the packers post about hiring [NAME] yesterday lol,low
It won't be. Just a rumor.,medium
"Equipment (PC & accessories), settings, the whole transition I feel lost to be honest",medium
UD will be enough. I don't expect a 40 years old guy to break that chin.,medium
If you think not actively going out your way to insult people constitutes hiding your sexuality I don’t know what to tell you.,high
"I agree with everything. Yet, society and its stupid outdated, conservative norms see it otherwise.",high
"op says ""a couple busses is also fine"" hop on the 15l, 2 stops and a 1 block walk gets you to the snug.",medium
Always been a Yankees and Chargers fan. Ask me how it feels to lose to Boston in two division playoff rounds within a few months.,low
I actually really liked that you added in your personal interests. I like Korean boy bands too.,medium
"It also looks like it left an indented welt. He took it well, but I think he was in pain.",medium
"I can help out, pm me :)",medium
Man. Really bad last possession there. Bummer.,medium
"I downloaded this album yesterday, and love it!",medium
"This happens to me all the time I’m so sorry 😣 it’s always with burgers, too. So painful. ",high
I love how they ignore the sniffling buffoon who struggled to read the words off the teleprompter in his speech,low
"Lol, I love you you drunk bastard!! Now CHUG!! ",low
"Probably clipped wings too, judging by the way it went down. Idiots.",high
I do. That thing about your mom is weird. Go get help.,low
WE LIKE SPORTZ AND WE DON’T CARE WHO KNOWS,low
She’s cute in both pics but whats up with the triangle chin on the left,low
You do realize that this is the sub for non-Trump supporters to come ask questions to [NAME] supporters. The OPs are all non-Trump supporters,low
"And it should be drenched in blood. It’s supposed to be scary, that’s how you know [NAME] loves you!",low
Maybe a wall of traffic.,medium
Do you happen to know which movie/book he is talking about? Would love an interview link if you have it!,medium
So prison isn't enough? You want him raped? That's disgusting.,medium
I just really don't see 20% for him. I would be very surprised.,high
"People like standing in line drunk for extended periods of time, apparently. I don't know how else you could enjoy that experience except lots of booze. ",medium
I mean most players get that,medium
"Considering I’m majoring in politics, that’s the plan!!! Thank you! ",high
I couldn’t agree with you more!,medium
The first comment wasn't but when you not wanted you should just fuck off,low
I think someone else should open a drive through so I can enjoy the flavours without the dishes aha,high
I noticed this last night when rewatching [NAME]. Her daughter was easily 400 pounds.,medium
"""Someone else must start this however... but I will sure join in the violent fight that will ensue... I promise!""",medium
Nah when Telus does it so will Koodo since fido did,medium
Da’ts a beauty. Got sniped at auction with seconds left to lose [NAME] from this summer.,low
"I don't control the Lib Dems, shockingly.",high
Petition to smite BuzzFeed and Vice off the face of the internet for the bs they post Thank you,high
I hope [NAME] has something cooking. I wanted [NAME] back,low
Mom has a Buc-ees cup!!,medium
LN is flawed by design and BTCs limited on-chain capacity cannot carry mainstream LN onboarding.,medium
I find one at least one mermaid every 2-4 islands Sometimes 2 mermaids an island,medium
Your life must be miserable. That's sad somehow,high
"I love the thumbnail dude, but I’m already Soldier",low
No.. This dudes a little wack in the head,medium
Well that explains why [NAME] was able to win,medium
Yepp. I've struggled to hold a job so I'd be in trouble without it.,low
"Wait, what? Lol. Weak call. I'll take it. ",low
I like beating wales cause my friend is welsh and I like beating the french because I’m English and it feels natural,medium
"Oh, sorry bud. Didnt mean to be rude",high
Poison is usually physically damaging,medium
I wish for world peace!,high
Cheaper to burn the car,medium
Get through Hartford by 7 AM or you're going to assume you've died and gone to hell.,medium
"Damn girl, Stockholm syndrome is strong with you. All I can say is I wish you all the best.",high
"IMO, cheaters are only sorry they got caught, not because they betrayed their spouses and had an affair. ",low
Yeah she looks like a real [NAME]!,low
DELETE THAT SCREEN SHOT! NOW!!!,low
"Marlins: [NAME], OF Wow talk about a blast from the past. I don’t remember him being so highly regarded as a prospect ",medium
Does [NAME] do it telepathically?,medium
[NAME]! congratulations! and may [NAME] help you more!,high
"i just want emotional connection, im not missing out on anything as far as not having sex for sex's sake is concerned ",low
Understandable. Retail sucks and people are nut,low
I had a second date yesterday with such bad breath! I gave him a pass on the first date because we met online.,medium
That's what is so stupid about this. My dog gets dreads on its ass sometimes when it poops. Is that appropriation?,high
I love the neck movement at the end 😂,low
lol I was thinking the same hahah,low
Parents drugging their kids to prove a point. I love it.,low
Lol I do the same. Sometimes it gets stuck in my head for days.,low
"Welcome. By the way, so hyped for our game in September. DKR is gonna be rockin!",low
"Thank you! [NAME] is a character that means a lot to me, and it makes me happy that you like my portrayal of her.",high
And yet you're still not making me regret being a TV hodad when that was on and so missing it.,low
I'm sorry your trust has been that badly broken.,low
This is why I love Reddit.,low
Reddit university man. A hard and rocky road but it takes you places.,medium
No. Not the I. :(,high
"I really hope you won't have the chance to enjoy them because man, I didn't like them anything :)",medium
Robinhood & LibertyX receive licenses from New York,medium
"Not a chance, and I love it!",low
"We've been pretty good for the most part the last 5 years. I mean, [NAME] saying [NAME] betrayed him isn't ideal but could be worse. ",medium
"If you love the mountains, you should really check it out. The valley can get pretty smoggish in the winter, but usually it's beautiful.",low
This tweet birthed the thread that birthed the legendary “I won best burlesque of the year 2018”. Bless.,medium
KILLING IN THE NAME OF,medium
Omg i probably need to get mint to drop some truth bombs,medium
i dont know the system cause i never speak a word i have never had trouble with it i just wanna play the game,medium
"With the up and coming hit single ""I have a new Daddy every week"".",medium
Calm down or we need to call the Senate to take further actions.,medium
There's a user here that advocates for disarmament and authoritarianism. I've noticed that a new username pops up periodically with similar content/ views.,low
LETS GO WE SACRAFICED ALL THOSE OPEN THREES FOR [NAME] [NAME] TO HIT THE CLUTCH THREE,medium
Yes! Though I also do sofrus. Learning to write mezuzos and another megillah at the moment.,medium
Outdoor cats have less than 1/3 the lifespan of indoor cats. 5 years rather than 17.,medium
"I could believe it's natty transformation, just not in so short time-frame. Hence, juicy or time-frame is closer to 2 years.",medium
Wonder how much meth it would cost to get the dentist to give him a new tooth?,medium
"That’s about what ours is, but our rush hour traffic is horrible.",high
Did I stutter? [NAME] is [NAME] in sunglasses and y'all act like he is [NAME].,medium
I heard your dad went into a restaurant and ate all the food in the restaurant and they had to close the restaurant.,medium
I’m not sure you watched it.,low
I bet they're the kind of teacher that says something totally wrong and then power trips when one of the kids calls them out.,medium
"Tell me Homeless [NAME], what's the secert to long and beautiful hair? ",medium
Slightly obscure I like it. I’ll add crash.,high
Just don’t be born on a raped planet. Jeez why do you damned virgeens make such a fuss?,medium
"Cant agree more on the first part but for the last, it comes out too harsh.",high
MDMA makes me happily social. I wish the researchers would get on that one.,low
Which has me believing [NAME] will either be a package for a pitcher with CC’s recent health issue...or he will stay and switch positions.,medium
How much money did you find exactly? If it was a lot then you probably took their cash and the bones were left as a warning.,medium
"Thanks! I was actually considering that myself, but I'm scared that I'll just start rambling about it ",high
"Play dumb all you want, you know what that has to do with it.",high
We'd never lose again with him giving the crazy eyes to anybody who makes a mistake.,high
Holy shit I didn’t realize he didn’t fumble all season that’s wild,high
Good thing I don't watch porn lol,low
Yeah... THEY are the one looking for attention. This type of comments should be ignored. I hate troll comments.,low
What real things pop out of existence because you stopped looking at them?,medium
I don’t understand the point you’re making sorry,high
I'm so hyped to see this mitchy and matthews line,medium
"Sorry guys, accidentally sold 10,000k",low
You have no recourse. You can always start your own fb group if you'd like.,medium
Note to self: Stay off political subreddits while eating.,medium
I both loathe and applaud you,medium
"i love [NAME] and [NAME] so much, but... [NAME], my dudes.",low
"Yup, playing in to his hands now. If you link all his comments then you legitimise his complaint about stalking.",medium
"Yikes ... that's a bad one. Thanks, and good catch.",high
I'm surprised he survived the primary.,high
"Hey, [NAME]. You still with the mafia?",medium
"If by ""better"", you mean ""more fun"", then I'd go with the second one. <smile>",medium
I want to see the human equivalent to how happy this dog is,low
"IMO 90% of articles on the internet, or in newspapers or TV news, are placed by PR firms. Only children don't know this.",medium
"Oh my [NAME], thank you. I thought I was going crazy for a moment.",high
"If you're more concerned about a potential person than an actual person, you should get out of medicine. You aren't qualified.",high
"Also, they ruined Top Gear but that’s a whole other issue.",medium
[NAME] and [NAME] for Trout?,medium
Yes. You fucking troll me every time. Fuck you.,low
. The only thing that matters is that [NAME] was murdered and those responsible must pay.,high
Bah gawd that drop step fake pass turnaround jumper is [NAME] move! They really love each other!,medium
My understanding it was a simply banking error,medium
This is his 2nd marriage that he has cheated in. She refuses to see how much of a snake he is.,high
"[NAME] is a fantastic player, but would he be a regular starter over at Juve? He needs to stay at Arsenal.",medium
"I mean... it's horrible and all, but isn't it also a record high every year..?",medium
Good luck with ur sales. Get an ig page going and backpack off thugpug hashtags. Be a lot easier then on here.,high
MD will add it soon too. Too big opportunity not too. Casino everywhere. Add good growth to Maryland area,medium
"Which totally makes it less funny for a person like me who has never seen this before, and laughed. ",high
[NAME]. I just want you to have a great stat day.,low
Omg [NAME]! One of my favorite bb players,high
"As a democrat, even I am afraid of a super majority. ",low
Why all the downvotes? It's a fucking pizza thread?,low
It’s a terrible thing when someone who doesn’t let themselves laugh has a reddit account,low
I actually like the progression of the [NAME] story. I think he has a chance to have a fantastic arc between FC5 and New Dawn.,low
"Do it, and then post pictures. We're all counting on you!",medium
You actually seem like an abusive alt yourself.,medium
lmao i love [NAME] what a legend somebody who really doesn't care what the public thinks i wish i could be like him,low
Unfortunately I’m not a military man,medium
You’re killing me. Let a brotha know next time lol,low
Maybe write your own music and it won’t get taken down.,medium
She wants to be [NAME] so bad...,medium
Actually the Bills’ current uniforms make them look like the 1980-1999 Giants,medium
But at least you could Get to [NAME] more quickly.,medium
The lake is steaming! The water is way warmer than the air,medium
"I mean hard to get If you don't have These mental problems, I got some from a friend and they are very useful to stop trips ",medium
Reminds me of the Shell Gas Station Lego set my grandfather got me as a kid. 10/10 would build again,low
Tan woman here. I can see my boob veins too. Kinda cool to trace the lightening strike,medium
I mean you're calling [NAME] a face... So...,medium
[NAME] please don’t come to the USA. We’d love to have you...but you don’t need to deal with this.,low
Now there are two of them!,medium
No we don't. A small amount is imported into Ontario. The rest of Canada is long or balanced.,medium
"Welcome home, and welcome to the front lines!",medium
honestly surprised i havent lost power,high
I can shit on [NAME] and [NAME] as well if you'd like ;) Viva [NAME],medium
Ugh this moment really had me crying lol just hearing him remember all the good I was like WHY,low
[NAME] has not played under [NAME] for a single day of his career.,medium
"This is a great coming out, I also which it went this well for everyone 🏳️‍🌈",high
"Wow, I had a cousin named [NAME] who ordered corn. Very nice lady, she died 2 years ago. Miss her xoxo",low
Good. Now all that is required is that people don’t show up.,low
He now looks like his daughter wearing a fake beard.,medium
I'm also a human being but I can't think of any reason why I would physically hurt a woman.,medium
Let him know a stranger from Reddit thinks he's an idiot,medium
"Well, glad I could help. Have a fantastic day and don’t let the straights scare you away!",high
"[NAME], you're back! And still posting the same old editorialized political garbage, I see. Some things never change.",high
You're right. I forgot more Democratic seats were up for reelection! Thanks!,high
"Never remove an object larger then a nail if it gets stuck inside you, that’s a job for a doctor",medium
What did he say about [NAME]?,medium
Now THAT is a murder by words!,high
O no shes gonna go after mandy,low
"That's not the plan. If it were, the backstop wouldn't be controversial. The plan is divergence.",medium
Who has the skills to turn this into a fight seen? Maybe ninjas or the 7 dwarves,medium
So excited to see the man again.,medium
C-USA when it had [NAME] was pretty awesome.,low
Also I've heard she owns a bag.,medium
Thank you for making me spit out my coffee at my computer. This comment hit home for me. XD,high
Oh hi there stereotypical psycho right-wing tabloid sound bite.,medium
This joke hasn't really worked since the 11th Century. Even then it wasn't that funny.,medium
I lowkey love the chicken and waffles from longhorn chicken. It’s a food truck in west campus.,low
Amen as I dump mine this year!,medium
That host's sense of superiority and childish sarcasm is so terrible that it physically hurts.,medium
I believe that's the first game winner at the buzzer at home in Raptors history,medium
I believe he means he was a very pretty child to become otherwise after puberty...,low
I don’t go out that way much but even [NAME] is killer if it’s slippy out.,medium
Stop believing everything you’re told.,low
"So many. [NAME], [NAME], [NAME], [NAME] (with her eyebrows), [NAME], [NAME], and [NAME] are some of my favorites. ",low
"Can always join the discord and submit a vod, would still work!",medium
I just saw a post above this about people getting offended by jokes too easily,medium
"Found the guy who has no idea what's going on! Downvote me all you want, you'll never take my memes!",medium
I'm 39 and still love being given chocolate.,low
They'll be healthy for the rest of their lives. It just might end earlier than most. /s,medium
yeah because 10 days ago [NAME] was still playing dumbass,medium
Oh my gosh she opens her gullet like a freaking pelican!!!,high
Really not sure how that’s your takeaway.,medium
"I like Simmonds, but I feel like he will command to highball price to pay for someone who will sit on the 3rd line.",medium
I loved [NAME] so much,low
"I'm concerned for my fellow redditor. You seem to not be feeling well, and hallucinating. Shall we have a mod come check on you? ",medium
"It’s way too broken, anyone and their dog can use it.",medium
When I get real pissed I just do R2 then R3 after lol.,low
[NAME] went from feeding [NAME] wings on Friday to feeding [NAME] wings today and nobody is in there to fix the stream,medium
It doesn't add up that a person who was receiving threats took actions to stop receiving threats?,medium
She is still a billionaire. I guess stupid Tweets are going to bankrupt her?,medium
"Although these are seemingly overpriced, yes, I adore these pieces.",medium
We didn't screw it up!,medium
Tbf it does look like it clears the net,medium
Definitely not. It would be so boring to have no chance year after year.,medium
Why am i reading all these different,medium
"Thank. Regardless, the fact that you can stay at 1mg kpins is fantastic",high
"These look fantastic. Please go and work for the Suns, they need you more than they know.",low
Lol thank god someone else thinks this. There's nothing overly premium or innovative about the Elite controller.,medium
Happy day! Five years from now you will be a top ten player in the NHL.,high
"Come on, New Day! Make it finally finally happen, [NAME]!",medium
"He can barely speak, but he still pulls off the perfect ""yaaaa [NAME]",medium
Nice to see a rare court case involving a meta-human.,low
Whoa! Very impressive. One of the better photos of Brisbane I've seen in a while.,low
It’s very unlikely that they charged the rider again.,low
"As someone who went through school before the internet existed, yes, weird creepy kids existed. Although it was more in your face. ",medium
I can’t believe he’s playing the live action sonic the hedgehog,high
Which is exactly the point capt obvious.,medium
That’s a new level of blonde I never knew existed!,high
"Nah, I knock on the door from inside, or the wall, or tap the floor, seems easier",medium
"He loved Diddy Kong Racing, that's the main thing.",medium
So you just don't believe we should have non-profit organizations. I guess that's consistent at least.,high
"Reality is often disappointing -TPUSA, probably ",low
Looks like the other driver to the right was predicting that to happen. You can see the brake lights come on the SUV.,medium
A little girl recently died because her parents refused to get her medical treatment and insisted [NAME] would heal her.,high
"Thanks, but please use the stickied megathread for all discussion and submissions. Repost it over there.",high
Makes it a lot less stressful tho. Regretting staying up this late tho,low
OK. How old was the father when you got pregnant?,medium
"Assuming it is manufacturer defect, sure. A lot of times, it comes down to the owner not properly caring for their gun.",medium
That’s amazing. You’re all amazing,low
Thank you. I guess im just finding it weird how she lost interest. Ill definitely be taking your advice,high
watching [NAME] play after quite some time. She has lost insane amount of weight! Did this happen after stabbing incident?,medium
"this actually made me LOL, thanks",high
Seriously. A lot of small businesses especially rely on federal work. I hope this gets solved soon.,high
"Nope. This is shown with [NAME] spider-man having reversed version of the Raimiverse spider-man, a la the upside down kiss having [NAME] on the bottom instead.",medium
"Except [NAME] was actually extremely disruptive in college, and has some great film. [NAME] just doesn’t ..",medium
"You can cross fuck off, its 10f all winter in wisconsin.",medium
Exactly!! I wish she would cooperate to plan appointments like this.,high
"Doesn’t matter if it makes sense, as long as the libs are mad you can say it",medium
That’s exactly me! Remembers all important conversations. Also me: what did I do yesterday?!,medium
Why was the discrimination and ghettoization of [NAME] prior to their extermination legal? Because legislators sometimes don't care for morality.,high
lol it’s pretty tame compared to r/Titlegore,medium
[NAME] looks like a [NAME] with short hair. Bring back the mane man,medium
"Raw, unfiltered athleticism...whoops wrong player *puts down [NAME] player card* A real hard worker...could date the coach's daughter",low
Not censoring usernames is against Reddit’s rules...,high
It's fucking incredible how many people would like you if you would just make eye contact and smile at them. Fucking incredible,low
"Do people really use the phrase ""my kid is poorly"" to mean sick? The grammar in this post is really bothering me.",medium
Must be so frustrating having the wrong old man facing their own shutdowns.,low
Im sorry dude. Drumming Octopuss.,high
To be fair all those things actually help prevent/alleviate depression. Smelling like flowers doesn’t turn you into a woman.,medium
Lol Jets Skills Comp got taken down due to Copyright,low
I don’t believe the mislintat or the big joke parts,medium
"On [NAME], the allegations and the final result were very different. If I recall most of the complaints substance was rejected or disproven.",medium
first of all calm down. second,low
You need to look up what flaming is. Don't get offended just because I'm calling out 14 year old boys like you.,high
Would love it if [NAME] showed up as church lady and played a solo on it.,low
no your are disrespectful at least i pay my respects,high
"sorry fam, but this is a repost on this sub as well.",low
Idk I sort of loved seeing rich kids get stranded on an island with nothing but retired 737s to get them home.,low
My grandpa does drive this way.,medium
"In recent news [NAME] hangs ""funny clown magic man"" for sorcery and disrespecting mother Russia. ",medium
"You would though wouldn't you, its not as if he was worth keeping around, disposable DA,",medium
"I'd give them a first, but they have to retain salary. You know they'll just destroy that first round pick too.",medium
"Another thank you, this is great info.",high
**Takes away membership card* HOW DARE YOU SIR!!!,high
You're getting downvoted because every one of your comments is condescending af,medium
Hey I hope you know you’re still important and loved even if you may not feel like it at times. You’ll be okay!,low
Is her fake chin totally to the right of where it should be here?,medium
Keeps going tho. Kids got heart,medium
"It's hard for me to switch between english and spanish in the same sentence, sorry I'll try to improve in the future",high
"Do You Realize, by The Flaming Lips. But it's not really ruined because we ended/still are on good terms. It just kinda makes my heart feel heavy.",high
"And you're a lame, sorry not sorry ",high
"You’ve described some states in the South, like ",medium
That may be true. I was just pointing out that the logic of an appeal to nature is fallacious,medium
it's so funny how the mods in that sub behave in comparison to the mods in this sub,low
Well poops. My friend and I want to wander and look for such things but we can't. Boo!,low
You can start your life over any time you want. I think the secret is to not let failure keep you from trying again.,medium
I thought Detroit or Oakland . . . and both have fantastic areas despite what pop culture might lead you to believe.,low
"Morals aren't tied to religiosity, nor the absence of it.",medium
Good pick. I love Dream to Dream from the sequel Fievel Goes West.,low
Your teacher was pretty cool for calling you snoopydog,low
We have had luck with a ok to wake clock for quiet time! May be worth a shot.,high
Bruh you don’t belong here,medium
it’s a sensitive topic and she probably took it as if smelling bad lol. i’d just avoid saying that,low
[NAME] and [NAME]. I can't stand them,medium
"i disagree with that, you cant say everyone in the country does that, you dont know every [NAME] and their entire life stories stories",medium
I just want to be alone in a cabin up north near flagstaff.,high
Or how big shoes he has to fill,medium
Hahaha the first fall is the best ha,low
What happened in his personal life? I know he had a bunch of head injuries; is there more than that?,medium
I started seeing them a few days ago and I haven't seen them before,medium
Danggit. Im mad i didn't think of that,high
"Just saying he could of said maccathy, kingsbury, or caldwell was his favorite. [NAME] had choices.",medium
Also the least satisfying answer but probably true haha,low
That was the initial spin. They said the Covington kids were harassing the four young black men that were discussing the bible and oppression.,medium
I’ll do that. Thank you,high
"Their album is awesome, too.",low
Didnt even know that was a thing.. yeah well ill probably never be a public figure so it doesnt really matter i guess lol,low
"This is a good change. I've heard too many sad stories on Tinder about this sort of thing, looking for a way out. ",medium
"Well said, hope more and more people continue realize this and discover/take-back their power!",medium
"Nah, my comment stands. Poor effort. ",medium
Its onky been 6 years i think you read the second line,medium
"It's amazing how utterly lacking in self-awareness this sub is, that it can upvote this without a hint of irony.",high
He's practicing difficult shots too much thus loosing a feeling for easy ones.....,medium
Thank goodness she came clean! no one would have ever suspected otherwise!,high
"One of my favorite post fight moments, [NAME] is a funny guy. ",low
Curious as to why he's been passed up so many times now.,medium
So? Many people don’t resemble their parents.,medium
AND THEY ARE REALLY ANNOYING WE MADE FIRST CONTACT 30 YEARS AGO AND THEY'RE STILL SENDING US TERRIBLE MINION MEMES,high
I have a religious friend who i agreed with early on that we could make fun of each other's beliefs/lack of. We're still best friends :),high
What does “I moved on her like a bitch” mean? I never understood that line,medium
[NAME] crossed his arms and you are ready ... just do it the way that he sighed and slumped down in his comically oversized high back chair.,medium
I can’t figure out how to PM you but I have a question about something on another post. Mom of 2 here. 😂,low
That would be zero Just wait to see their coverage of the March for life.,medium
"I'm happy that you got the [NAME] back, some people just don't have respect for others and think that they and their kids deserve everything",high
"Each Dark Souls game has been voted ""Most Likely to Result in Controller Damage"".",low
I miss the confetti cakes :(,high
Golden road is the only place I can think of off the top of my head,medium
"What a disgusting pair of human beings, if you can even call them that",medium
It is. I bet chantex and all the other 'quit smoking' companies hope this book doesn't become too popular. That would cut into their profits.,medium
"No, that's how you find the nurses who work at Vanderbilt Medical Center",medium
I know it sucks and it isn't like it's a new perk multiple swf probably all have it by now,medium
"Thank you UsurperRebellion, very cool!",high
I would play the fuck out of this game,low
"Nurse here! There is no way they would ever relocate me to another hospital because of demand, another ward yes, not another location entirely!",medium
"That is really valuable thank you. Supplying stats definitely will help my writing, so thank you for the feedback",high
It didn’t come out. What you say!?,medium
I wish I had been born there :(,low
"Oh cool, the new sign is up :) ",medium
People are disgusting and insane.,medium
Looking good!!!!!how are you? woww you are a treat...😉. Cute body :).,medium
old ladies are so wholesome,low
Looks like you've never been to Paris! The worst toilet in UK is cleaner than Paris.,high
"Do I make you ornery, baby? Do I?! Ok.. Yeah, I probably do now..",medium
I hear you buddy. I rage so hard my jaws lock,medium
"My bad on the terminology, see my response above for some of my thoughts / concerns related to the presence of 2-chlorophenol",medium
You have sound advice. Thank you. Another issue I have is this is an entire state away from us. A minimum 4 hour drive.,high
you made me think I was in the dbd subreddit with that statement idk why,medium
Mr. [NAME] is basically Wow,medium
that's weird... playing Smash Ultimate usually just makes me feel like drinking.,high
I like this new trend,low
Convinced me...now let's trade [NAME] for [NAME] and get back to the SuperBowl,medium
I'm glad you're safe - but don't feel sorry for him. He knows what he is doing.,high
"Best time to stop lurking, you know why? So I can see your handsome face ",medium
The likes of [NAME] utter genius cannot be fathomed by mere mortals,high
not really but [NAME] has written many interesting books on the subject.,medium
"Surely hope so, buddy. Surely hope so.",high
Reading this made me happy and I don't even know you. Keep doing your thing!🙌🏼,high
[NAME] is such a legendary daddy 😩,medium
Thank you.. Yeah if she just want to talk she is definitely wasting my time.,high
Maybe check the song title one more time chief. Love the song tho. Also today’s a Scared of the Dark kind of day for me,low
I do that with my boyfriend. We can room together on school field trips and sleep at each other’s houses without suspicion. I love it,low
Sources suggest some very shady characters agree with you OP. What do you have to say for yourself?,medium
"hey, everything's okay right now? ",medium
"The wage, you Fucking troll. But you don't care do you? See your post history.",low
"I had a nightmare about something similar, the combination of high walls and water is truly scary",low
i've never been baby crazy but goddamn if i'm not always craving an adorable puppy in my arms 😭😭,medium
I do to! We all heard a huge crash and bang and I ran over expecting the worse. Was truly a miracle,medium
Box up all his stuff and put it outside the door,high
I feel this but I also sympathize with mentalcels because I’m mentally ill and it makes me feel even worse.,high
Because love is a lie and there is no happiness in the world,high
this was hard to watch but i’d take it over the grungy redhead talking about her full tummy 🤮,medium
I do enjoy my lawn. 😁,high
Pistons need more picks and less aging players. Get as many picks as possible and hope to get lucky.,high
"They gonna be some big books, don’t you worry. ",medium
Then she is just passing her bad habits forward.,medium
It gives me hope as well!,high
"I.e., you don't know what socialism is and what it strives for.",medium
"Suddenly, a loud audible groan from every structural/civil engineer in Maryland that now have to deal with that bullshit :/",high
"Awesome, that's super good news :D",low
Gulags... Brexiteering. The mental condition where delusional and psychotic thinking occur simultaneously.,medium
I hear ya. I got instant Sapphic feelings as soon as i enrolled at university here.,medium
I wish it were. It would be funny to imply that [NAME] won [NAME] shirt!,low
[NAME] forbid i love and support and show that support and love for my country apparently im racist now...,low
Too bad it's the wrong kind of blows!!!,high
"Then he should have had his head up. This is hockey, not figure skating. Great hit! I miss that kind of contact in the game.",low
"Oy vey, [NAME] 🗑 is gonna be *pissed*!!!",high
Your brain is confusing itself. Try not to think about it too much. It's.. real weird to consider.,low
"Only the [NAME] do so. The rest of us have been exasperated with him for months, at least.",medium
-Port will finish bottom 4 -[NAME] will be a massive let down -[NAME] will win the brownlow,medium
Just don’t buy a sports car and you’ll be fine,medium
I have decided to put myself first and see what happens ... some day things will be amazing,low
Oh would you look at this....,medium
Over 9000 IQ Tracer. Cheers love.,high
Tbf if i saw my friend basically sawing himself in half id either vomit or faint,medium
"Perhaps not a mainline souls game, but you can't deny the similarities to Soulsborne games. It's basically an iteration on the formula. ",medium
That POS was a hot piece of garbage when they popped the badges on it and rolled off it the assembly line,medium
Credit? For what? Using an old Soviet tactic to insult the church? For encouraging people to kill preists?,medium
"I actually heard [NAME] inviting [NAME] and [NAME] to be on her show, after the interview with [NAME] ex wife.",medium
Would destroying the business bring them both closer together?,medium
Explains why I couldn't connect to their forums.,medium
"LeT mE kNoW wHeN a CoAsTaL tAiPaN sHoWs Up Poor country bumpkins, gotta gatekeep *something*.",medium
"Mr [NAME], tear down this thread!",medium
"Same. It's rare we get rain, might as well enjoy it. I sure did during yesterday's hike.",medium
Right? I hear too many horror stories of people ordering online and not getting the copy on the release date. I would be so pissed.,high
Right now I live in a medium sized one but I have lived in a big city for a couple of years.,medium
"Thank you, I know my OHIP Is up to date as I have my health card in my wallet and I updated it myself when we moved ",high
Take some time to ponder why you fancy yourself intelligent when you revel in pedantry and can't even understand such a simple point.,high
a really cool acrylic painting of this same picture!,medium
I know they finally gave Return of the King best Pic but my favorite out of the three was Two Towers. They are all great though.,low
"LOL. The one in the bed, when [NAME] is walking in with the candle. It was just awkward. ",high
The pass to the wide open [NAME] ?,medium
"Nothing against bartenders at all. Dumbass people like [NAME], I make fun of because I can.",low
Oh this is that one he posted a while back with the dinosaur and flowers 🤢,low
Right? I was kind of hoping [NAME] would get to take a crack at it.,high
"This time next year, this game will be praised. The current installation will be ridiculed in its place. Its been this way for years ",high
Sometimes you just have to laugh.,medium
OmG is that Jogfrey StirS UnicORn BlOod?! 😍😍😍,medium
Why is [NAME] still getting minutes? He is probably the worst player on this roster.,low
"Alright thanks ill try, (but thats like dark souls on ng 100 XD)",high
American democracy is weak but it's not dead. If the intention of your comment was to discourage people from voting then you are the problem.,high
The surprise would be that we just broke a 16 year old record...,high
"[NAME]: ""I'm a better mother and spend more time with [NAME] than most working women spend with kids."" Talk about delusional.",medium
He'd hate me. My standards are even higher.,low
"[NAME] was nowhere near them, he was by the Falcon. ",medium
The Young turds are especially bad and they’re not even sly about it either.,medium
It did put me off at first but after you get better with a weapon it becomes far less of an issue.,low
Yeah [NAME] is actually really cute and nice but best boi and best girl goes to [NAME] and [NAME]. Just kidding. [NAME] all the way,high
There is always the risk of a team throwing him a stupid offer sheet. I still wish we would've thrown a max at [NAME].,low
So You're going to become India... Because immigrants... Dude... If you got nothing just say so.,medium
You are an amazingly strong person!,low
"I made my own sauce for chicken dishes this week, I am happy, LGD",high
"Let it flow through you, become empowered by it. ",low
No I know. This group has been mostly helpful. And the rude comments were deleted by the mods.,medium
Welcome. We eat our own.,medium
" No one makes that argument, though, except strawmen invents by the right. ",medium
WHO WON THIS FIGHT My thoughts: neither side did a good job at explaining their positions and this entire interview was mostly useless,low
I don't know why anyone would willingly live in an HOA.,low
"No, just act surprised if anything comes of it. ",high
Thank you for posting this. I never heard this particular interview before.,high
do you even need to ask of course we need to support her if we dont who the hell will?,medium
What's [NAME] day job because I know it can't be a therapist or talkshow host.,medium
I understand now. Thank you for your thorough explanation.,high
I still don’t understand what did [NAME] do? Lol,low
Feeling your pain. I was laid off due to our department closing the week after Thanksgiving. Good luck to you. Stay strong.,high
Poeling is looking like a fkn stud. Imagine our C depth next season... [NAME]... holy fuck,high
Did they give you a warning first?,medium
Addressed this elsewhere but I was mistaken. Thanks for the correction.,high
"[NAME] could rebound and still be overpaid, depending on how hard he rebounds.",medium
Such a great movie that kinda gets overlooked.,low
I’ll be there later this year. Can’t wait.,medium
You should have said “might even have enough for a minute” u would have downgraded this to “terrible pun”,medium
"Discuss equality, be labeled troll. Good bye. I am so disappointed. In humanity.",low
I don't think my town has a market.,medium
Do they not remember the SRO who responded to a school shooting returning fire in under a minute.,medium
No if we tell and kick and scream and have a tantrum that always works.,medium
"Not OP, but this is a really great response and I'm saving it on my computer for a rainy day. Thank you.",high
Nope! It doesn't matter how stupid you were being.,high
Can you adopt me? I’m after those bones,medium
I just saw a snot nosed brat eat a croissant on the subway and got crumbs all over and the snobby rude mom left like nothing happened .,medium
Your pedo-tache is only the fourth worst thing about your face.,high
The Get Shorty show when he subs in for the guy at the table reading and destroys everybody with his skills is so good.,low
"That's all good, thanks for commenting.",high
"So if she tones down the intensity and controlling nature, would that change how you feel?",medium
I'm on my legal age and he's my second partner. I wil try to find more about it...,medium
Looks like you got it bad. How soon till you can get out on your own?,high
I know your not serious because your not looking whole corpus Here’s unique ones only found within [RELIGION] tradition,low
There is... use a credit or debit card.... lol it hits instantly I just did it literally last Sunday,medium
"Long hair for guys should happen more, it looks cool *and feels nice too*",medium
It’s legal in TX but with restrictions. Traffic has to be moving slower than 15mph and the rider cannot exceed 30mph,medium
"Last game I think someone said it well, ""[NAME] like a toddler in an NBA Pro's body. ",medium
"Happy cake day, just in case",high
"Misleading title, his administration cut all programs using fetal tissue, not HIV stuff specifically. Still sucks though.",medium
[NAME] will find his form again. I’m keen to see him link up with [NAME],medium
I laughed harder than I should have at this reply. Then the sadness hit me when I realized it wasn't meant to be funny.,high
the negative connotation of eugenics is allowing dysgenics which is a far worse fate for humanity,low
^ And another baby bear. Prepping for a new propaganda assault?,medium
going to keep that in mind for the next time [NAME],medium
The only death that made me feel any emotion. And it wasn’t even the death itself.,high
What song is playing? It's so familiar but I can't place my finger on it,medium
"[NAME] will be gone. Although I think end of the first is where he should go, he will go super early",high
Because the false accusation makes my anxiety worse,low
"Hang on, I'll see if I can find them and then I'll get back to you. :-)",medium
Everyone calling you out but not if you’re right,low
"Haha, well it sounds like its done too good of a job!",high
"Wow, automated can collection is news in 2019? Literally have done this for a decade minimum...",medium
I gave up on the show over and over before I adopted 'just skip around'. Ended up finishing all of 3-6.,low
most of the time i have my phone in my hand so i can always look there when walking past people gets too uncomfortable :|,medium
"Just curious, people keep saying fire [NAME]. And then what?",medium
Is this the best that you could come up with?,high
I find sativa makes me paranoid/anxious as hell. Indica calms me down more. Smoking too much of any strain makes me anxious by time though,low
[NAME] with the beautiful backtap,medium
My error has already been highlighted thanks.,high
Whaaaat? I thought it was a perfectly normal childhood disease that posed no threat whatsoever! Why is she scared?,medium
Awesome. Never get sick of hearing stories like that,low
Loving this guys game. So much more confident as the team lead,low
That's how you can tell she lost consciousness: zero muscle tone.,medium
I ahead and report this jerk offs!!!!,medium
"I'm a university student and even though I have a job, I'm going to find out about this at school. Thanks for the tip!!",high
I'm a cis woman and your wardrobe sounds like like my ideal fall wardrobe!,medium
Let's us both hope you will be losing it come by the end of the September then... LOL It would be freaking awesome if it happens.,low
"Hold my wine, I have to go vomit in sorrow. ",high
Its a bit weird of them to recommend you a song by The Strokes after they told you their offer,high
"[NAME] and [NAME] not being signed yet is getting on my nerves, am i alone in that?",medium
There's a difference between rights and law. Stop conflating the two.,medium
"If it were food, it wouldn't be made of warm. 11/10 cat logic. ",medium
"Wow dad, you took a baptismal for me",high
I'm cringing for you. Good luck in your future after this.,high
Marketing! That’s a great word to describe what they do.,low
This is the best one yet.,low
"Hello from America! Tell [NAME] I said 'hello,' as well!",medium
I’m legit cracking up at the landlord part,low
People who don’t want to own houses,medium
Haha that literally made me laugh out loud OMG I'm still dying. Take this upvote man. Well deserved,high
Mad at [NAME] for what she consensually agreed to,medium
I would agree. It's unfortunate and brutal in its content and in the responses in the thread,medium
"Don't worry, I'll sacrifice myself. Hey u/hellseashell, come over here. wants to call you a piece of shit.",low
I hope that the talk goes ok. Though with these justno's it may not. I'm glad that you are prepared if it goes south.,high
*[NAME]* has some weird guerrilla marketing going on.,medium
Threatening to drive your sisters into the ocean is illegal. It's called making a terroristic threat or menacing and can cause her to lose access to your sisters,low
That's the only way us [NAME] can successfully learn the hardest language in the world. /s,high
My partner and I have 17 years between us! Best and healthiest relationship I have been in :),low
I can’t tell you how much I appreciate it. <3 Thank you.,high
Wow and shes fine to screwed people up ?@ wow are you sure from this story though?! How did people add thos storey up ?!,low
We also one because [NAME] straight took that game over late.,medium
I've isolated myself to the extent that i only focus my energy on myself/work.as lonely as it sounds its been such a breath of fresh air.,medium
I thought you and the other person meant turtles. Which really confused me,low
"Result of ""I have camera so I'm invincible"" syndrome.",medium
"I don't, I think this is great. The more they disbelieve media, the more it hurts them.",medium
"I almost downvoted you, because “Boooooooo!”",high
"Beyond that, it affirms the idea that discipline and habit exist for as long as you maintain them, which I find kinda funny. ",low
This makes me feel so much better about the things I’ve done that make me cringe.,medium
Ah I didn't know that. I meant this [NAME] ad:,low
"EZ CLAP This is for kids, try doing this:",medium
"And I thought we had 50, *five-pointed* stars on the flag?",low
She births the antichrist and has to fend of the demons trying to abduct her baby,medium
"I love how nobody posting here to decry the buzzfeed article is using their actual accounts, they’re all throwaways. Cowards. Just like your felonious President.",high
"That’s normal for girls, lol.",low
I for one am happy for [NAME] ballin out. Now let's go win this game !!!!,high
This happened at my local Odeon last night. The amount of confused faces was kinda funny to watch.,low
"Vegans are [NAME] because the [NAME] were all about showing empathy to others that were different from themselves, the central tenant of veganism.",medium
[NAME] faults during his playing days shouldn’t define his coaching ability.,medium
Yep... I'd vote to oust these mavericks as well!,medium
Yeah that does not mean anything It’s a wallet that they have been using with another exchange and they use it to send money to you.,medium
"Ah yes thank u, now the image is very funny",high
I legit saw 3 people with that kind of hood on today,medium
"I doubt I'll ever own one of those, I'm a bookworm and I love the smell of old books. Thanks for the info, nonetheless.",high
I am. I do! You're welcome.,high
Take the child from them! Wtf? Theyre so dumb. You always secure the kids seat!,high
"Thanks dude! I do best with the ice, swat and maddox",high
Okay I can see this looking really cool for a festival or photos though 😄,high
She probably knows but is ignoring it. Lol,low
Damn you two need help,high
[NAME] and [NAME] did alright together. They were both disappointed with the outcome (initially at least) but Under Pressure was a huge hit.,medium
"Thanks, i have to wake up early tomorrow ish.. i cant now but if i think of any other questions i will, ❤",high
Yeah I would regularly find Steelers Fans. Dunno if that demographics been changed. Oh yeah we have a lot of Cowboy fans too.,medium
I agree a congressional library of excuses already. fella should try to hit the trim asap and get over her asap,medium
...Great. Hope your insurance doesn't fuck you.,high
You have no responsibility to your ex’s feelings. Do what makes you happy.,medium
Have an interview in 11 hours and it's after 2 AM bet LETS GOOOOO,medium
[NAME] is in no way comparable to [NAME]. [NAME] is an imbecile.,high
But how can a [NAME]?,medium
"Thank you, this makes a lot of sense. I know i need to trust them and not try and read behind what they're saying... ",high
Kleber 1 on 3 doesn’t matter lol,medium
All of troomtroom videos on YouTube are this odd and unnecessary. Some even more so. And their thumbnails are interesting,medium
Thanks very much. I'm off work in a week or so. I know where I'm heading!,high
"I had a big omnibus edition. It was great, but a good 4-5 inches thick!",low
I guess [NAME] has something he wants to tell you,medium
"I'm already tall, I just need to stop being a lanky scarecrow... at least I got good hips",high
I came here to say basically the same thing. Too much talent and positional flexibility to have a standard lineup.,low
“Do you guys actually disagree with the idea of taking [NAME] constitutional rights without due process” [NAME] -signed a gun owning lefty liberal,high
The age of consent is 16 in Massachusetts. Unless they’re sending nude pictures he’s not doing anything illegal.,medium
Imagine if [NAME] had got a service fault twice on match point?!,medium
Haven't been able to watch tonight and just saw the score. What is happening?!,low
I was too busy catching the pokebugs!,medium
Is there a university in China? Are we in 5019?,low
What about protecting the innocent child who was raped and who you would force to go through with a pregnancy and childbirth which would risk her life?,medium
"It's really baffling, they had the perfect template with the Master dialogue in FO1 but they manage to completely butcher it.",medium
hahah if only he had reddit,low
"Only when going to sleep, already seen them all way too many times...",low
I would totally park in front of their house. They have as little right to complain as you do.,medium
"No, you are just suggesting someone be at the ""perfect"" level of looking for a relationship. Suggesting someone be the perfect anything is just sillyness. ",medium
It's alright. This is just an unpleasant memory now. Kind of rude of your brother though!,medium
It seems some people on here don't like us disrupting their echo chamber.,medium
I used to love to mix addys and Valium 10s though lol!,low
I’m proud of you. First few days are among the toughest.,low
I like [NAME] as a person I just don’t want to see or hear any sexy times between her and [NAME].,low
I don't really understand what they are even proposing or how realistic it is to implement. It just sounds like empty words.,low
And it’s only 100 degrees with 90% humidity.,medium
first time all season im kind of not thrilled with [NAME] post game talk. I wish he would have addressed the PP.,low
. . .k but it's unlikely since unless you're a liberal and a woman thinking emotionally often shouldn't be a thing.,high
Doesn't make me tired in the slightest. It makes my joints scream though.,medium
"And [NAME] himself wrote a tearful, pissy PM to the commenter ",medium
"Everything can be turned into a fetish, why right now someone could be jerking off while watching paint dry. ",medium
"Great, about to rewrite my many ToDo lists",low
"You may have to a coding bootcamp. Bad news is its not in your house, good news is I hear they actually work",medium
Dude you don't know what I wanted. [NAME] was very clearly a generational talent.,medium
I unfortunately can not afford a lawyer. Luckily the only thing that we shared is our daughter,high
Is this coming to ps4 at same time?,medium
Haha. Dried fruit is partially how I got fat again.,low
"Hm, my info may be out of date. It would be cool to see them manage good mobile support for MTG!",medium
[NAME] claims to have only loved [NAME].,medium
but she got kicked out of japan and isn't allowed back bc she violated her visa lol edit- also no one in japan want her,medium
It's bad enough when the Jocasta syndrome is one-sided. This is a pile of yikes.,medium
This isn’t really new... or at least isn’t a new idea. Has it just now been shown in research?,medium
And you assume they are part of the dominant culture because of the color of their skin. That is self evident racism.,medium
Nice man!! Wish you guys the best. Here I am FA again after a 2 1/2 year relationship ended lol so enjoy it while it lasts,low
No way dude. The Wilpons’ are so cheap that the Twitter guy is also the contract guy. (Was that a good Twitter impression?),medium
I didn’t know I could roll my eyes this far into my head,high
"Cool, but what's your point? You gave some context without really saying what you think.",medium
Whoever the mod is that removed this needs to rethink their priorities.,medium
All ur damage should have overflowed.. So just choose the best looking one.,low
"I read ""Driscoll"" as as ""Discoroll"" and assumed this was in NC.",medium
Yep. No better birth control. It's almost comical. If only it were happening to someone else...,low
"Hey, take that grade with all the pride you can muster--no shame in being happy for an accomplishment! Congratulations!!",medium
"Oh man, I just realized my city taxes are paying for [NAME] nonsense! ",low
thank you for your consideration but i like both,high
"gotchu lol, in that case sorry you got downvoted to hell for this lol",low
"I, for one, am glad you didn’t. Happy you’re still with us ",high
Oh man... my grandparents on both sides of the family have passed away and it was tough... we’re here for you,high
Make sure your Cats are in a safe and loving place.,low
This is dank what the hell,low
"No [NAME], and [NAME] back on the left. Finally. Please take this chance [NAME]",medium
Waking up covered in blood is terrifying but thankfully it was just a nosebleed,high
You have inspired someone to create something that is liked by others. Is v nice feel.,low
[NAME] pissed off the establishment when ripped off the insurance company and pleaded the fifth.,medium
"she disrespected [NAME], i dont like her",high
He's know for making rhythms.,medium
Kids disturb more and are MORE ANNOYING.,high
Because they're rapists themselves or share rapist-like behaviors,medium
"They were spewing GOP talking points, not totally shocked since they are Republican Lite after all. Smh.",medium
Yeah that's bullshit and the complete opposite of what you said.,low
You mean 0.08 - at 0.8 you'd be dead about twice over,low
Why don’t people just call the cops and give them the video?,high
"They only traded to 3 and they had 2 seconds last year to trade, plus this year's 2nd. It is impossible ",medium
IIRC Tool doesn’t like their stuff on Spotify because they don’t like their business practices regarding royalties and such.,medium
Don't stress it. Good Luck!,high
Its true. This week my family and I have found out that there is someone for everyone. I tell you there are some weird people out there.,medium
The paratrooper theme fits very well with his jump! Keep up the good work.,low
What the fuck are you talking about,low
"Also, this has been said half a million times but the Oilers were not picking [NAME] with that draft pick even if we didn't trade it away.",medium
What's he building in there?,medium
Wow that’s like - sound porn.,low
Well that wasn’t my argument all i said was that the second amendment is aimed att the state,medium
I could honestly just go without intermission interviews altogether.,medium
A slum level flat with too many roommates.,medium
"Wait, what? You're a gamer who's never even heard of TB?",high
"if HL in offensive stance dodges it, then doesn't raider also dodge it? Or is that fast recovery into moves that are not dodging again?",medium
I don't really see what the point of this post is.,medium
My son and I both enjoy taking pictures. It gives us pleasure. Part of the fun for us on vacation is taking pictures of new things.,high
Nice. Spotted it having a feed of quandong as well by the looks of it.,low
"Oh man, I forgot about eBay! I have some old textbooks I’ve been meaning to put on there too.",low
I think [NAME] is honestly just a whack job.,high
i would agree with that. i still dont see a good reason not to provide daycare though.,medium
Hawaiian shaved ice is THE BEST!!!!,low
He hates [NAME] and he is a [NAME] stan.,medium
"Ah man this video has everything, drama, action, a tiddy poppin out",low
Not any meaningful amount as far as I can tell. Although I’d love to be surprised,medium
> This is wrong on so many levels.,medium
It had its flaws but I thought it was enjoyably campy and a fun ride.,high
Are they bigger than our defensive breakdowns and [NAME] five hole?,medium
It was so great to have a nice friendly NPC like that. Just one student that didn't hate our guts.,low
My comment was meant in jest :),medium
"Don't worry, you'll find love, I promise! I hope you love yourself as well. <3",high
No usable cure was found for TB until 1945.,medium
Haha .. In pakistan 47 is the normal temp during summer... Lol noob.. Gg ez,low
USC had 4 guys commit 2 fouls in the first half. This might become a war of attrition.,medium
I’ve heard them say they are less likely to get a job.,medium
It’s time for some moderator field work!,medium
That's Crash Chaos Cats. Same username on other networks.,low
He’s also talking about pushing [NAME] in front of a train. Kid needs the old bill coming around for a stern chat.,medium
"No, everyone should should stop talking about the rights of groups of people, and start talking about *human* rights.",medium
You cared enough to come on your alt to comment AGAIN. But you forgot to switch to the alt. Claiming you don't care is nothing special.,medium
"Man, fuck that shit. He lost us the Sonics, he has no business running for public office.",low
People who eat themselves to death are mentally ill in my opinion. Homicide is a deliberate and unlawful killing of a person by another person.,medium
On pace to lose home ice advantage.,medium
"Ever heard of the New Deal? Look it up, it was pretty cool.",medium
I switched the the Smok Novo and I like it. Close enough to the juul.,medium
Go back to class and show you're English teacher yore post. They'd have notes for ewe.,medium
"Sadly, it looks like there are a ton of [NAME] in this sub",high
Hopefully one day EA no longer has exclusive NFL rights...,high
Mmmm looks like some delicious asbestos tile being rubbed there.,low
"Hey [NAME], just wanted to say thanks for coming to Minnesota, that’s all :) ",high
"Pretty sure [NAME] graduated, and I would assume the [NAME] thing has to be related to the injury...",medium
Useful distinction - thank you.,high
A 12 million sub channel has value. Wouldn't be surprised if it's been hollowed out ready to be sold and rebranded.,high
She just needs to kiss [NAME],medium
... They're stockpiling guns because they're afraid of blog writers?,medium
She's married and I respect her family and husband too much.,low
"That doesn't mean they're impossible. Minnesota's 7th district is 64% rural, R+12, and represented by [NAME], a [NAME].",medium
Should this be tagged nsfw for the knot?,medium
Unfortunately no one usually fights for their rights without a martyr,low
Undoubtedly offensive goaltending on [NAME] here. Pistons got away with one.,medium
No it’s definitely you. Time for you to grow up.,high
I'm happy for you and myself.,high
The Vikings....they make me the most angry.,low
Hahahahhahhaha!!! Thats the right wing in a nutshell.....,medium
There are drugs for that...,medium
Is that because it's an accurate description of the politician and he's trying to distract from his guilt?,medium
"I didn’t like him before this, now I really don’t like him. ",low
All the people who got on at canning bridge station this morning and kept pushing and shoving each other like animals.,low
Alligator eats the bigger number,medium
I'm not sure. There's some good youtube compilations of him.,medium
Because your very wise mother KNEW who the real wankers were and she couldn't be bothered... Smart lady.,low
This is the kind of crap I'm talking about.,high
[NAME] is an unrestricted free agent as well,medium
I may have undersold the amount of trucks. 😂,high
This is my biggest pet hate of all time!,low
#LIES. NO STACY CAN BE A GAMER. #RISE UP,medium
May we all strive to be like that man.,medium
You're the reason Publix was out of meatballs today. Hmph!,medium
Via chat. I sent a photo to confirm that she really wanted it.,medium
"Once you pop, you can’t stop Wait a minute...",low
"That's the point tho, they had lots of talent already, and just a couple of changes at the key spots changed everything ",medium
"He’s a coward, but no need to ruin his life. You should feel sorry for him. ",low
So you were triggered by that term in particular?,medium
Now I know rhino poop is very green.,medium
"If its affecting your mental health, you know what to do. You have a commitment to yourself first and foremost.",low
I think its justified because that dude freaks me out. The less money the better.,high
I’m Waiting for Dr [NAME] to bring back Celebrity Rehab so her and [NAME] can be on it.,medium
Worst ending ever! I won't spoil it but this one sucked worse than the avengers last movie!,high
The itching probably happens when your skin vibrates from the brush.,high
And then I got to meet the president. My name is [NAME] and this is my homo story.,medium
"Pretty good, yourself? Edited - Saw the link, hahaha... How you doin? ;)",medium
"My favourite part is that the Saints are completely right, but it doesn't matter a god damn bit.",high
"Come on, this would be funny with a better caption.",low
I'm surprised he didn't say it was *almost* an inside job,high
"i know! its like, im fine if you eat rabbit meat. just dont brag about it to someone who has a pet rabbit. ",medium
This looks more like 1954.,medium
You cant pick and choose racism you dippy cunt,high
It's also not worth the costs because most of the time people are being petty don't actually have a claim to make.,medium
Can relate. The spirit kept telling me to move to the Morridor. Total decade+ long disaster in almost every way. Shoulda stayed where I was.,medium
No one is required to help anyone.,medium
"For some reason I can't reply to [NAME], but also for the neysayers:",medium
Great idea! :) I'd be happy to give her a good reference!,high
Thank you for your service o7,high
Formal stays getting turned on Edit: Why y’all downvoting lol,medium
It kind of was for some people.,medium
"No particular sauce, I'm just kinda tired of having to search that tiny lil speck of pan for at least 2 minutes before I find it.",low
yes but how many new characters were there? Checkmate atheists. :),medium
It feels oddly comforting and familiar that we suck at hockey again.,medium
"Thanks friend, you have a good day! ([NAME] is fab btw just not quite [NAME] or [NAME] for me!)",high
"Very well said. I am no fan of pinkers ""everything is awesome"" narrative of the modern world either.",low
[NAME] damn it I love this but it had a STRONG socialist undertone and I just can’t fw that,low
"Dear down voter, go to your own sub and take your childish down voting with you.",high
Did he use his full title when he introduced himself. Cause that would be sweet,medium
"It's about fucking time, hope this is real.",high
It infuriates me how many layers of tape these things have sometimes.,low
I love the idea of a farm school. I'd totally do that if I could.,low
"Oh man, I remember loving that movie. Been a while ssince I've seen it but I remember being pretty enthralled.",low
"Even Rolling Storm seems better, and it is not very good.",medium
Can't stand people who spam their terrible youtube channels,high
*Hey just noticed..* it's your **4th Cakeday** notasci! ^(hug),medium
I’m *BEGGING* that they get it right by the time [NAME] shows up.,low
Yes! I just wish that the good would be gone. It’d be great if he had his Injustice 2 look,high
"[NAME] instead of [NAME] for me, but glad to see [NAME] is doing well.",high
I shed a tear at how beautifully well said this comment was.,low
It's a miracle! This is how religions start.,medium
"Probably, [NAME] will accuse him of raping her now. ",medium
"I also got this on a different account, but I have no clue why! Does anyone know?",low
Shittiest crowd weve got this season omg please stay home an empty arena would of been better than this shitshow tabarnack,high
"Ya missed a clue there, Guess it never hit ya!",high
[NAME] just ripped his jersey. He’s frustrated as hell right now,low
Interesting I’ve never met any one IRL that met that way. Guess there must be some people meeting that way 😀,medium
She is only good if a team has good communication. (And this is a ~600hr sombra main saying this.),medium
It inhales you ignorant octorok,high
They could have used the explanation of E-2 people vibrating at a different frequency. At least that’s previously established.,medium
"Yes, you just push. I've been having periods for 29 years (bloody hell) and I've never managed to get to grips with applicators.",high
How are they gatekeeping here? There's zero claims being made. They're just standing by a sign.,medium
You can humanize and normalize everything.,medium
Write down the problems and how you feel when and after you have them. Then take that to therapy and actually get vulnerable with your therapist.,low
Just tell them cheating is part of toxic masculinity and they will immediately crack down on it.,medium
I just love that this is appropriate for football now/again. #FuckLA,low
"Yes, sorry reddit told me 2 times a error occured while posting this :/ Looks like it got submitted fine tho :/",low
"Okay idiot, well it seems right wingers can't tell the difference between strawman and reality then. Thanks for confirming it douchebag. ",high
"Yes, [NAME] is truly evil [NAME], his utter failure and stupidity is so beyond reason that when you mention it, it sounds beyond reason.",medium
Looking at thngs that way can also help with confidence. Realizing that it doesn't matter can be quite freeing.,low
I don’t know anything about Israeli politics except that [NAME] is awful and I hope he loses.,medium
I can see Smileyboye receiving a [NAME] award a few years down the line.,medium
ahhh sorry its late and bourbon fuzz has set in. thanks for the fast reply !!!!,high
I like the pig because shes stealthy,medium
Almost all cars go through auctions at some point. It's nothing to worry about.,medium
“and THAT’S how you kiss!”,medium
Not from but I lived there for 12 years until very recently,medium
Every hit should add more and more screenshake. What a tool.,medium
1. The pullout method is a lousy strategy. 2. You might have an STD 3. You might have other problems Go see your doctor,medium
"Love The Weasle, I've grown to like him a lot ",low
france drinks coffe from a bowl.,medium
"I have no idea what ""[NAME]"" is. These billion and one denominations are getting kind of ridiculous.",high
Who cares. [NAME] is draining the swamp. Get over it,low
They are so damn handsome!,low
Of course you can. Wear a racist T-shirt for a day and see what happens.,high
We have Medicare Medicaid and Obamacare,medium
They don't seem to care much. Al qaida or ahrar al sham makes little difference anyway.,medium
-20 here and I took the dog for a walk. He's lucky I love him.,low
"[NAME] 31m contract is horrendous, I hated it when he signed it and I hate it now.",medium
"[NAME] did say he still has a part to play, so hopefully we'll get to see more of him soon.",high
You beat nerfed [NAME]. Sounds like tier lists do matter.,medium
"I remember that. It was a crushing experience that started a whole other level of depression. But hey, maybe things will work out for you. ",high
"Really wow, what a steal",high
"That's why I get my info from reddit, and use Facebook to keep in touch with the fam.",low
Only good commie is a dead one.,medium
"Mine is when my husband says our daughter’s emphysema is acting up. No, husband. Her eczema is. ",medium
This stinks like Troom Troom,medium
Yes please. What's that @ ?,high
"Dude! Coyotes are no joke. Good job, [NAME]. ",low
I TOO AM HUMAN AND I SENSE A JOKE HA YES I AGREE WITH YOIR LEVEL OF ABSTRACTION.,medium
I had the same thought,medium
Be prepared for bad news just in case,medium
Last update was a bit glitchy.,medium
"I didnt see a ref's hand up, I was about to have a stroke",low
"Thank you noodle, very cool!",high
I do love the Baroque style as well! All the Church’s I ever saw in Mexico especially the cathedrals in are simply amazing.,high
I’m so very sorry that happened to you!,low
"i heard that the flames from the fire were so hot, they literally burned the very wood the church was made of",medium
"To be fair, the world (especially politics) has been kind of a shit show since 2016",high
I might be able to help. A/S/L?,medium
At 45 I'm the youngest in my run of terraces by at least 15 years ago I can see how that would be disturbing.,low
I can’t stand this arrogant prick he’s no better thenFord in Ontario and that guy is a buffoon,high
Are your boys really doing the hand clap meme? Holy crap is this cringey.,high
CENTRISTS ONLY LEFTISTS GO AWAY also stop downvoting we don't want a circlejerk.,medium
I hope you everyone is serious about not being a bulls fan anymore. Get out of here if this is what ends your fandom.,high
"Then again, socialists have never been *particularly* averse to the odd spot of murder, have they?",medium
The first time I'm seeing it so thank you for sharing. Definitely shows the propaganda efforts.,high
She had her chance. 🤷,medium
The realization is pretty grim. Can't say I'm terribly happy.,high
"Takes a lot less effort to just say “fuck off, buy your own.”",medium
According to [NAME] there was no contact.,medium
"Peeps poisoned our water supply, burned our crops, and delivered a plague unto our houses!",high
I think [NAME] said it best. When two people watch the same video and see completely different events....there's no fixing that.,low
"Great, now I look dumber than I normally am",low
"Better than any HBr, anyway",medium
"Yeah I cannot either on mobile, same with enough internet. Thoroughly disappointing.",low
The best soft sequel pre-boot spin-off. The movie that would be better as several movies or a tv series. The best outrage over a movie.,low
so did that one guy outside of AT&T :),medium
"Same. You all tried to save me, but I rewatched with the sound on and... I have regrets.",low
[NAME] can be my friend!,medium
Are there any Veracruz fans in the sub?,medium
It was [NAME]. They were filming Django,medium
Negative. This will be a cheese incident free night,medium
"Yeah, obviously. But that the joke relies on calling upon how outraged [NAME] was that he was penalised. ",medium
Try Venezuela. It's your communist utopia in action.,high
I watched the first loop before it registered what she was doing then my brain locked up and I made a noise like smeagol being strangled.,medium
"He was skinnu guy all his life, untill that transformation.",medium
I could not agree with you more! These selfish women crying abuse to manipulate.,medium
You're right. I totally forgot about [NAME].,medium
"Ugh, I want to have his baby too...",low
Do we know what the source of this rumor is other than twitter speculation?,medium
"Sure, but he still died again a couple of years (decades?) later. So the copyright is still up.",medium
Well that isn't fucking creepy.,medium
Going to my favorite greasy burger place in Madison tonight to celebrate my ability to eat delicious burgers whenever I want because I'm in my early 20's,high
Very sad. People like this are ruining Aus.,high
"*Well well well, if it isn’t [NAME] the platypus. Totally unexpected, and by unexpected in mean TOTALLY EXPECTED!!*",high
"Before the camera was on him, he noticed the atrocious fake jersey on the nimrod beside him. ",medium
"Uh oh. Ummm, I need to take care of something.",low
"“Not a word you need to learn, honey” Cringiest part of the whole episode.",medium
I can't believe offense blew such - oh nevermind.,medium
Praise the [NAME] for REALITY! WOOF!!!!!,medium
Or just head on to Galleon's Grave. I just hate Dagger Tooth.,high
"As a [NAME], this very relatable",medium
"[NAME] also slept with his dads mistress, [NAME] is weird",medium
Well it would have been ugly tonight without him. And many nights.,medium
{(_Unexpected_error in [{response}] seek technical attention inmediately_)},medium
literally I feel like crying,high
Is there anything we can do to get people talking about making this a reality again?,medium
OH [NAME] THAT'S TERRIFYING SOMEBODY SAVE US ^/s,low
If all else was equal it’d be a good idea but I don’t think it’s feasible.,medium
Heart races everytime I get a match. Oddly enough I don't feel that at all playing offline with my friends.,medium
I just shit my pants. Then walk away. Embarrassing enough he won't press or follow you.,high
That's awesome to hear. Now withdraw every dime from that website and never go back to it ever again.,low
Completely understandable. Lots of players who are new and don't realize how big of a distraction that is,medium
"To this day, I get nervous reading anything with [NAME] name in it",low
yikes i thought it was just a joke transformer [NAME],medium
SRS is a pile of shit I have no idea how it is still existing,low
Feel you pain. Stay strong,high
"Be careful, it’s a slippery slope. Alcohol isn’t fixing your problem, it’s just hiding it.",low
"My heart skipped a beat when I saw this. My childhood dog looks just like them, and her name was Brandy!",low
Thank You All for your comments. Thank god I wasn’t alone on feeling this.,high
The reason I was commenting was because the other day i was reading threads about how it's annoying that the ocs doesnt do the bulk discounts,high
I am practicing an speech for tonight when he drops by to see my dad. I am every level of nervous.,medium
I was there on the opposite side of the field. I did not believe he made that catch until we saw it later on tv. Unreal.,high
I listened to this song the other day for the first time and... oh boy yeah,medium
"If he would have landed that swing, it would have decapitated that guy.",low
"If this team could make there wide open shots, we could win some games. Its unbelievable how many open shots we miss. ",low
Maybe concerned about you being underweight? She is probably concerned you don’t eat enough and is trying to help you,low
I second that. A broader mobilization and awareness would go a long way.,medium
Ooooh that was a missed opportunity,high
[NAME] baking company is one of them.,medium
Keep in mind that being frugal is the best place to learn about all of that.,medium
"Hmmm, this may be the one Friday evening in which reservations are easy to obtain... ",medium
But he got to play with future Hall of Fame QB [NAME]!!!,medium
Tell us more about this magical potion. How do we craft it,medium
"I thought I couldn't get more depressed about last game, but.....",medium
[NAME] why would you blow your load on your fucking suit with fur on it,low
"No problem, it's never easy to be in this situation. It's best to end things neatly before you end up resenting each other ",medium
My 3 year old is an asshole. His 8 year old sister was also an asshole at 3. It gets better!,high
Don't let a few hard months get in the way of a possible beautiful future.,high
"The same reason that the two on the left look dead inside: They know what they are, and are wishing for the sweet release of death. ",medium
No bullet dodged this was a traumatic event that will follow this poor thing around the rest of her life.,medium
"Honestly Quadriga has been pretty decent, can't fault them for the bank struggle, that's just how the Canadian banks have been towards this space. ",medium
It's not the best hockey but the boys have regrouped nicely after that horrible game in Edmonton,low
"I didn't say that or imply it, nice try.",medium
"It will be carefully tailored to piss their parents off, which I will enjoy greatly :-)",high
I love when he asks while looking directly at the item but still not seeing it 🤦🏻‍♀️,low
"Dentist did this to me I hate it. I knew i should have waited until ""it wad worse"" but i didn't. I regret it ",medium
"San Junipero. What if old ladies could fuck, using the Matrix!?",high
[NAME] 12 min long? That other 1 min video spoiled me.,high
You are BOTH awful people.,medium
"Well, my masochistic curiosity got the better of me. I've seen worse, but that's going on the blacklist for damn sure.",low
[NAME] a fucking creeper. Doesn't he have some weird ass relationship with that 14 year old girl from Stranger Things?,high
> I just don't see how this movie wouldn't get dull after about a half hour. then cut it at 90 min.,medium
Wool will stay warm even if it gets wet.,medium
"He's not putting you first though, is he? It's his family first. That needs to be addressed.",medium
I guess 14 years of customer service experience is good for something after all.,low
This has already been posted on this subreddit but thanks.,high
Love frank and moody together,low
He also voted to repeal net neutrality in the FCC. Grade A flipflopping shitbird.,medium
Apologies but what movie is this from?,medium
It makes more sense now.,medium
This is what I'm currently dealing with and I'm glad I read this. Nice reminder thank you lol.,high
"This is the sort of chucklefuck who finds himself saying ""and there was nothing I could do"" after a mishap... often.",low
[NAME] how is [NAME] even a rapper. I thought rappers were people you would wanna be lol,high
Become friends with people who work night shift. We are always up at crazy hours and need a distraction from our work.,high
"THIS IS NOT DETROIT, MAN! THIS IS THE SUPERBOWL!",low
"Thanks man, I managed to feel better by letting loose with some music - definitely a *much* better way to pull out of a dive. ",high
I believe it was a severe dislocation as opposed to a fracture. Regardless....poor guy....,high
Do you not commute to work? It's still like that during rush hour traffic.,medium
Funny.. I mean real funny looking.,low
*Go and encourage yourself. You can do it you piece of shrewd.,medium
"Agree. Not a perfect coach but pretty, pretty good ",low
I REALLY MISS GRIFFIN REINHART,low
There was no point. This is also the answer for many other choices that have been made in the sequels,medium
"If you are a [NAME] and he is a real person, then changing his ethnicity should be an issue, right?",medium
I’m so excited for next season. My expectations are slowly climbing.,high
this rabbids x drag race collab is everything i didn't know i needed,medium
I'm glad you got the help you needed. Sorry we couldn't help you here.,high
Ah I had no idea!,low
"Oh, I definitely got muted, too.",low
OP may have been avoiding [NAME] jokes.,medium
"there are a lot of heroes who have tricky mechanics, tinker especially for me",medium
The only time petty revenge backfired lol at least from what I understood unless I missed something,low
Guessing the bra sizes of anime characters after having stared at them for so long... That's... an interesting hobby.,low
I have more faith in [NAME] than anyone on the court to make a 3. Strange world,high
You must make a killing as a Dublin landlord. That apartment will be rented 24/7,medium
Poor Guy. Come back stronger than ever!,low
I am sorry little one,high
"Shocking mate I know, hopefully one day they'll go home. ",medium
Even for an infidelity sub this is heavy. I hope you find peace somehow.,high
Check out my mémés. (That word is from japanese pop culture right?),medium
This is one of the coolest things I’ve seen on Reddit,low
Not sure why you are getting downvoted for this comment. I really dislikes the Facebook type posts on this sub.,medium
Still pretty embarrasing though :p,high
They get added to it!,medium
I think I’d take the long view - the good news is that at least she’s not pregnant...,high
"Facts and logic don't care about your feelings, antivax ***LIBTARD***",medium
Haha your mom lol 😎😎. Having flashbacks of 4th grade rn,low
"I love my kids. I don't always like my kids, but I love them. ",medium
As a man I would be quite pleased to hear this,high
That's my favorite! It smells so good without being overpowering.,low
1. They don't understand football fundamentals. They play [NAME]. 2. They are short and want someone to identify with.,medium
"He's not an ugly guy, but 8 is too high. He's between 5-6.",medium
Before telling you anything....what exactly do you want out of this?,medium
"What a vile, vile country we live in.",medium
I'll check that out. Thank you!!,high
That sounds so terrible. I'm very sorry.,high
Oh god I miss Jet's. And I don't get to come home for another 3 months. Enjoy it for me.,medium
You should’ve just put that in the original comment then,medium
"Don't worry, he won't be for long",low
"Link pls, I need to see this! ( I bet he dropped it)",low
But even then it would need something else to live,medium
"For example, I think this picture of [NAME] character from southpark) is soooo cute",low
..how is he not? better == good,medium
Well the explosive oil laced diarrhoea probably makes you feel better about the flu,medium
So those 2am cravings are really just my instincts keeping me alive,high
Nailed it! I'm sorry you've had to deal with it. This whole mess sounds awful.,low
Break ups are hard. Hope you feel better.,low
> He is not sexist and not a transphobe. I see you've never actually listened to him or read his work.,medium
Wait u went to a hooker? I thought it was a massage person that was attracted to you,low
So...you can link those then right?,medium
Because your considered “boring”. Girls love drama. It’s a thing.,medium
Must be a couple of Alt Left students at Berkeley Cummunist University.,medium
"An ex-friend of mine proclaimed than anyone who speaks of being raped is a horrible, unethical human being.",high
Mumbling on twitter and r/politics. Also [NAME] is getting annoyed as well. He is mr appropriations after all.,medium
"I mean, did you lie to them?",medium
"Thank you, and I am. I'm definitely fine with regretful parent, I'd flair myself that if I had an actual computer at hand.",high
"Exactly! It amazes me how many people dont communicate with each other. Talk about it, see what they say. Discuss. Come to a conclusion.",high
"[NAME], buy me dinner before you go to poundtown on us.",low
"I'm at job that is effecting my mental health, and I'm not sure if I should be up front.",high
"Fuck you, u/SamuelZeign ! Your breath smells funny.",low
Also that college is overrated because they are or know a welder or plumber that's makes 200k .,high
I didn't have an umbrella and got wet but it's so damn humid still it's all stanky feeling outside.,high
Like always i will wait and see thanks for the post tho [NAME],high
"A ""kicky switch""? I'm not sure where to use that, but I'll find a way.",low
">on't have kids, they will. And the DNA will Well actually it probably will, we share dna with other animals for example",medium
[NAME] is scared out there. Didnt want the ball,low
So there’s a statue commemorating unsolicited fingers in anuses on football fields?,medium
That's what happens when you're high.,medium
Back at it with the crazy [RELIGION] conspiracies I see. Did you stop taking your pills?,high
"Has there even been a time when a *good* Doxing happened? ""We're going to find this guy and hug the crap outta him!""",medium
We *shouldn't* have to but if we want our beer then we have too.,medium
Cloning shouldnt recreate sensitivity to the Force.,medium
I know exactly who you’re talking about! He has a documentary on Prime!,medium
"This is actually kinda cool, I like it!! ",low
Great post. ( you are learning to let it go),low
"Dad had a heart attack, but he'd been in a fight. Unfortunate circumstances. ",low
I genuinely cannot believe [NAME] didn't get fired years ago. It shocks me more than [NAME].,high
[NAME] wants to murder all men. She believes all of them are deserving of death.,medium
"Finally, someone that understands you don't just get to keep information from your spouse about cheating to ""protect them"". That's crazy to me.",high
"If that's a euphemism for ""emotional thinking"" then I agree with you",medium
I'm full of envy. Would love to be on that sort of money! But I fail to see the problem with it.,low
Well it very well could be your drug usage. You could be depressed also. So stop doing drugs and see a therapist.,low
Lmao. Thank God [NAME] lost and [NAME] crushed the souls of these lunatics in 2016,high
The little “you hurt me so badly but I’m gonna be brave” yea... at the end oh my [NAME]. Your friend sucks.,high
"no, you always upvote what fits the sub",medium
"Thanks, i will try to look into possible causes. ",high
I hate [NAME] omg I just do,medium
"Ecosystem in a puddle, nice",low
They just did. Check out the sticky post.,medium
Also it looks like this person might have a mustache. They look like they shaved their upper lip kind of mustache. I'm very confused.,low
I made a post about a month ago saying [NAME] was trash and it got over 100 downvotes,medium
But the Hijab is mandated by (and therefore connected to) political Governments and political groups that otherwise do some pretty oppressive things.,medium
I SWEAR I DIDNT MEAN TO ANSWER 2 HOURS LATER FORGIVE MEEE,low
"Right, but we want to shit talk them directly. Not agree with other people shit talking them.",high
But I hate trannies and feminsts owo,low
I LOVE google voice! IT's the only way I can get my parents to reply to anything!,medium
"Your adventure begins, They were always beside you",medium
Sorry sorry sorry sorry sorry,low
Oooor maybe it is just a catchy term and y’all are overly sensitive about race and sex....,medium
He's the only one who has managed anything positive in this game,low
Then why isn't he the one wanding people?,medium
That's my point he's comparing two things that are different this is past oranges and apples.,high
Cool reaaaaally cool and thank you verry much is all i can say and that i will do that,high
"Everyone knew that deal was stupid from the moment it happened, [NAME] was like 38. We just have to pray he learned from that",medium
Eat too many whoppers and he'll be down with the sickness. Lma0 I'm sorry,low
how does asperger feel like,medium
"Do I come across as thin-skinned? Hm, never noticed. Maybe it's an allergic reaction to dishonesty.",medium
I friggin love the [NAME] hug!!!!,low
Did you really just link a study about partner violence and then equate that to the entirety of violence? Holy shrimp.,medium
WOAH IVE BEEN BURNED SICK BURN JOIN US AT r/SickBurns,medium
Pro? Everyone does is and that makes it even more rude.,high
What’s the reference matter if it’s still insulting? Glad your degree is coming in handy for something.,high
You k how it's bad when a furry is roasting you,medium
No. It’s slower and takes more calculation but it can be done. That’s why it should be practiced.,medium
Oh come on mom..it's 2019.,medium
Nah just good drag henny. They paint for the back of the room.,medium
"Don't see how this video means I need sex? Also, this isn't my video. Try OP.",medium
"They mean staged. This video is portrayed as a real occurrence. It might be, might not be. Don't really care.",low
Wow I didn't know it changed your face so it doesn't break rule 1 and 2? /s,high
He used to be her boy but now it’s like it never happened like in Toy Story 2,medium
how'd you get into my brain???,medium
... or if they’re having a bad time because life is a bit crap.,medium
"Thanks for the encouragement, it means a lot! Glad you liked it, seeya around 👌",high
"By not using Facebook as a barometer of success. Look at Facebook as a highlight reel and not what people are actually living,",medium
"Well, it did just win a golden globe, so maybe a few more people will see it because of that",medium
Alright grandpa back in your room now,medium
"I’m ok with this. If you were sb and bad LAG was BB, I’d also be ok with a stop-and-go. ",medium
"Seems like that’s part 2, here is part one, full highlights from weplay",medium
Thank you for this ❤️❤️🦵🏼,high
"As I understand it, the director? left so at least if they do reboot it it’ll be in more competent hands lol",low
I thought you were suggesting a bigger knife for a second.,medium
I hope your life is as lovely as you are,high
Gmail logo is based on the red and white freemason man apron. Not surprised.,medium
"In the sub's defense, this guy is clearly a minority opinion being downvoted.",medium
"Just make a better game looool 4Head You shouldn't worry about valve stop working on artifact, at least for a year",low
He's getting rest. We're trying to see how he can handle the starter's role.,medium
"GOOD [NAME] ALIGHTY, HE'S BROKEN IN HALF",high
this reminds me of the time when [NAME] bought Bofo lol,low
Great! Now down with [NAME]!!,low
"You most likely went through foster to adopt. Private adoptions are insanely expensive. Insanely. But, you probably knew that if you actually did adopt.",medium
Is it weird that I read this with Papa [NAME] voice,low
There’s a 9/11 chance he’s juicy.,medium
"I speak so slowly, and i sometimes take break between words and sentences",medium
One. We are unlikely to survive long enough to make it to our second kill.,medium
AS..... YOU.... WISSHHH!!!.. Inconceivable! My first ever silver. Thank you kind stranger.,high
"Thank you, lightwaves. Very cool.",high
Glad your a Liberal supporter.,high
Did he say skinny wieners?,medium
[NAME] is 19 karma away from beating cancer. Please upvote to save this young man's life!!,high
I feel bad for my kids who will never get to see [NAME] play... [NAME] on the other hand...,high
I'd be down with the big baller himself.,medium
I was wondering what that was!,high
Teen spirit sure ain't what it used to be...,medium
It's got what plants crave.,medium
In my mind. I forgot everything :(,high
Hers are just terrible. I’ve seen the look great on other people.,low
It was some other girls,medium
Oh my [NAME] that's so satisfying,low
"Just from observing and polling people around me, they don't care.",medium
"Hearsay as usual, no proof, [NAME] computer proves he needs help.",medium
It worked with [NAME] and [NAME] I guess. Not so much with [NAME] and [NAME],medium
I literally received the ready up bug while playing solo yesterday.,medium
"My parents died. I wish they were someplace warm that I could visit them with their grandchild, and they could visit too.",high
Alternative: He didn’t live as long as he thought he would. He died mid-sentence while writing a,medium
At least she had a great experience,medium
Old news. Been posted two or three times already.,medium
I didnt realize belgium was behind on climate change.,low
I suggest that you start by not apologising before you do something harmless (e.g. the beginning of this thread),low
It makes me wonder if Old Money New England families are into their own cousins a bit much.,high
The saddest thing about this is that most people truly in need are the last ones to ask for help because they don't want to be anyones burden...,high
That’s what happens when you’re from the uk and there’s literally nothing but 1 uk event outside of the pro league and America.,medium
"Hey there, I hope you're still with us. Let's talk.",high
Please don't /u ping users in SRD.,medium
Going from [NAME] to [NAME] on the PP is like going from tenderloin to convenience store hotdogs,high
A whale would probably choke to death if it tried to swallow you.,medium
"It's hilarious that he thought you were a woman when you literally have ""man"" in your username. ",low
"Dude, it’s turn of phrase. ",medium
Man from Czech Republic can't understand why a name common in his neck of the woods is not so common elsewhere.,medium
He looks like he smells of cheese,low
Believe me when i say not having a job doesn't change anything. It's an endless nightmare being ostracized from people your whole life.,low
It's a strange decision that they scheduled this to conflict with the NFL playoffs in the United States.,low
Nor is it easy to waste [NAME] career,medium
"I was justing humming Spin Light to myself before picking up my phone amd seeing this meme. Deja is such a classic, maybe my all time favorite album",low
"And then, in private, what do you think they jerk off to? Normal porn? Lmao.",low
This happened to me too. Also how I found out my cpa is an exmo.,medium
Good luck and wear condom,high
GF is false; I saw Mayor get transported and I was stabbed by an SK,low
"Funny when I hear people claim a breed is dangerous, I automatically assume they are trash.",low
Well this sub is anyways. No one comes on Reddit to read about this shite. Were here for fun,low
Thought this was r/monkeyspaw for a sec. Mind if I grant your wish anyway?,medium
I’m scared for y’all saying Undone.,low
"I used to work nights at a 24-hour Walmart, “interesting” is a damn tame word for it.",medium
"6 minutes to deadline, [NAME]! We need page 1!",medium
No you said communism is a more extreme form of socialism.,medium
thank you so much <3,high
Misread. I’m with you my dude.,low
I have a cold too 😿. Hope you feel better!,high
"He’s still a handsome fella, imo. ‍♀️",low
Damn I was about to go out tonight.,low
[NAME] AND [NAME] ARE SO GOOD AT DRAWING FOULS ON 3'S,medium
*How???* The internet never ceases to amaze me.,high
Yo this [NAME] was literally pulling moves out of the Hitman games jumping over to your balcony. Thats terrifying.,low
>Rise of Agon Literally the worst fucking game that man kind has ever managed to accomplish and you call him a carebear? Fuck out of here.,high
I'm pretty excited to see how [NAME] develops. Appears that he could be a decent enough player in the future.,high
"Welcome to the future, kid. Unfortunately your mom isn't coming.",high
"And then we wish for winter because it's so damn hot, thus the cycle continues. ",low
"You don't get it, do you? There has already been a 51% attack attempt at BCH and the attackers lost. ",medium
I heard someone say one... ‘everywhere is is better but Perth is the best!’ Glad you enjoyed your holiday!,medium
Those are separate issues from the sample size.,medium
I love Simpsons alternative art because it really drives home how great these characters are and how relatable they are.,low
"I picked up some sea pods the other day for like $8 us online and I love them, zero leaks and great flavour!",low
"Images you can hear, “oh my [NAME] laughter”",medium
This sent shivers down my spine,low
I'm not sure I have heard of this. Really interesting.,low
"All of the ones regular people have, just applied in a more logical way I guess. ",high
"Bring them into your home, feed them, love them and have a sign made that says ""cat sanctuary"" and hang it above your front door. ",low
It's due to the fee we have to pay since we aren't buying an electrical company from Washington state.,medium
"I DON'T BELIEVE, WHAT I JUST SAW",high
"Lol [NAME] ""He'll be sore in the morning""",low
YOU WOULD THINK MISSISSIPPI STATE HAD GROWN MEN ON THEIR TEAM WITH ALL OF THOSE DROPPED BALLS,medium
I could've done without the bottom right pic.,medium
"Chicago has had mostly mild winters lately, so when it gets really cold or snowy lately we complain more. ",medium
This looks really cool. r/twobestfriendsplay would love this.,low
"well there's a pretty damning set of pictures there, ace.",low
I'm feeling hope for the first time in a long time.,high
Surely you dont think its the bravest thing a person can do though right?,medium
I’m gonna love it if that happens to me,low
"It’s been good, made me able to function much much better. ",high
I can't not pick Savor the Flavor when playing Stitches though. It's just too damn fun.,high
Glad those underprivileged West Loop kids will finally have something nice to take advantage of.,high
It’s selfish to not want to march with people who believe you’re termites and [NAME] killers?,low
They only really fought them in Al-bab and only reason turkey took al-bad was to split the cantons,medium
Damn. I want to see some of those comments!,medium
"I was dispointed in 5. it was clearly thrown in to sell 3, as they wanted to make 3 not 5 D. ",low
You want to fix them. You can’t. This was a hard life lesson for me to learn. I also am a giant loser magnet.,low
All the ladies can stay at my place.,low
"I just popped a pill in my chAmpagne, she say she love me she don't even know my reAl name' -[NAME]",medium
It was a poor choice of words.,medium
It’s all about the tech my friend. The person who knows how to control the modem has the power.,medium
"My misunderstanding, I thought you were questioning why people thought we needed a change.",low
More moralizing and prejudice from you. Why am I not surprised?,medium
Ditto. I never pay attention to who’s posting comments I disagree with. What difference does it make?,medium
You were used as a weapon to inflict pain on your father. Glad you reconnected and found a good parent.,high
That’s the free market for you!,medium
It is January after all. The yard in my house is looking horrific right now - I haven't been out in 4 months!,medium
"[NAME], [get_user_id] is a moron.",low
I'm replying just bask in the glow with someone else! Yay!!,medium
"Thank-you very much, your comment is greatly appreciate.",high
yah gotta pull them sweaty cheeks apart.,medium
"Thanks man, I feel better now.",high
That guys entire account is the biggest comedy cemetery out there,low
This person is going to be very surprised to learn how many college campuses require you to have UTD vaccinations...,medium
That and customizable CSS makes me so happy. /r/Firefoxcss if you’re interested : ),high
Thank you so much! Having these few subs for the quality videos he's creating makes the channel a hidden gem.,high
Someone who wants to do a couple of takes and it's just gone past 9,medium
This is a family friendly sub; please don't say the McC-word.,medium
Get yourself a £1. Still occasionally get them.,low
"Thanks,keep us posted if you will please.",high
"I am an immigrant myself, how ignorant of you. ",high
"I'm giving you an upvote for that perfect comeback, but I'm not happy about it!",low
There’s a fairly strong intersection between white supremacists and antivacs from what I’ve noticed,medium
Holy shit that SSP was beautiful,low
And with the employee says “what coworker? I’m working alone today.”,medium
Why did a vision of my future include a story about [NAME] and [NAME] gold?,medium
Woah woah woah... people have different taste? Stop trying to give me some perspective!,high
“I thought I was suppose to love 2018 wtf”,low
"Thanks! Fridays...and Saturdays...and Sundays...all gonna be long, lol. Ack!",high
I’m just gonna sit here for a minute,medium
I love snow! It means snow days!,low
"Oh boy somehow this got political remember every ONE, HOLY, APOSTOLIC, AND UNIVERSAL",medium
My turn should arrive this year. At least this place will allow me to leave my last words.,high
"The last time Russian military contractors met US forces, they lost 200 men and dozens of armored vehicles. Lmao.",low
> I feel the big man deserves some love. Because people on places like /r/pcmasterrace doesn't treat him like the second coming of [NAME].,low
"Oh sorry. To clarify, I was wondering if I should mention that I am more than willing to help her if need be.",high
I'm too late to rub this into all the casual's faces. :(,low
I like [NAME] but he's got bizarre mechanics on his jumper and no arc.,low
My phone was in the car while I was at the pool in NC and it happened to me guess I am actually in Australia,medium
Can't speak for the original commenter but probably not yours since I'd rather not be tortured for eternity for disbelief.,medium
"Everyone is allowed to have their own opinions, let's try to not resort to name calling no matter how much we disagree",medium
The original DayZ mod music was pretty intense.,low
Is that the one that accuses [NAME] and [NAME] Rector as well?,medium
He looks 10 years younger since leaving Old Trafford.,medium
It’s because their pay sucks. You get what you pay for! Edit: grammar MoFo!,high
Happy birthday!! Lots of love and hugs from a stranger in Hanoi 🤗🤗,medium
I watch it 4-5 times every time it comes up. I think there is something wrong with me...,low
We give them too much money.,medium
it's so cold today I nearly cried just from the temperature and wind I DONT LIKE IT,medium
The emblem on the left looks like a killer mrs puff from spongebob.,medium
Oh my gosh. This woman who died also had a son who died. Holy tragedy,high
I love the guy but can't see this working out well. That being said if he plays as the furthest forward of the midfield 3- who knows.,low
that's like a kel'thuzad/kael'thas wet dream right there. Line them up for disgusting aoe XD,medium
I like how he called his mom asking if she was trying to contact him just so he could tell her what’s wrong,low
RIGHT?! My mom would literally never forgive the bitch 😂,low
Nuh uh. She didn't go to Gudger College.,medium
"Shoot, darn. You win again!",medium
You always choose mum bro. What are you thinking,medium
"Mash 'im, boil 'im, stick 'im in a stew.",medium
"Thank you, I appreciate it <3",high
You’d want it in higher resolution I reckon,medium
They're holding out for as much as possible... some mysteries arent that hard to solve,medium
Skyrim kinda aged poorly but I still keep coming back to it. Might start another playthrough soon.,high
"Ok. I can support that. Do it on btc chain. Good luck. Honestly, without hiiden motives, good luck. ",medium
Options: 1. Hoax / joke 2. Crackpot 3. Wellmeaning but utterly naive fool 4. Something more sinister I’m currently somewhere between 2 and 3.,medium
Our mod is an awesome mod,low
Totally zero bias at all as we know feminist scholars aren't bias and always correct no matter what.,medium
youve never played against a good support [NAME] then,low
"you don’t appreciate the good times till you go through the bad.. things will get better OP, stay strong",high
My guess is they work with older folks,medium
Wow! Dudes lucky to be alive today! Who does that? Obviously drunk.,low
He showed how easy it is to get into a team and gain fame.,medium
"Thank you, I hope you do too. You can always message me if you need to talk.",high
Not really cringe. Just sad.,high
Yeah that's how someone died at Dour festival when swimming in the stone quarry :/,medium
I was able to just get in. I can swipe but can't see my matches or messages,medium
"Would know, have a weeb friend, he’s wicked into lolis",medium
"Oh joy, now my life is complete 🙄 Anything that ends in an -asm should be avoided like the plague. ",medium
"Well I'm glad the whole coffee vs beer exchange was the most accurate part of the episode. When it comes to accents, anyway...",high
Putting them away feels so good it’s worth the frustration. Snipers dropped my career KD by like .15 >__<,medium
"My birthday is in March, so that MK11 Beta access is also going to be awesome.",low
[NAME] already had that in their comment and I didn't deny it. I guess that level of attention to detail isn't taught at Bellevue Community College.,high
"You're right, that's a solid advice. I will give it some time and if I am unhappy I will start distancing myself. Thanks!",high
"It’s not even an argument, it’s just a quote with a stupid voice.",high
"Not making many new NYC fans: ""I'd rather live in Auschwitz than NYC""!",medium
I know it’s out of control!,low
"It's funny how the mention snoop at the end of the article, reminded me of the chappelle's show episode about [NAME]",low
I love the immediate cut from the gladiator dying to the defeat screen. Makes it funnier,low
Omg i love you hahahahgaha,low
They’re looking at her like they wish they’d ordered her instead.,medium
Care to elaborate? I'm curious how this is true seeing as last I checked they were the highest paid in the country.,medium
"It's not cancer edit: It still sucks guys, I get it. I'm just specifying it's not cancer because of the post above me.",medium
"Huh, neat ^^^^^^^^^^^^^fuck ^JJ ^tho",medium
Walmart is a special kind of hell.,high
"Hey quick brag, this post was read by [NAME], episode 63! I'm actually really excited, he's one of my favorites.",medium
...by the same person even,medium
"I was kinda just silent the whole time, we haven't spoken since. ",medium
"[NAME] is doing that since season 1. Even [NAME] commented in S1 that everytime sometimes is up, [NAME] inserts herself into argument. It's her MO.",medium
Can you imagine the amount of backlash she’d get if it was ANOTHER [NAME] collab? Omg.,high
Ok thanks for your help!,high
I kinda like the swirlies in the hair. But then I saw that her eyebrow is actually just the hair and hated it.,medium
Hahaha and those pathetic elderly taking computer classes. What worthless trash people XD,low
Lol what are you smoking,medium
"But there's supposed to be only one survivor, and they win the million dollar prize!",medium
He means they may be down atm,medium
Omg my 3yr old kept rubbing it all over his face the other day too!! 😆,high
He was pointing out that they use the stadiums themselves since the football field itself is universal.,medium
"If high calorie food is so cheap, eat less of it and save even more money without getting fat.",medium
"Group of guys with full auto guns? Na, bow and arrow guy wins again!",medium
"She doesn't sound like a good girlfriend then, assuming you've done nothing to warrant such jealousy.",medium
"When my mom yells at me like that is because she loves me though, she should learn something from this",medium
Um. Not sure what your point is here. Especially with that last paragraph...,low
How would you get off? HOW WOULD YOU GET OFF?!?!,medium
That was the gayest thing ive ever heard another man say.,medium
**I can't believe she held out for a full 24 hours before flip-flopping**,high
"ah, rejection. i know something about it",medium
"With [NAME] impersonating [NAME] after getting arrested yesterday, this makes it pretty clear who gave [NAME] that phrase.",medium
Say that you like her,medium
Plot twist: [NAME] is [NAME] estranged father,medium
Oh ok got ya lol,low
I’m amazed how anti-government these people are. They have no understanding of what government does. Perhaps they should move to Somalia. No government there.,high
"Lol that's my cat, he sometimes does that when he eats too fast or we switch his food, he is okay haha",low
Unless they are not vex'd,medium
"Same, I always disliked his ""thuggish"" personality and popoffs on stream but he seems like a genuinely nice guy.",low
Here's a little comment from the Yellow Vests Facebook page. Not at all,medium
You're so special and quirky :D,low
A bit of storybook now and again never hurt anyone :D So happy for the both of you!,high
Nothings better then 2 teams that know exactly wut happend/parents that saw the game two coaches and a ref no good lawyer needed rlly just those people to talk,high
"yep. And there are jobs I still would want done, they just shouldn't be government",medium
"Yeah, I don't think I'd get along with /u/77096, either.",medium
Oh my god.... They used [NAME] voice!,high
"Other form of distractions such as shopping, reading, media, being here and also being surrounded by people I find attractive :-/",medium
TL:DR leave. Deal with the consequences later.,medium
"The baby photos, holy fucking shit there's so many baby photos now.",high
Not true for a lot of people but [NAME],medium
We will never survive with 5% unemployment with moderate growth and a continued house building program to correct supply. Sounds horrendous,low
We don't deserve them but I'm so grateful they're here 🙏,high
Ha! Getting him back with his own schtick!,medium
I mean do what you want but I've always thought that's a good way of getting pink eye.,medium
But how late is too late?,medium
"That actually makes sense, thank you for answering my question. Did you try training your dog?",high
Lol. Build your own or make some tweaks to the printer.,low
"This is like aliens coming to this planet, taking you in as a pet, then surrounding you with mannequins. I’d be freaked out too. ",low
What you mean you weren’t looking forward to that scene? ;),medium
Ive faced the same immortal teams 3 times out of 4 so far. So not by much at least,medium
"Also, money. It is a cost-prohibitive procedure for many who desire one.",medium
Seriously we haven't gotten a stop barely at all tonight.,low
Can someone explain to me what's stopping [NAME] from pardoning everything [NAME] even gazes at?,medium
Go on. I'd love to hear more about this.,low
"Dude, she had just lost her baby, too. ",high
"[NAME] is amazing, big fan of him. ",low
And [NAME] is the opposite.,medium
Thank you for understanding <3,high
Great picture! What a amazing tribute! I love Dallas,low
"I don't play assassins much, but I love playing Rat.",medium
Might want to avoid those things even when [NAME] and [NAME] are kissing each other.,medium
So does he want to go back to being hunters and gatherers? How can humanity improve with no governments.,low
"Yes, definitely classy. <rolls eyes>",medium
I wish that laugh would jump off,low
MORE OF THAT PLEASE NORMAN!!!,medium
This is almost worse than Santa Con. Can we get millenials to destroy this please.,medium
Don’t know how I missed that,medium
I genuinely teared up when I heard it in the game,high
You'd be stupid not to do this.,high
And ALL of you will tune in next week because it’s the best trash TV ever created!,low
And unfortunately there's no legal way for us to withhold our tax dollars to demonstrate the effect.,medium
"In winter, it's SO difficult for me to cope when I had been thinking of getting one but don’t know what they are doing.",low
Nothing. He can hold the SOTU wherever he'd like. [NAME] uninvite is just political theater,medium
I wanted to know if there’s was another like meaning to the whole selfie thing not if she liked me or not,medium
"If I’m ever like that, suffocate me with a pillow.",high
[NAME] was piss poor today,medium
Thanks dude. It’s honestly hard to distinguish because it’s felt like who I was for so long,high
"I will let my nonexistent child die, thats all right with me!",high
Seems like it was supposed to be funny.,low
"It is really boring. There is a culture in church, but it is essentially soulless and is really only weirdness with a heaping of superiority complex.",high
*my sister and my mommy. they just edamame*,medium
How dare they ask me to be a good person! I'll show em!,low
"Wow, they are actually struggling against the Hawks for 3 full quarters. ",high
NEVER SEEN BEFORE! READ ALL ABOUT IT!,medium
"Horseshoe effect going on with FBPE and the no deal brexiteers, basically if you're soft remainer or brexiteers they hate you. The irony ha",medium
"No way. [NAME] was annoying. Arizona left a huge gap in the cast, she was great ",high
Of course the one Ospreys player was my boi [NAME] <3,low
wish stuff was like this with my dad. Lucky kids and lucky dad,low
[NAME] are a cancer in our society,medium
Know whats too far? Anchovies,medium
She has a point. The water from the runoff channel behind my house tastes way worse than the water from my sink.,medium
I wish they didn’t hate [NAME] so much. Feels bad to play her.,high
I am going to be so happy when they finally air that scaly foot Dr Pimple Popper episode because I’m tired of seeing it every five minutes.,medium
The simple ones feel elegant.,medium
>This erotic art from a borderline fan. FTFY,medium
good. can't even describe just how terrible this entire thing was. just make 1000% sure this is the right guy.,low
"Mavs fans are mavs fans, who cares what they are later. Stop gatekeeping",medium
"Not sure why it matters but i imagine shes as old as all the other v3 ultimates, so around 16-17",medium
"I see two possibilities in the middle: Playing advocate, or playing devil.",medium
"It's called ""fasci"" or ""fashy"" (fæ-shē) and it's an undercut style cutting hair.",medium
"Wait a minute, the rich own ranches.... You're one of them!",medium
Focus on yourself by focusing on your prayers and reminding [NAME],low
"Yeah, that's why I feel [NAME] or [NAME] would have a better chance.",medium
"For a long time he had no experience of going to the later rounds. Now that he has been there, he hopefully knows better than to be wasteful",high
I turned the news on around 6 this morning and have never been so happy to have a commute of 4 miles to my job,high
I am very happy with play music. please tell me this is a lie,high
"Yes but the way she does so at the moment, with makeup and bracelets are a bit uncomfortable for her, she says",medium
"Glad he's still balling, better than [NAME] for sure. I would have liked to have kept him just cos I liked how hard he played. ",medium
That isn't the ideal female body nor is it /fit/ That's a fetish,medium
Last time i knew stealing posts from other people wasnt a rule,high
But what’s wrong with mayo,medium
[NAME] is talking about another human in this world getting horny in an fashion he does not approve of.,medium
Basically. My step dad didn't choose to break his back and his knees. The whale chose to overeat and become obese,medium
"Even worse: ""Share something interesting about yourself."" Suddenly I become the most boring person ever to exist.",low
Don’t link the technical definition of terms if you don’t want people to apply it. Enjoy your New Year.,medium
Many people are saying this is true. Great story.,low
> I didn't catch the set before it got taken down Have a listen:,medium
There was a deleted scene where she flirts with a woman. Which is waaaaay too much representation already!,medium
This is a genuinely good point. It’s enough to take me from giving zero shits to giving a modest shit against them.,medium
"The sad thing is, relatively speaking these are actually pretty good living conditions. Check out Harris Ranch.",high
"Unlike him, I can make AI.",medium
Can't tell if you're being sarcastic or not,medium
No where was I blaming [NAME] for the lose but he didn’t help. I just dislike his game.,low
Somebody Knows Something Up and Vanished Serial This American Life,medium
LOL I read that and slavated. I wish we could pull that sweet of a deal off.,high
"Why was it changed to that? An overreaction. Why is it still like that? Laziness or incompetence, take your pick. Edit: clarity",medium
You've described my parents who have been happily married for 36 years. You are good dude.,high
That's the purpose of the experiment.,medium
I want to see someone get decimated by a [NAME] hit,high
"That's just the adrenaline. It'll set in soon, haha",high
"I live in southern Ohio and my WV based phlebotomist was literally was just telling me about this today,",medium
If we trade him I don’t think be will be a playoff team :(,low
Brew bus in the Tampa area?,medium
"Hope you enjoy it! Try not to leave it too long though, it's been taken down before. ",high
One of the best pubs in London. Even more likely inside!!,low
"Wow, you weren't instantly downvoted hundreds of times. The omniscum must have had a salad once and got a protein deficancy.",high
Why do the religious think an omniscient god needs to test people? Shouldn't it have know who would fail long before it even created the Universe?,medium
Those guys are dolphinetly not putting her down far enough to get the ball on porpoise.,medium
If your walls are not connected sprinkle your lawn in between regularly with diatomaceous earth. It will kill them before they can get to you.,low
"This is a pathetic grasp to hope where there is none, hoping for a top 15 pick isnt going to bring us out of the bottom Look at edmonton",high
Thus confirming that trump supporters dont actually know how the US Gov works.,medium
I'm so so so sorry this happened to you friend. I hope [NAME] had a lovely life 💗,medium
Hangry is real and it comes with a horrible vengeance at fast food places and restaurants,medium
"There is insurance for stuff like that too, so maybe not always",medium
I love when [NAME] is a bit more bias with a call when [NAME] isn't. Always makes me giggle.,low
I thought the exact same thing. Especially since he kept saying he hadn't done anything wrong. He totally smoked crack with her.,medium
"No, my point is that looking to past behaviors isn’t indicative of what is right and virtuous ",medium
The real tips are always in the comments :D,high
FUCKING RIGHT COLIN WHITE AND OF COURSE MARK STONE,medium
"Sure. Let’s start with the terrorists with the biggest guns. How about Israel, or Saudi Arabia? ",medium
"The next year: Well, sequel time already, huh? Welcome back, I guess.",high
"Wow this is the first I’ve heard of this. You should go tell /r/hockey, I’m sure they have no idea either.",medium
Are you interested in hearing from men and women?,medium
Completely dwarfs the £14 billion we send to the EU a year.,medium
"This whole episode is one of my favorites; it has this AND ""Requiem for a Tuesday"" AND ""the Low-Cal Calzone Zone"" ",low
ok. thanks for the info!,high
What exactly is the point of stating something as being a “right aligned opinion” then?,medium
So long as we get the [NAME] from this season and not last season I'm happy,medium
"Geez, we still got about an hour left lol",low
Seriously? If he spent the same amount of time doing anything else would everyone be bitching that he’s addicted to that? Doubtful.,medium
r/uk hates nationalism but likes the SNP. Not sure if hypocrisy or it’s different people,low
So hard to believe that this comment isn`t being ridiculed. I want some of what you guys are smoking.,medium
"That's what I heard coming into this game, people were saying if they don't handle gobert, game over",medium
This is the word or at least Attitude of King. No problems man.. and have a poor grasp of the statement honestly.,high
"Mmh, I love the smell of thought policing in the morning. ",low
What else did you expect?,medium
Is there a quiz version of this where I can answer what I think and then at the end it tells me who matches the best?,medium
You have terms where the other person can't hang out with someone of the opposite sex? How is it gaslighting?,medium
Wouldn't it be great if [NAME] went down with charges?,medium
"Yeah, this is always my first thought when I read this kind of stuff, kinda sad to be honest ",high
This hurts to hear because we know it's true. There are 16 year olds who have experienced more than me.,high
I feel like they missed a good opportunity to make the track in the shape of Texas.,medium
"yeah but like I’m highkey anxious about getting shocked and screw Apple for getting rid of the rainbow logo, it was so cool",medium
"Haha, then i am in... :)",high
"Well if you refer back to my original reply to you that should be clear, really. ",medium
facetune is hard work you fucking pore. I work all day to support this family and this is the thanks I get?,high
Currently in chat right now BibleThump,medium
"> ""I have full confidence in [NAME]..."" *Now* you are being diplomatic.",high
Wasn't the scar originally across his nose but [NAME] moved it?,medium
"I didn't realize CPO was an add-on available, I just saw their advertising. Thanks!",high
"He might upset [NAME], but [NAME] is going to pick him apart.",high
>You do realize that video is from a movie right? >Mentions [NAME],medium
Give the mouse a chance!.leave the cat to it.,medium
Guys his username is [NAME]. I really don’t think he’s serious.,medium
Might get in trouble with the mother for assuming she's single though. This has happened to me when using miss.,high
Simple lies. Easy lies immoral lies making money. Good life!,high
This dvd must be pretty hard to come by if it’s going for $49... thank you though I appreciate it.,high
"It was pretty heart breaking, then the council came out and said they weren't going to collect them. Made a lot of people mad. ",high
"""Don't worry honey, I'm not drunk. ... Of course I'm not cheating on you!""",medium
I have no idea Lmao. One of the kids at my school shared it. 16. Actually cares about politics. So L,low
Okay that was funny lol,high
Yeah. The only time I ever parked like that was after a too few many.,medium
NO BOY! NO MORE FREEDOMS TO GO AROUND HERE! Now go back to your room and give me your toy guns immediately,low
Wonder where all the shit is.,high
She's probably increased in usage now cause people want the wins for that Bastet skin lol,medium
And [NAME] just got laughed off the stage. How things would be different if he had won. Seriously timelines would be so different.,high
It's just a natural reaction of people blaming white people as a whole for all the bad things in history.,medium
No lie I was just fucking watching the office but I paused it and am know listening to graduation and browsing this subreddit,medium
Sounds like they’re not responsible and shouldn’t have the right to have these.,medium
Other than ignoring [NAME] PTSD,medium
That would be terrible. I liked the way private Practice ended (more or less) so hopefully [NAME] doesn’t go for something cliche.,high
Cheers to you on your cake day.,medium
That solves it. Thank you!,high
"As much as he's a bit of a nutter, he does keep his word as far as I can tell.",medium
"Or, you know, imagine just poking some fun at the endless title speculation threads.",medium
Why the fuck do people have these conversations in public,high
I love the way you phrased that. I do believe she is terribly afraid to look inward at herself.,low
I'd be so pissed if that was my lunch,high
I report them still as residences and attach a Google Street view screenshot and note that it's nothing at all,medium
Had to have my knee drained after a meniscus injury. It remains the most pain I've ever felt. Hopefully hers wasn't that bad,high
I will call the police if you dont stop harassing me,low
"I think it's time to let him go, for your life's sake!",medium
"“1, personal space. 2, I like my personal space. 3 get outa my personal space...”",low
This is a rough sport we follow. Simply training makes you pay the price.,medium
"Wow your sister is in abusive relationship, cool. ",medium
"Oh sorry dude, I was just looking for the WiFi password. [NAME], but I hope you stay safe",high
At least no one threw water on him and exacerbated things,medium
[NAME] was pretty god damn brutal too.,low
"Thanks man, appreciate it :D",high
Be the change you want to see in the world [NAME],low
His fingers have swelled with pride.,low
It is certainly interesting.....but is it anything?.....,medium
Keep on auto aiming bud. One day you'll get good maybe haha.,low
"Then they're the worst fascists of all time, because their critics have been extremely loud and public, while not being murdered.",medium
I sure hope so. I wanna cry tears of joy knowing [NAME] and [NAME] rode off into the sunset with one last ring.,high
You clearly don’t trust him. Separate before it gets too comfortable to stay.,medium
"Shhhh let them have it, they need this. They are still living in 1990 lol",low
"Do you happen to know what time and program that was, please? I’d like to see it. Thanks. ",high
"I mean, yeah, I'd complain a little. But then I'd eat the crap outta that.",high
I hear theres a chinese doctor working on this irl.,medium
came here to find the person who hasn’t seen this movie so i could feel bad for them,high
SWTOR should be considered a boring single player game.,medium
"Love this, and the comments are great, thanks for sharing.",high
Oops! The bottle was so oily it slipped outta my hand and into the trash!,high
Sadly this is not a new issue for Ukraine. Please take a moment to remember Babi Yar :(,high
Fox News is generally not what I would call credible. Any other links?,medium
"r/fellowkids is like the epitome of Weezer. Looking at you, Pacific Daydream. ",medium
"I was thinking of that. I used to love the Naked Gun movie and he is reminding of [NAME] character, who would get injured every scene",low
"162 Again, for the 7th straight year. Like usual lol",low
"And pampered chef too, iirc it wasn’t a MLM (product) when it started",medium
🎶Hello darkness my old friend...,medium
The edit... what? Why is he playing on an account that was registered by someone else?,medium
"Nothing better to do with their time, I guess?",medium
Heres some well wishes to you staying up,low
It's a fact tho. So your accusations are simply based on misinformation.,high
Tf happened to him? You just said thanks LOL,high
Thanks for posting this OP. Many times people change their minds and do the right thing but unfortunately we don't hear about it.,high
"They're upset because, if the slime that makes 4chan stink were to congeal into a person, it would be [NAME].",high
"Well that is perfect for going pew pew online, do you use the fixed lte or the rain sim only deal? ",medium
"Have you read the AUMF? It's insane how much power it grants the government to prosecute the ""War on Terror""",medium
[NAME] will need to pray to The [NAME] dad doesn’t come down on him with great vengeance.,medium
If you buy a membership for yourself and your friends you can easily buy tickets to most games.,medium
I want to give you reddit gold but I’m poor and bad at money spending so have my love instead,low
"you should be super proud of yourself. super, super proud. you are absolutely strong, brave and above all AWESOME!! ",low
Well then take my upvote my sub soulmate. lol,medium
This offense is just painful to watch.,medium
Ew. Being raped is not getting laid,medium
No. You're not the only one.,medium
"You did this, YOU DID THIS",medium
They don't know that tho,medium
If you're smearing shit between your cheeks merely from standing might I suggest you take a wider stance when popping and maybe get some more fibre in your diet,low
Yup put the losion in the basket,medium
If [NAME] is lurking here it's probably definitely not good for his issues,medium
"To be fair, it is a wild sentence. ""I have genital herpes and a BMI of 31."" As if they're related lol",low
[NAME] is back. So erect.,medium
Everyone loved the Snacks trade.,low
I've been expecting that forever edit: gave up on that one,medium
So. Much. *Effort.* I ca't believe a tree died for this sin.,high
I just don’t see why he pushed me leave with him so bad just to dip when I did,high
This shirt IS a problem. Get rid of it.,low
"Yea but I hate existing, it’s nothing but sadness ",high
"Yes. Especially if I go to sneeze and I lose it, I just look up to a light and bam. Sneeze time!",medium
"If [NAME] gets the better of [NAME] today, EV should learn not to start [NAME] at RB against pacy attackers m ",medium
Haha yep. Thanks. Fixed it!,high
"**DRUMPF IS FINISHED** - said every liberal, every day, for the past three years. ",medium
Since she ate other food I would guess it is a way of getting around a digestive disorder or carbs.,medium
That's gonna be a no from me dawg.,medium
almost [NAME] can do it !!,medium
This is a really lovely ends to a crappy means. I’m glad you enjoyed yourself and got something out of it.,high
What was the end result of this?,medium
I love flying out of Midway because I feel like I have never waited more than 10 minutes for security. I love the lines at Midway.,high
"Wow, a Walmart Truck Stop. I think that would be outstanding! They should do that everywhere, I mean they already have the land.",medium
"Problem is, it is Bantam and younger. I can teach breakouts easy enough and I don't need a panicked D zone to do it.",low
I don’t see the MAGA hat kid working to undermine civil liberty. It’s at least understandable to react violently to tyrants.,high
I remember that one. It was so painful to watch,high
ME drunk [NAME] kiss ma girl like,medium
If he’s American...then he’s fucked,medium
Yes I do. Two bartenders can easily bring home $4k a month each.,medium
"love cats, dislike the regular news. you?",medium
At least he didn't knock himself out on the ground....,medium
Ooh! Ooh! I want to lose more than 5-10 vanity pounds! (...wink wink),medium
He couldn't block a shot if it was from my dead grandma,medium
"Been spamming [NAME] in gold/plat elo, nashors into lich bane then hourglass is disgusting if you play it right.",medium
Damn you have a lot of alts. :D,low
I DON'T KNOW WHAT TO DO WITH MY HANDS,low
"There's zero defending [NAME], he's worse than [NAME]",medium
Trae making sure the traetors don't make fun of his 3pt%,medium
Is that going up? It seems like back in the 90's it was 16-17.,medium
The guy that started everything vs the guy who will end everything.,medium
"I love this, my wife told me about something she read on reddit yesterday and I was like.... well just like ol [NAME] here!!!",low
"Every time [NAME] is in one of these things, I keep remembering that Trinity Soul exists. It was not a very memorable show. ",low
"I’m still using a laptop from 2008, and until last month I was using a phone from 2013. Actually felt bad upgrading the phone.",low
"It is awesome, and nothing turns me on more (as far as giving pleasure to my lover goes). Seriously.",low
"I rate [NAME] highly, so this is good news.",high
It'll still be beautiful! They'll just have to be prepared to get a bit damp!,low
Thank you for this reply!! You actually made me feel a bit better about the whole thing now (:,high
"I actually see this one a lot. ""Allergy: fire ants."" Me too, bro. Ants will fuck you up.",high
The self righteous feel no shame,high
"I mean, this just looks more like a case of a guy being overrated coming out of high school.",medium
"Sure, they can help nurse [NAME] back to health. ",medium
This sub is becoming a “Gamers rise up” parody of itself. This is ridiculous.,high
Yeah I legitimately have no idea what he's talking about... cr lk is a chain,medium
"Would mr [NAME] really ever say ""to the max""?",medium
This is about as unacceptable as the subject can get.,medium
Volunteer. Helping people in need will make you feel better about both yourself and others.,high
"For those interested, Three Arrows has a great video debunking the ""[NAME] were leftists"" lie.",medium
Sorry I'm a reddit noob but why do I get notifications of comments on my thread but then they disappear and I can't read them? Lol,low
Today on 'Days of Our Steelers'...,medium
Not trolling. Anger issues. I'm sorry for previous comments.,low
"We try too, but more often than not those who wish to discuss are not on the level, rare is a Lib here in good faith.",medium
I enjoy that general area. Sections 203-205 are good sections pricewide and view wise,high
What kind of response is that it's so shit,high
Great start to the post-All-Star game part of the campaign!,low
"Guys help I can’t stop playing it, my hands are in so much pain!",high
Looks like I found my wife's account,medium
I’m assuming you’re referring to the poor execution of the hanging? He only used half of the holes,medium
I feel like I went out to get the pizzas and I came back to my apartment on fire.,low
Really [NAME] learned after a summer.,medium
One can only dream about having such a good team one day again. Now we have Sansores y Vilchis no mames haha.,low
Yeah...I mean I love him! But he is to smart for his own good lol.,low
"Ask them if they’re going to give you a “test salary” for it... if not, nope out of there. ",medium
I predict one of them is going to be complete garbage and the other one gonna be competent with some critics calling it better than the original.,low
"[NAME] I didn't know this reddit, the comments are wonderful.",low
I love [NAME] but hate Royals and wow this version is so much better for some reason.,low
"Girlfriend is straight off of Shop Hush social app and onto reddit. Someone tell her, its slightly embarrassing.",high
That's the reason I am terrified to wear contacts on duty. I'm afraid it'll get stuck between my contacts and eyes and destroy my pupils.,low
"Anti-vaxers aren't funny anymore, now they're just scary...",low
"Well he's right. The evil is a choice, it's not inherent.",medium
Ha at least you’re in on the joke.,low
Haha good to know in case I decide to go back to church. Some of those seats in that temple are so damn uncomfortable.,high
WHAT!? *I thought you were a local!?*,medium
The lunatic is on the grass.,medium
Maybe ask some neighbours if there have been any strange or noteworthy comings and goings during the day.,medium
"middle of lane is dumb that’s where all the oil pools, lane split seems like no one likes it but that’s more understandable",medium
Precisely this. I don't see why this is such a hard concept for some people to grasp.,high
Yheaaa I always gave me till 35 to decide if I want a kid or not. [NAME] kicked in sooner than expected.,low
Dude you’re honestly unhinged. I think you need a break from the internet for today... it’ll do you some good.,medium
"But atacking it over and over again is considered griefing, you wanted to shoot fishes in a barrel over and over and got caught.",medium
"I tend to invalidate my feelings because I’m always worried that they’re going to think that being silly, I’m always struggling with it",low
i sense a cup hangover for the caps,medium
[NAME] doesn't know the pain of CHRONIC MASTURBATION though. So I think [NAME] has the right,medium
That's the same thing 8 year olds use to try and get my items in video games. The guilt and shame strategy... Pathetic.,low
Would the state be effected by the federal shut down? I’m not sure how far reaching the shut down is.,low
"Moose is pretty underwhelming tonight, I miss JV",high
" Their official logic is that it reduces turn-over, but yeah, the other reasons are kind of obvious.",medium
Solid r/ThisIsMyLifeNow material. I love it. They’re such gorgeous dogs!,low
"Arrow already did break this trend by having a mostly excellent S5, definitely much better than S3 and S4.",low
“Legal” and “real” are different words.,medium
I also hate eating in bed! Snacks that aren’t messy ill eat in bed but that’s it,medium
Her hair is beautiful! I have high hopes for her staying clean and on the right path.,low
"Yeah, which is not helping citizens with continued attempted scamming. ",medium
"In like 5 years, your entire high school career will be one entire cringe. Congratulations. ",high
"Well what is she gonna do, climb over the wall?",medium
If i remember I drank the rest of the liquor my friends and I were sharing then blacked out,low
"You know when I typed ""legal tender"" I had a horrible feeling I was going down a rabbit hole.",low
Isn’t it a relief !,medium
maybe dont do any drugs lol,low
Spending new years in bed hoping desperately not to wake up,high
There would be a lot of sexual tension in faze...,medium
I don’t know why they bother with it.,low
shit. Sorry man :( They have great deals from now and then though via stacksocial. Check them from time to time.,low
"Low sex drive is not uncommon, but one must make sure that one never marry someone with low sex drive if sex drive is important to you. ",medium
Leave chicken in a vat of blue dye overnight and you'll lose all the pink,medium
This is the best. I love it,low
"FS haha you are some guy. >""Not even the [NAME]"" Purely hyperbolic i imagine ;)",low
2 games damn what was in them burgers,medium
"thanks [NAME], very cool! i’m just gonna off myself tho. brain hurty juice hurty my brain too much ",high
"They should build the wall out of [NAME] emails. After all, no one can get over them.",medium
Everything in here I want but all we can do is pray to [NAME] for our wishes to come true,medium
"I want to learn this, but booze seems to make me even more silent.",low
Plus like why would they go for the head? You’d have to break both of his legs to stop [NAME].,medium
Cut out the middle man! Be oppressed directly by your corporate overlords!,medium
That's no trip. That's a hip check with flair.,medium
Now? Look at what they did to rip the Black Panthers apart from the inside.,medium
"/u/DongPhuongDriver, your time to shine!",medium
I can imagine this becoming a thing if Rare/Lego can team up,medium
"Her body, her space. If she was uncomfortable, then he should be respecting her.",medium
[NAME] get better overtime. [NAME] would wreck [NAME].,medium
I can't even be mad that you scored a goal with your face.,high
I think she looked perfect beforehand. They're just too big!,low
Nationally calling them feral with the implication that they had it coming less than a week after their deaths is even worse than spitting on their graves.,medium
I hope [NAME] does some more music soon,high
Wait wait wait... did [NAME] go 61-27??,high
"Google specific articles with figures and data for me, I'll wait.",medium
"Damn, thanks for the source!",high
"But economic systems do determine success of societies. If your economic system doesn't work, your political system will lean towards authoritarianism for it's politics.",medium
So you wouldnt keep [NAME]?,medium
I really wish my husband could get his sleeping disorder under control.,low
Now that you live alone you don't have money left to buy a dishwasher,medium
That's only slightly less clean.,medium
I'd love [NAME] to smash some faces in.,medium
Calling people NPCs really gives you insight on how easy it seems for them to kill and attack others.,medium
Yes! I binged it (I was a late adopter) and then all of a sudden nothing!,medium
Niagara region getting hit hard,medium
"You're asking for scientific proof of spirituality. You're either very dumb, trolling, or you think I'm a charlatan.",high
"Her reply is immoral and disgusting but it is also brilliant. She's not trying to convince intelligent people, she's trying to motivate angry jealous people.",medium
That was the first thing we tried and we could not get it to work.,low
"Excelerate are looking really good yo. They've outslayed every map, are executing perfect plays. Fun, playing to their full potential.",low
Im a revolver guy so I've always admired the rhino and its low bore axis design. The Rhino and the Kimber k6s are on my list.,low
Oh thanks this is really helpful,high
"It'll get better. I know sometimes it's hard to believe that, but it's true. Promise.",high
The sign doesn't have units! Maybe the speed limit is 45 light yrs per second!!!!,medium
That dog did not want saved at all.,medium
Australian here. I hereby agree that this does in fact provoke nightmares.,medium
some one get me a damn barf bag pease !,medium
"Change of top, pump, inner tubes, puncture repair kit & tyre levers, balaclava, lube. ",medium
"I've said it before, and I'll say it again. ""I don't want fucking unity with racists who put children in cages"".",high
My mom and I do the same exact thing. I hate it.,medium
"Hi, will mumkey jones be unbanned?",medium
Explain to me why you’re not attracted to black men without making broad generalizations about their physical attributes or personalities.,medium
"Yep, especially if the mob on reddit is any indication of the group-think that’s going on in 2019.",medium
Thank you for ruining the [NAME] joke.,high
thank you SO SO much for your help <3,high
I've started downvoting people for mentioning meat or animal products in their comments.,medium
"> But my god, that fucking face. Never mind her, what about him further down.",low
In a few years she will probably be claiming to be in her 30s!,high
"Weird, I checked again and it works for me now. It wasn't the first few times I tried to click.",medium
We're not a democracy. WE'RE A COUNTRY,medium
Yeah that makes a lot of sense and I'm glad you looked passed all the negativity,high
Woodfield Mall is pretty good still.,low
"All armed robbers, serial killers, rapists, swindlers all downplay the severity of their actions... ",medium
Theres not really any structure or composition to this. The color scheme is tight but it's just kind of thrown on there without any direction.,medium
The fuck? That ball was still on the ground tho.,high
Geez. Why is Duchene their 3C?,medium
Taking a blood thinner such as aspirin would keep it from clotting,medium
Do they not have a tarp over them or anything? They just have to stand out there in suits and dresses getting soaked on national TV?,medium
"You said it baby, can't wait to see what marvelous wonders the rest of 2019 will bring!",medium
Agreed I also love the snot physics towards the end of the game.,medium
Had one of those in Penticton when I was a kid too.,medium
As comic book guy from Simpson’s would say. WORST. WRITTEN CRIMELORD. EVER....,medium
You’re being downvoted for making a moronic comment - not for your “heroic” efforts here fedora...,medium
I wish I can go 90 days challenge,low
Btw I’m totally including myself in the karmahungry section but that pic was just too appropriate to not share,medium
"nice, was a big fan of REQ but haven't kept up with their progress much the last year",high
Any normal draft game is more serious than a silver or gold game. Atleast thats what I see.,medium
[NAME] playing for the heat always makes me laugh,high
I’ll buy every colourpop collab she does. Good formulas. I love supporting [NAME] and it’s AFFORDABLE. What more do u want? 😂,medium
Love when [NAME] goes for those big hits,medium
Thanks! I've just been so irritable. I am proud of myself and my husband too.,high
"I don't think there's any ""most women"" on this. For me, it took well over a year after my marriage broke up.",low
Man it’s easy to cut your wiener off. Easy!,medium
"damn all you do is rate other people's submissions? worst reddit user ever, and I've been here nearly 11 years I should know",medium
She clearly was too afraid to speak up.,low
Benzos do not help anxiety long term. they make it worse,medium
You mean...I **don't** have to be #blessed and #thankful that I am moving to another country at the end of this month?,medium
"Thank you so much for all this! Nobody else seemed to understand the situation and just tell me to eat better, which I already do.",high
"That's not really true, people judge all the time, it's just that they're usually too busy judging themselves to judge you too. ",medium
"Unfortunately, this sub is slowly being populated by prequel revisionists and the good-ol-day guys. ",low
I was rather curious to see the True North Church receiving $1m from the lotteries commission.,medium
Hmm. I don't disagree. It's unfortunate.,medium
This sub is going to be so ridiculous until he signs somewhere lol,low
"i know there were talks about it, but its doubtful :( ",low
Unblockable feint dodge light beats a roll on reaction to the unblockable.,medium
This girl was kinda like that. She would orgasm walking around if her jeans were too tight.,medium
I work in the clinic as well! There’s a lot about this place. More than willing to talk offline to answer your questions! 4N?,medium
REALITY BENDS TO MY WILL!,high
"Damn you really need a girlfriend, dude. 🤣 ",low
"Sounds like she wants dessert, but hates you eating any cake. ",medium
What if I’m alone and no one knows for hours ?,medium
Kinda reminds me of that pluto pic from nasa,low
"If everyone is wrong I'll still point out that everyone is wrong, doesn't matter.",medium
I would love to see [NAME] play all 60 minutes but nah. [NAME] needs to chill.,medium
I want to clarify that I am NOT scared. I punched the mirror because it looked at me wrong.,low
I've always thought it was weird that they keep their hard drive on the left.,medium
"Oh, it's definitely working and that worries me a lot. ",low
Is it my turn to point out he's clearly at school? I haven't checked the rota for this post this week.,medium
"Could you explain please? I understand each word, but not the sentence.",low
"Ahhh a fellow atheist, I used that in the standard social meaning but no intention of meaning ""god"" would actually bless you lol but thx ",low
I’m anything but little you little puppy kicker,high
Quite surprised I wasn’t on there,high
I completely despise bixby with the intensity of the sun.,medium
"Ok, thanks for the clarification. I don't find it compelling but I appreciate your time and patience.",high
IM DEAD WHERE DID U FIND THE HS MATE PART,medium
Would have been faster to seal it and then pressurize the tube so the kitty gets shot out like a cannonball.,medium
I really like this photo.,low
"It's likely that they don't have much, yet still make poor financial decisions.",low
That tiny shoulder pad is freaking adorable.,low
What a great comeback win! I think that [NAME] goal gave the boys the confidence they needed for the 3rd!,low
"Same. The low cloud is neat, but to me the emptiness of that area of downtown is what's striking.",medium
ooh a piece of candy,high
"It's bad enough to break into a house, but snooping and stealing from a friend?! r/trashy r/iamatotalpieceofshit Hope you have better luck with friends in the future!",high
I think it’s best to leave this to [NAME] Inheritance tax is discussed at 2:00 redistribution of Wealth,medium
"Nifty hands trav, miles almost had that ",medium
"""THE SAMPLE SUCKS! THAT TOWN HALL MEETING WASN'T EVEN AS GOOD AS THE TLIC ONE"" ",high
No reason to follow pros casting setting because they pick what is best for themselves. You will find out what is best for you.,medium
Thanks for the sharing your information.,high
"Introducing, PortaBoobies. Boobies, when you need them!",medium
Praying to [NAME] 😂😂😂 I'm going to use that!,high
"Huh, never heard of that term before. Something new every day!",high
"When I see a Lynx, even if far away, oh trust me I'll go to that cat and focus only him before anything else",medium
How dare they not have the foresight to realize he'll become a president we don't like decades later.,high
Why is this getting downvoted. I love Meepo so much. :(,high
More [NAME] leaving the knicks in a scumbag way (yes im salty about something that happened before i was born),medium
Upon reading I find this to be fake news and I'm disgusted to learn she writes for the age,medium
[NAME] and [NAME] were amazingly cute when both were in their awkward phase where no one had the guts to step forward.,medium
And you've never driven over the speed limit?,medium
Okay thats cool I was asking because I didn’t know y’all better stop downvoting me,high
oh [NAME] I unleashed the beast,low
"There are a number of cases where throws are unbreakable, usually relative to grounded position or rage drives. Not including those cuz they are very specific.",medium
"If the cops don't let you win 30% of the time, stop asking them to play.",high
This feels *so* cringeworthily thirsty after [NAME] ridiculous meet & greets recently.,low
"You know what I love abou you [NAME]? Octopussy. Man, I must have seen that movie... twice.",high
I almost didn’t get that until I heard her voice,low
TIL screwing people over is just fine as long as you hide the evidence for long enough.,medium
Satire satire satire satire Please O lod almight plez be satire,low
I wish I could upvote this a thousand times,low
"Your 'brother' had texted alot of girls and ended up on in Internet many times then, what a celebrity! Did everyone clap as well? ",low
Funny never not will be this.,medium
sad to see [NAME] the man go but realy happy for [NAME]!!,high
Performing good with a weapon that is better than almost every other in the game makes you view them better than average? ok,medium
For sure...sometimes I feel like I will just evaporate into nothingness as the stranger in the mirror looks on.,high
its becoming increasingly concerning that you refer to yourself in the plural.,low
why do they look like their all wearing gas masks,low
Also part of the idea is that it’s nothing special. It’s just our flag. You don’t have to order something different.,medium
I thought my [RELIGION] boarding school was weird but now it seems pretty tame and mild in comparison.,low
That's what *you* want you to think!,medium
"Competent, maybe, but erratic, unpredictable, and somewhat homicidal. ",low
Well said man. I hope you’re doing better now. Love the username btw.,high
"I saw that fan art once, where [NAME] is drawn as [NAME], and its funny cause they're both my favorite characters in Persona and Jojo",low
It would do us ALL a great deal of good.,medium
I'm sorry you had to go through that. Though I'm glad you're out of that toxic environment now.,high
I hate when I get extremely bored doing something that was once all consuming.,high
There are definitely real women like that.,medium
Lol at least stand by your dumb opinion instead of deleting it.,low
This whole comment is just reeeing about reeeing. Reeeception,medium
That’s what really kills me - thinking about this from our daughter’s perspective. Thank you for this. ❤️,high
It's harder to find a decent picture of him,high
I wish I could retort with peep show memes about nazis and pints now. Haha! Cheers,low
there is a difference between being a good villain and being insufferable. He has passed that line a few too many times for my liking,low
"Given the current state of our relations with SA, I would submit that judges should probably deny bail to Saudi citizens accused of serious crimes here in Canada.",medium
"I would hope that Cartoon Network would have nothing to do with it. Would hate to see them ""Teen Titan"" ASOIAF. ",high
To piss people off probably,medium
it has been a while since [NAME] has pulled any pranks on [NAME],medium
"Once I saw who posted the video, I was certain I knew who it was, and I was right. Glad to see him back in action!",high
omg this is a bit too relatable,medium
What kind of dove is he? He is soooo pretty!!,medium
"Their mere presence is all it takes, but being outgoing, gregarious or charming is icing on the cake.",low
I'm already a member :[NAME] Already posted it there too.,medium
That whole episode has some heartbreaking moments. It is probably my top Parks And Rec episode.,high
Probably yes. Impossible to say without details. Has he tried giving the bill to his insurance?,medium
"There’s a lot of us ladies here, unfortunately 😔",high
"Orange man bad ----- > Treason is bad ergo, Orange man is treason.",medium
"after months on months of making gameoverse, he’s had no time. it’s getting the best of him now... pray for him",low
Screw them. We do what we have to do to get our kids to eat.,low
There is zero conclusive evidence supporting this position.,medium
Went in to the comments to look for this. Thanks!,high
"Apologies, I take it all back as I’ve just seen his latest effort",low
"if you look closely, the joke is people fighting on the internet for literally no reason",low
Don't let your high expectations of government disappoint you.,low
Eh [NAME] left before and the show was fine. Then “she came crawling back from New York” lololll,medium
Omg her fake laugh there. I cringe.,high
Looks like they couldn’t figure out how to keep the handle on,medium
Thank you for not making a cake day shit post,high
"Let's go get you a Paunch Burger burger, soak up some of that toxin.",medium
"Yes, but you don't need it to play.",medium
"Lol “this is my opinion and it is very true.” You said opinion, didn’t you?",medium
"Rip time wasted editing, its a shame that not many other people saw this",high
Tell me when you find out how to bowser-wobble,medium
"volunteer as tribute first, we need an example that we can follow :)",medium
"What I said applies to all of /r/politics, not just this incident.",medium
Not at all. I wasn't offended in the least. Thanks for the promotion!,high
Was he in your butt?,medium
I love Caribbean food! I'm adding this one to my list.,low
Seriously? I have to work Monday. I can’t be thinking like that over the weekend.,high
Wha? I’m so confused. I’m so sorry this happened because it wasn’t remotely warranted.,low
Competitive Deathmatch was a huge reaper fest last season :( Had many games where everyone was reaper except maybe two people,high
Having two world class GKs is amazing lol,low
I remember when I started showering every day as a kid. Everyone's first thought was I had a girlfriend.,low
[NAME] is completely delusional. She’s in extreme denial and only hears and sees what she wants to.,medium
It was a pretty shit joke that deserves it,high
You can pull yourself out of it. Fight those urges.,medium
Poor fella just got his arms out of plaster and we’re already making fun of him,low
Nah I dont think the panthers are good enough,medium
"On reflection I might've been harsh on [NAME], but Bandai's existence was forgettable like a swing flashback in Naruto.",low
this is my new favourite thread,low
That's got nothing to do with anything that's happened in this thread,medium
You're just mad because you're starting to realize that you're reaaaaaaaaaaally close to being a [NAME].,medium
I wanted to slap her when she told him she could have died and it would be his fault.,low
I'm with you. Would this news surprise me? Absolutely not. But I'm not believing anything regarding this subject unless it comes from [NAME] himself,high
"I really like this OP, going to start doing something similar - thank you! ",high
(Edit). not sure you know what you are mentioning.,medium
"As an autism mum, I can’t thank you enough. ❤️",low
One need not spend much time in the justice system to understand that this remains very much a real possibility in 2019.,low
"She did, but she forgot she had them in her bag.",medium
Always interesting to hear how dom mechanics kinda seep into other relationships lol,low
"Some disturbing thoughts, but I hope you’re in a better place now pal. ",high
"Its often not like they can fight back or, hell, remember the treatment to give them bad rep later on",medium
Cool. Hope they intended to clean it up but this kind human beat them to it.,high
"thanks, i didn”t think of it that way but i guess it”s true",high
"Well sure his one appearance in relief lost us a game, but at least he didn’t get hurt. ",medium
Hate them. I really don't need to hear about you pissing your pants in the first grade.,medium
"want* a source on that, sorry.",low
When America decides to care that they aren’t paying one of the military branches. Which will be never.,low
"The caption is kinda stupid, but I like the photo.",medium
It'd seem weird being around a handful of other players and literally everyone has a pet dog,medium
"I think it can be good, bad, and everything in between. It's inevitable given the forward progress of civilization.",low
"Can we reply to the Yankees being cheap directly, any time Yankees Twitter posts something new now? ",medium
It makes sense to me. I am a republican in that sense but hate the GOP for the most part.,medium
You become assertive and take back your share of the power and control over your life. Go get No More Mr. Nice Guy.,medium
Same. I only use my controller on my pc for dark souls and other rpg games,medium
Look up info on being an empath. I am one and am complete drained after outings even if I had a blast.,medium
"“No, you cannot get better” LOL",low
Awesome. Glad to hear it,low
Did you accidentally buy the Australian model of the camera?,medium
The stress of electoral politics seems to be incredibly bad for one’s health.,low
Yep. That whole second kid thing is no joke.... Soon this will be a distant memory. That’s what I tell myself,medium
They will never find your body... MORE beautiful than all of your loving friends you wonderful person!,low
I want to see him succeed. Mostly because his last name makes me think of the bad guy from Shrek,low
Yeah....each state gets two senators regardless of population. None are favored. Population is represented in the House.,medium
Is there proof this happened or is it just her accusation? I'm asking because we already know she's a liar.,medium
Has it really been 10 years since brown saved the world. Now I feel old.,medium
"[NAME] fucking [NAME], that man is enormous.",high
Turn in them. Who cares if they’re your cousins. They’re not three years old. They should know better.,high
Just like he couldn’t call his executive producer [NAME] to ask if [NAME] had met [NAME] in TFA.,medium
Thanks for the reply. They are saying the engine issue is in cold weather. I live in NY. Does it get cold where you live?,high
[NAME] steals the game! (and the puck for bouncing off of Detroit players),low
"No lol it's just the sub's flair. Also I was joking about good as gold, that's a song of [NAME] lol",low
He'll win you two games in dramatic fashion and quietly lose you 10 by shooting you out of the game.,medium
Close your damn mouth before it catches a fly,high
It's time to cultivate some mass.,high
"Well I don't think it works the other way around. As someone who is incredibly insecure, I am also definitely not a narcissist.",medium
"I’m sorry :(. Lol. For me, after the ending of 3, and Andromeda, I have zero interest in ME.",low
I’m just gonna go ahead and call bullshit on most of the details of this story.,medium
But he makes her vagina sing! How else is she supposed to act around him. Haha,low
Downside of city based police. State level policing is where it's at. Problem on the Gold Coast? Send police from Brisbane.,medium
That’s a pretty great play mate. I applaud you.,low
Yeah let's wrap up AS4 I'm suddenly so much more excited for S11,medium
"(While I love this moment, she wasn’t a judge, she was an inspirational guest.)",low
Splash your face with cold water. Refresh.,low
That's some good stuff! What did you think about [NAME]?,medium
I can't imagine buds being very hard to find in Hawaii,high
Can you explain how she could block all three spots? I don’t think we understand.,medium
Phew. We can safely disregard anything he says then. I thought he might be talking about another EU referendum. Cheers!,medium
We need [NAME] to review this...,medium
"Like [NAME] Dad who was replaced after only 1 appearance, [NAME]",low
"Yes. Wait until recreational marijuana is legalised federally. Portugal could legalize all drugs including cocaine, but they are a small country.",medium
"Could be worse, could be funky town",high
He also owes [NAME]. a little payback.,medium
You weren’t supposed to know. You’re not psychic. He’s being unreasonable,medium
"And there you have it, the left who argue with personal attacks and cnn buzzwords.",low
Same here. I appreciate the truckers in this sub and how they emphasize safety.,low
I liked the edgy sexual attraction. It was intense and I was drunk on it.,medium
Not if he signs it. And he has made statements that contradict the 2nd amendment in the past.,medium
"Also, the Detroit Police Underwater Recovery Team is a thing that I want to learn more about...",medium
Because the sky is orange?,medium
Doubtful that's why he did it. Which in turn leads to even more disturbing reasons possible. SOS,medium
The horizon is very beautiful in this game. You should look at it often.,low
I love [NAME]. I really love him. Xx,low
"I like the sound of that, shes definitely a bitch what does chutzpah mean?",medium
"Try nonchalantly handing them your card as if they had dropped it. I think its normal to be shy. *handing on exit, otherwise it could get awkward",high
You know [waves hand] Everyone.,medium
[NAME] has lost it and I'm loving it!,low
I suspect that it's harder to combat sexism in academia because racialized theories have fallen out of favor but sexist ones are still all the rage.,low
"Wow, you really missed the point, didn't you?",high
Ahaha alright. Im done. Peace man good luck with everything :),high
Kids are playing fortnite. I have a few hundred hours played of the latest COD on PC and have encountered maybe one kid on comms.,medium
Did he mention what you guys would do?,low
I hope all of y'all that are commenting isn't all men because not all women do that!,high
The rape of one? Millions of women have been raped. Rape and murder is also a tool of war.,medium
"Remember, his cousins ex wife is meeting him for conjugal visits, I think she might bring him the newspaper he used to own.",medium
Goosebumps had the same take on those too. Those books used to scare the shit out of me,low
I know of two people who did the Keto and some intermittent eating and got off all meds.,medium
"Dirt, glass, poop whatever you dont want on your feet.",medium
"The reason most people don't get the joke is because it's such a bad one, that they think that it's not meant to be one.",medium
I love Dr [NAME] and [NAME] at 8 West Dental in downtown. Edit: Called Dr [NAME] the wrong name.,low
I think the 90 day rule applies to increases over 5%?,medium
Thank you. I’m sorry that happened to you.,high
Your mother is an idiot. If she somehow proved that you were an unfit parent to your children your stbx husband would get them not her.,high
"He’s had big games for us before, it’s just his lack of consistency and effort ",low
"What makes BDS anti-Semitic, as opposed to just anti-Israel? I see the two frequently conflated, which I think is a mistake.",medium
"I'm wondering how many players have ""PhD In Punishment"" -comment unironically.",high
"“To fight there civil rights battles for them.” Okay, with that in mind, do you agree with the message of the Gillette ad?",medium
That's crazy. Glad you got your money back though!,high
Why is this my fucking friend [NAME] 😂,medium
"Oh... I read that the fedora made her sweaty... I can't imagine head wear making someone moist. But hey, there's something for everyone.",medium
My second doc! I’m a student from Cleveland and would love any tips you guys have.,low
>Israel is literally an apartheid state It's literally not and the proliferation of that accusation is based on ignorance and simplistic understanding.,medium
Aw thank you! Glad you enjoyed it :),high
[NAME] has weird ideas about everything.,high
"Yes, we are going to kink shame you. ",high
Tried to think who else could compete for that honor and didn't come up with many: - [NAME] - [NAME] - [NAME] Anyone else?,medium
"730,000 readers and only 6 posts in a week? Wow...",high
"Oh, real cool! Thanks for the references.",high
you didn't win fast enough and it's already mana 10? guess who deserved that bolt right in his face,medium
So he is half decent. Glad to see your finally making some sense.,high
You’re a moron. That is called extortion and it is a crime here in Canada. [NAME] would have been locked up within hours...,medium
“I’ll never step foot in a gym again”,medium
What are those baby blue thingies?,medium
"Can you explain what you mean? I read this as you would allow someone to insult, emasculate and demean you. ",low
"Yeah, that's why I'm not feeling like there's much I can do except vent.",low
"feel like i could describe my thoughts as very noisy sometimes, but my thoughts doesn't really have a voice or noise ",medium
Can we get a guard too? This is my dream.,low
Xbox 360. I’ve never gamed before so I’m excited.,medium
I'm glad they called it. Basketball is so dumb in that it's one of the few sports you're rewarding for committing a penalty.,medium
Yay! (Tech will be improved. Eeeek.),high
"""We must fight!....to run away..""",medium
Why was this post removed? It wasn't even bad.,high
I wonder how many tries it took to get the spacing right,high
"I think it’s funny, especially those eyes! Lol",low
I was also bullied at work. I was on lithium for a while. You're not alone.,high
Thats a good way to lose any good will free agents might have about coming here. Promise them something in a deal and then immediately reverse course.,medium
"i like memes, I just don't like following rules for making memes.",medium
"[NAME], learn some fucking grammar and punctuation. Maybe use some paragraphs. Just an idea.",high
Cardinals/ [NAME] MNF. Give the people what they really want!!,medium
Any man who won’t fight for his kids isn’t worth your time.,medium
> it's not the fault of the mods or uses of this sub. They are the people enforcing it. Why wouldn't you blame them?,medium
This makes me so happy for you ♥️ I am glad you are getting the right kind of support you need!,high
[NAME] would get jealous easily.,medium
Thank you love. I really appreciate your input,high
"31? Congrats on the wizard powers, at least. What spells did you learn?",medium
"Yes. Things come back fast, though. I think its an aspect of the 'eternal adolescent' brain.",medium
[NAME] doesn’t roll his ankle on a 🎾 in 2011 and we win a premiership imo,medium
"IMO there are quite a few jobs that are criminally underpaid, but that's just me.",medium
Pick them up and put them outside.,medium
An angry old person yelling at a retail worker will never listen to reason.,low
Some people are just very special lmao,medium
This interview has so much gold in it. The Wreck it Ralph bit is my favourite.,high
"Yeah, the big thing I'm glad is he hasn't ballooned up. ",high
Be Advised “stay away from alcohol” Focus on the kids Do not engage on a campaign for justice Get well soon bro.,low
"I was wondering what that was and now, I need to go get some brain bleach.",high
Minimum wage hurts small business more than it helps the poor.,low
I’m thinking it’s from when she was abused when she was pregnant and lost the baby.,high
It was believable until the “almost got beat up after class” part,medium
Taxation is not an aspect of socialism,medium
"he said the victims who survivied ""pushed a fat person in front of the shooter"" yeah that really 'making fun of bad ideas' ",medium
"You went from hot to hot, that’s crazy!",low
1. I can hear this picture 2. Something about the innocence of this makes it not cringe to me,medium
Wasn't hurtful at all. It felt comforting to me reading it. We're all good.,medium
That’s absolutely fantastic but I literally was only pointing out the last time I can remember Connecticut being in the national spotlight.,low
Which sex communicates better? Typically women. Don't judge this guy like your girlfriends. he sounds pretty normal to me.,medium
This is not looking good for China's typical method of say whatever the other side wants to hear then do nothing.,medium
" Now, can you make another applet to change his wallpaper?",medium
A fork and spoon could be a fapoon?,medium
Haha this the best [NAME] answer to this question. Right to the point. <3,low
"Yeah, I can see how that can sound that way",medium
Go take a shower your personality stinks,high
It’s Woosh with 4 o’s r/woooosh (The most popular one),medium
I love CO2.... ... as carbonation in beer and soda.,low
"Yeah, life in America is horrifying. Give me a break. ",high
Should I skip 1 and go straight to 2?,medium
"I know what you mean and with me, I love animals. Do you have any hobbies you like to do? ",low
Is it a radical opinion to say no two consenting adults should not be able to kill each other lol,medium
I really applaud you for your patience...,low
They are the furthest left of the major parties mate.,medium
