text,actual,predicted,actual_label,predicted_label
great video presentation burnout way depression dr mark differentiate two well big issue course whether workers need slippery slope into depression some may know mental disorder such as clinical depression rob people life expectancy suppose live get years less workers need ask themselves serious question score highly one one more three domains maslach suggest follow organisation other people around burn suffer other workprecipitated mental disorder eg anxiety disorder depression substance misuse disorder why get point how long all go why fix system after long because burnout doesnt develop overnight how likely fix workplace issue next months hold job more months im clinically depress now succumb develop clinical depression mean allow myself make ill job next obviously cant answer those question each person nor advise next ask oneself question honest better,1,2,Medium,High
use subconscious rewire release anxiety clients try doesnt take long give them back their confidence self belief wish all happy heal,2,2,High,High
know every time panic attack remind myself its head suck when little things make feel like shit anyone else get trigger stupid things like im even piss myself now feel mad mom like dont know tell someone health anxiety dont look right ugh,2,2,High,High
never anxious about next day next day its own anxieties,1,2,Medium,High
your videos really help lot recently feel much more motivate studywork less lonely when play your videos background thank appreciate much,0,0,Low,Low
goal finish note chem exam superglue cyanoacrylate adhesive superabsorbent polymer thank video really need rn,0,0,Low,Low
stress because after study online hole year now write our final exam offline mode who same problem lol,1,1,Medium,Medium
hi everyone last month daughter deliver weeks early nicu next couple months its hard time emotionally physically financially help deal all start journaling about our experience decide turn them into mini zines printable little comic book set up patreon account which allow pledge month return reward,0,0,Low,Low
lady give anxiety get point,2,2,High,High
develop cardiophobia as result recur panic attack its emotionally drain despite fact exercise time week eat healthily theres family history heart attack,2,2,High,High
days now take one most important exams our live national high school exam its similar gaokao china these piece music calm scenery really help hope perform best abilities exam time may really stressful believe everything alright achieve lovely result chance attend dream university wish myself everyone else exam best luck guy,0,1,Low,Medium
amaze never give up think sometimes youre really tire must take break relax,0,0,Low,Low
things between us amicable until point now atmosphere different hurt now because shes act indifferent like shes totally unaffected which might well dont know shes pretend shes already move someone else someone shes like while her boss try three time bring her up talk about her,0,0,Low,Low
focus yourself focus your prayers remind name,0,1,Low,Medium
yeah nothing change here again guess interestingly therapy help some sense,0,1,Low,Medium
literally watch right before exam realise didnt balance diet week,1,1,Medium,Medium
good ways deal stressi prefer hug,1,0,Medium,Low
now make another applet change his wallpaper,1,0,Medium,Low
wonder why body show physical sign stress need doctor visit physical therapist sessions when didnt feel stress anxious must busyness million micro stressors deal daily,1,1,Medium,Medium
its crucial acknowledge approach work fact extremely harmful whats cause overwhelm something need confront avoid something must least tackle ultimately cause become even more overwhelm,1,1,Medium,Medium
keep motivate mom because want study thats reason im school rn,1,0,Medium,Low
think might get depress sadness feel different im hopeless future feel reject everything everyone im tire slow dont want get bed dont see point im force myself eat popcorn lunch,2,2,High,High
thank mervei plan schedule accord video genuinely study hours minutes break,0,0,Low,Low
tackle procrastination headon create momentum set up success,1,1,Medium,Medium
same same time when im tell other people feel same feel panic hopeless even morebecause tell its normal others feel same like tell welcome rest world,2,2,High,High
im panic attack right now,2,2,High,High
ive never actually study like before im work geography moment havent felt bore nor lazy currently school night cant sleep ffs im yrs old im currently g december ill exam g psacwhich optional choose motivate much definitely subscribe wish say more right now im tablet its difficult type see ya soon mention didnt take any break haha,0,1,Low,Medium
higher amount previously ive figure things each day get point may exhaust all options repay money along some interest once get pay although id love split between pay next months possible thats ok,0,0,Low,Low
because those place nice one watch xd place nicer environment make u feel like study more,0,1,Low,Medium
hold weight ptsd due pass friend dirt bike crash unfortunately witness when cause many problems anxiety panic attack along immense fear death hypochondriac tendencies go away time age practice sometimes try come back into life stay busy drive try work some capacity because help period love yourself together life circle change want see others find smallest hint purpose let help gain your momentum back,2,2,High,High
im go practice everyday school get many intrusive thoughts affect relationships ill overcome,1,1,Medium,Medium
those interest three arrows great video debunk name leftists lie,1,1,Medium,Medium
im study history start night because like procrastinate im try fight these videos help lot concentrate music help relax as well thank abao,0,0,Low,Low
thank mrs mcadam video really help deal stress warm regard,1,1,Medium,Medium
ive exams almost months straight now honestly run low concentration motivation feel like thing get sit down work again point otherwise im procrastinate all time once bgm start im focus ready start,0,1,Low,Medium
every time name one these things keep remember trinity soul exist memorable show,0,0,Low,Low
watch few these videos topic until get one felt none others really get anxiety fear rejection like fear feel anxious certain situations as soon as think about anxious feel,2,2,High,High
thats trip thats hip check flair,1,0,Medium,Low
wouldnt keep name,1,1,Medium,Medium
hes get rest try see how handle starters role,1,1,Medium,Medium
arent alone get thru together all your corner cheer try some deep breathe front under fan get nice cool calm breeze help remember anxiety actually our friend dont try hard get rid instead listen control,2,2,High,High
get freak cancel again now im worry theyll find about later send collections damage credit ruin life without ever know hope sound crazy everyone else as well because its eat alive nothing help point even medication why always,2,2,High,High
research find shrooms helpful really help reduce anxiety depression love try magic mushroom cant easily get some there any realiable source purchase one,2,2,High,High
thats adrenaline itll set soon haha,2,0,High,Low
hell kind useless annoy bot beep boop off hell bot,2,2,High,High
bruh go psychatrist even meds highly examphobic nausea even hallucination complete energy burnout go completely nut meds,1,2,Medium,High
hello merve study buddy recently thank,0,0,Low,Low
your video magnesium help less anxiety panic throughout day night still challenge im go give up im come up different ways lesson them nights simply pass best even though feel disengage body morning pray everyone wake up heal healthy,2,2,High,High
share your favorite travel destinations book movies show music food tell them its like as guest host whats your style travel airbnb host tell them about life motto how much glitter generality follow truth count as complete airbnb host dont want nor need know,0,0,Low,Low
im go crazymy stomach hurt worry muchive study much exam th february hope everything go well,1,1,Medium,Medium
nami think artistic great sense style your videos relax always look forward them thank california usa ps put cookbook your favorite recipes,0,0,Low,Low
help here fellow anxious gather maybe create elaborate plan help avoid idk phone phobia these really important conversations ill call lot depend explain things demeanour lot things go terribly wrong im absolutely socially inept phone call one worst ways say word make sense please help,2,2,High,High
its strange because due recent life event feel like prior burnout now spiral into lowlevel depression its probably best consult doctor irl selfdiagnose thank helpful comparisons,1,0,Medium,Low
wim hof method breathe almost completely cure all anxiety depression experience actually start cry when realize longer mercy stress its beautiful thing free highly recommend check his beginner video breathe slower pace send all love friend,1,2,Medium,High
thank add anymore active challenge cause stress bet active challenge bring along their own passive challenge get stress think about add more,1,1,Medium,Medium
one thing say channel its amaze help lot study,0,0,Low,Low
thank much really need now,0,0,Low,Low
rap two different people as kid between age rap someone whos name wont even call when eleven rap odd couple guy rap woman present while happen dont know its every time crush someone someone always fall one best friends really feel like wont able sex unless extremely drink its really about lose virginity anymore because already steal its about freak how guy,2,2,High,High
its beautiful de atmosfera create your videos thank much share,0,0,Low,Low
its miracle how religions start,1,1,Medium,Medium
comfort inspire,0,0,Low,Low
say burn consider nervous breakdown,2,1,High,Medium
know suck isnt like its new perk multiple swf probably all now,1,2,Medium,High
keep overthinking about modules because deadline near,1,1,Medium,Medium
look good chinas typical method say whatever other side want hear then nothing,1,1,Medium,Medium
hold go long one folks meet alex work about year ago collaborate few project similar roles never work directly same team when first meet him wasnt romantically interest him relationship know age difference something radar,0,0,Low,Low
im currently deal im glad read nice reminder thank lol,2,0,High,Low
there need anxious about examiners understand make minor mistake your grade wont affect,1,2,Medium,High
stress how accurate except love school part lmao damn anxiety really suck honeslty scar think because might regret misssing oppurtunities ive miss all due overwhelm anxiety id rather avoid situations make feel slightest bite unsafe,2,2,High,High
everyone say get better wait years still wan na end life,2,1,High,Medium
dosent work make more depress,2,2,High,High
exams one week ahhhhhhhhhh wish luck,1,1,Medium,Medium
stop give shit about deadlines work your own pace make sure earn easy good wagie point help your team unblock stuff youd surprise how much get away little productivity most job onboarding new devs pain wont get fire miss deadlines especially arbitrary warn management take more time,1,1,Medium,Medium
disrespect name dont like her,2,1,High,Medium
think cuz social anxiety s hard daily live anxietyi wish anxiety go awaybutthings ll better small step important reduce anxiety,2,2,High,High
sound rain soothe music piano help study without stress,0,0,Low,Low
want talk about because support group wife cant handle much more uncle live close nh want get news station take story say long ago post more under title username hope read comment maybe its happen,2,2,High,High
video really help uderstand anxiety every single word phrase say video useful because anxiety dominate life because understand life lot worse now when understand everything about feel like eye open again everyone who read keep up alone world your head nice life,2,2,High,High
how send money,0,1,Low,Medium
there therapy help depress because country as long as here depress,2,2,High,High
years after comment anxiety panicagoraphobia come back full force stop cbt mediation techniques everything believe thats make go back old ways im work again,2,2,High,High
thank much wonderful weekend,0,0,Low,Low
talk about mental health whats best society because deep down everyone crave human connection,2,2,High,High
disagree medication part glad video help many people experience anxiety depression come chemical imbalance serotonin brain its anxiety about day day things its anxiety panic reason all best day panic attack reason start get really bad medication help fix long run make feel good moment finally feel like myself again maybe all some people really disorder emotion its ok get help without feel bad about need medication like its your head want share story hope help someone feel little better,2,2,High,High
love get panic attack like crazy all above get over,2,2,High,High
however important things personal care stuff fruit cereal bottle cap cookiescrackers rest dunno expensive then all mean go ahead put make things easier everyone here ill place star stuff really want strawberries lbs wonka bottle cap candy oz,0,2,Low,High
video well shoot thank share your day enrol ai course,0,1,Low,Medium
overly positive tone video doesnt work negative tire emotions now video make more anxious,1,1,Medium,Medium
didnt even describe rush adrenaline head arm panicuh sorry feel like youre dyingok yeah panic panic panic reason,2,2,High,High
oh name thats awkward,2,2,High,High
yes society applause uplift real man example care family,1,1,Medium,Medium
ive start downvoting people mention meat animal products their comment,1,1,Medium,Medium
same wake up m ok wait anxiety kick start,2,2,High,High
know scary when pray front yet entire thing angry attack god try get into beliefs here happen know know how wrong when tell one day tell anyone actually threaten suicide front his ex wife knife yet still paint her as evil doer story know lie when make sure tell about how crazy one his exes go end accuse him rape why even bring up how after take another ex home injury while together might try lie say something happen nothing give chill when man tell his ex wasnt his childs mother her murder long ago friends offer help,2,2,High,High
im sorry its truly immobilize try take deep breath meet shallow yawn ive take wellbutrin since leave comment major panic attack go daily fullblown attack about every two weeks feel slightly panickylightheaded throughout day first time two years ive able talk myself them step breath fresh air im total shock never think see light end mental tunnel still struggle its nothing like before own research use physical mental cop practice save life alongside meds reach need someone talk dont know know pain feel all together im always here whatever kind stability,2,2,High,High
wim hof method breathe almost completely cure all anxiety depression experience actually start cry when realize longer mercy stress its beautiful thing free highly recommend check his beginner video breathe slower pace,1,2,Medium,High
your videos amaze help mental health battle want thank everything post dr mark whether its depression adhd always point make guide post how meditate feelings move forward treatment thank,1,2,Medium,High
possible person become burnout depress same time,1,1,Medium,Medium
burnout person show someprominent psychosomatic symptoms eg headache sleep disturbances,1,2,Medium,High
thats cool toy please tell device like camera camcorder phone use video shoot coz plan same one sydney hope let know thank lot regard,0,0,Low,Low
congratulations your song its really nice listen definitely top playlist video,0,0,Low,Low
up come hit single new daddy every week,1,2,Medium,High
want create some exam anxiety exam pressure anxiety,1,1,Medium,Medium
ill give another reason why people dont tell their feelings because nondepressed people want see feel your pain pain infective see every time depressive crisis create devastation around whenever fail hide tear say want die fianc get sad way look one someone disappoint fact prefer die live life him same go mother logical consequence say tell how selfish want abandon them which real actual most selfish thing say paraphrase say look couldnt bear amount pain deal must stay here planet ill even make close psych ward necessary because must continue suffer behalf because im selfish mental wellness come before yours tell us those word stay here feel guilty our suicidal thoughts feel fear hurt our beloved ones express those thoughts its cage where nondepressed family friends kick us,2,2,High,High
end up spend indefinitely long period time together never seem like end really like able hang her like cook dinner go bar watch movie example then both go back our individual home our own thing seem impossible guess im really necessary constantly physically healthy relatioship flourish unreasonable inconsiderate desire alone,0,2,Low,High
thank muchi stay concentration more time,0,0,Low,Low
feel stress today suddenly pop up notifications thank psychgo,1,1,Medium,Medium
never realize perfectionism serious mental health issue until now believe smoke crack healthy,2,2,High,High
how cure stress wash dish bring mom jk love video fascinate ideas,1,1,Medium,Medium
wish your efficiency work full shift still get almost nothing,0,2,Low,High
start feel like share why want here today read statement myself six half years relationship luis first time physically assault first time knock unconscious another human choke incident here today first incident domestic violence report police,0,0,Low,Low
im cry rn mom say talk her cause dont respect her doesnt even respect im really stress school,1,2,Medium,High
frustrate first time stress ugh big homeworks week submission,1,1,Medium,Medium
tip kind problem think im go park mall when im go yo exam its really good try reply solution,1,1,Medium,Medium
mean nowadays first grader expel as sex offender put registry anyway,1,1,Medium,Medium
walk up door unlock open its k boyfriend stand sight ask him hes here say nothing star blank stare then get weird gut feel ask drink which shake his head,2,2,High,High
ive never anxious about test dont get why people get worry about,1,1,Medium,Medium
sleep hours then woulnt enough time study,1,1,Medium,Medium
want add hardest part dev concentration require excell kind work dont work faang employer actually everything make life as comfortable as possible us devs end day sit front screen hours day barely get any movement during time barely get any human interaction during time due remote work after hours concentrate logical solution find brain fry function social set anymore spend rest day recover dev mean lonely exhaust mentally most time least experience hardest often think about drop everything work as barista sth pay benefit like golden handcuff,1,1,Medium,Medium
cant guarantee never change mind ive never dream happily ever after dont really believe eternal love soulmates all stuff guess its really likely im asexual aromantic love sex love him nonplatonic way cant compromise kind thing wouldnt even know how meet his family pretend like them pretend bond them pretend care thats really lie make him happy ive try before make hat myself them ive always tell him truth about level commitment im comfortable nevertheless feel like im lead him,0,2,Low,High
biology finals th help much thank abao,0,0,Low,Low
loll come here presentationthe topic how relieve stress topic give stress,1,1,Medium,Medium
remember there millions students who bring straight as still never get into good colleges sure shouldnt fail ur class ur goal stand get couple bs internships research extracurricular activities volunteer etc then theres much higher chance get into good college,1,1,Medium,Medium
experience burnout until recently fire soul peace give much company wait years raise get cents annual raise straight up disgust hat go there every morning simply autopilot didnt feel present all feel depress when there look forward weekend happiness short live because sunday dread work monday its crazy how give much these company give pennies im tire let someone dictate self worth fire late because hat come there when say late there like min late lol office didnt any windows sky couldve fall u know environment felt like suck soul work wasnt fulfil all hardest part reprogramming your brain keep tell myself self worth tie company never go there long enough retire anyways move seek happiness different company feel crappy because didnt own term thats ok life move wish luck find next job,1,2,Medium,High
im obsess over new relationship like its start cant get clear him think us etc havent hear him all day im think point may leave his phone home something accident im check phone constantly even facebook messenger see hes log all today,2,0,High,Low
go back class show youre english teacher yore post theyd note ewe,1,1,Medium,Medium
anxiety attack all time whats help think as energy learn how channel into something productive proactive as soon as big wave energy come ill take huge breathe keep myself ground its easier say might work everyone hope help gl,2,2,High,High
like know get herself into bad situation now im try put doubt her head about her girlfriend how its okay because her girlfriend depression well severe depression never hit her once nor cut her off everyone ive severely manipulate before dont know mine ever bad need answer,2,2,High,High
im uni entrance exam about hour freak,1,1,Medium,Medium
dad get bad accident critically injuredbut competitive exam some days nowyour video help gear up again pacethanks save future,0,1,Low,Medium
say love her when good otherwise wouldnt together tell didnt want tell all those mean things then again im think ive come up follow idea straighta university student ive devise rat system handle aggression,0,0,Low,Low
english bad thats okay know enough say thank thank inspire use own language now bugn bende gibi kalktm ve iki konu altm hareket olsun diye dance ap dans ettim d baya elendim kendi kendime ok iyi oluyor size de neririm sonra ders videosu izledim paragraf zdm kahvalt yaptm ve bu videoyu izledim kahvalt yaparken saat daha ve ben bir sr ey yaptm bile bir de gnn sonuna kadar yapacam eyleri bir dnn erken kalkmak gnnz gerekten daha verimli yapyor ve akam kafanz yasta koyduumuzda yorgun bile olsanz huzurlu oluyorsunuz nk gnn dolu dolu geirdin ve bunu bilmek sana huzur veriyor ve yarn olduunda yine dolu dolu geeceini biliyorsun erken kalkmak hayatnz bir dzene sokar hayatnz dzene girdiinde daha fazla verim alrsnz mutlu olursunuz,0,0,Low,Low
start panic attack during covid,2,2,High,High
man cant believe how accurate these tip thank tou much depth heart stress mess digestive system test always embarrass stomach noise before test go bathroom once every hour genuinely suck feel defeat lead more procrastination fear make mistake see grade dont stress more relive feel honestly even your tip dont work more appreciative thank,1,1,Medium,Medium
thank your word really important,0,0,Low,Low
fuck name its always name,0,1,Low,Medium
well say hope more more people continue realize discovertakeback their power,1,2,Medium,High
omg perfect please more videos like thank perfect,0,0,Low,Low
work wake up get up same time every day even when work worry about time go bed few late nights get enough fresh air exercise eventually want early night two catch up your sleep sleep best thing stress anxiety worry about get enough counterproductive go flow get into fresh air walk exercise gym all well nothing beat outside even when weather cold wet wrap up try reduce your coffee intake im good least try try analyse your feelings worry find bottom your worry write some possible solutions them use welcome distractions like read puzzle creative pasttimes drink alcohol when stress anxious sometimes accept stress anxiety inevitable when certain situations shortterm accept dont fight tell yourself shouldnt feel way how feel pretend otherwise cause problems down line,1,2,Medium,High
dad must love monster high as well,0,0,Low,Low
social anxiety general anxiety different thank xx,2,2,High,High
im need quick assistance make purchase store next door condo plan split items cost across two card pay one card go put rest other card which show balance more available decline some reason appreciate someone send via google wallet as transfer over within minutes allow make purchase returnor before send via bitcoin current rate bitcoin go amount continue increase value,0,0,Low,Low
arr alone finance peer family cdemic many type stress mental stress academic stress social stress stress daily life few foundations stick organization properly put into calender get everything organize time management intense focus work time when productive experiment find your time exercise maintain social support connections friends target strategies slow deep breathe mindfulness watch pain rather reject ignore try hold emotions observe bodily response manageable step one step take today closer final goal,1,1,Medium,Medium
hello ive stress many subject content end years come weeks youre videos really help manage time better im definitely more productive use these videos thank much anyone read good luck,0,0,Low,Low
never get exam anxiety,1,1,Medium,Medium
think ted talk change life little bite lot either one change something im high school student who go through lot these past few years face lot academic pressure give immense anxiety doubt myself fear failure additionally always tense certain things trigger panic tire myself study pursue everything best then breakdown most random exaggerate panic attack family suffer deal however remember watch few months back then bad consider get medication because couldnt even enjoy day off where there worry without worry now know though resist anxiety come acknowledge let exist normalize turn make manageable part reality rather perpetual source intimidation anxiety now something fix anymore itself calm down before all say want anxiety go away dont want come back ill fine work hard tire all sure as long as im anxious longer think like thank speech,2,2,High,High
name least favorite all name love interest all live action movies bite,1,0,Medium,Low
look starve still some honor dont need any help your people especially cents day,1,1,Medium,Medium
im study last sc exam right now design technology paper which less hrs usually prefer study after lunch pm pm study morning when sun nice thats im right now,0,0,Low,Low
wow med school insiders cant thank enough literally take note u say thanku much there us students,1,1,Medium,Medium
thoughts pour into head theses past few days terrify wonder drive car off side freeway feel like relief come end feel hopeless dont want feel way anymore wish gap wind go into hospital fix,2,2,High,High
attack last about ten minutes feel like im choke extreamly dizzy begin get cold cant make sence whats happen around cant say panic attack during these often time want die dont feel again peak feel like im about cry need move point eyesight become incredibly sharp reaction time drop dramatically become hyperaware souroundings even more normally hear all sudden become sharper locate people wall ears sense touch become ao sensitive avoid touch things because dont feel natural then go into these after effect andrenalin rush crash normally its two cycle over three hours absolute hell,2,2,High,High
ive depress long time seem useless bad music help relieve fatigue stress thank share person who read comment wish great success health love happiness,0,2,Low,High
one issue ive lately constant background feel like tomorrow go worse know like todays work struggle tomorrow worse want able wake up morning think all negative outcomes happen want automatically see better outcomes atleast balance outcome,1,2,Medium,High
panic attack make your muscle ache hurt different part your body,2,2,High,High
oh boy somehow get political remember every one holy apostolic universal,1,2,Medium,High
sometimes voice catch minute flush dark red feel like heart throat like its close up bite bump bump bump,2,2,High,High
really enjoy video try some things mention video helpful find good foundational morning routine suit lifestyle thank much share,0,0,Low,Low
today come home girls up halloween candy all over room their dad sleep alongside them after couple minutes bitch say oldest tell your mom shut up get top him say dont ever again,2,2,High,High
every single day im get fb message her say combination follow im feel sad im ugly im fat im scar arent attract,2,1,High,Medium
u mind mom now her jaw hurt pop when open wide dilemma emotional person emotional skin raw any slight change others affect greatly side note develop ptsd grow up scar older brother saw him hear him fight family many many time grow up since move good hope its go away,0,0,Low,Low
even think therapist suppose actually care actually seem understand start therapy because think care start therapy because jump off bridge year ago year old brother sister who young process suicide wrong therapy thing figure now feel like all live part really like how kindly another part feel tie down these days get tire town want pick up pack go down open road as time these past years reason dont,2,2,High,High
sorry typo essay style exams,1,0,Medium,Low
im med student student all im work admin assistant bite something about ur routine soothe definitely subscribe,0,0,Low,Low
well then guess im good hide point mum think im lazy human who doesnt put effort study attend class truth panic attack feel suffocate as soon as step into campus social anxiety depression ptsd school bully really break heart when hear her say felt disappoint ive force myself stay uni despite depression dont disappoint her waste many years place cant survive finally decide quit now ive become useless thing her eye,2,2,High,High
even true actually gain misrepresent data,1,1,Medium,Medium
almost take impromptu break timer immediately get back track thank,0,0,Low,Low
three them say sorry actually cant give some noncommittal excuse whether work school relate even though school start up again about week ago midterms far away disappoint figure happen still fun three other people come wake up next day other three friends text couldnt come either vary reason sorry upset entire day tell mom about tell didnt realize none them really close friends since people actually friends dont flake like plus none them ever come over place vice versa anything more hang every now then,2,2,High,High
sole round panic attack back early scariest most traumatise event whole life suicidal time its like body finally take control show want die make believe death here room creep inside find want fight back show heart brain strong enough make passive uncertain come sure strength more selfconfident ever way understand instinct animal get utterly feed up heart brain forever fight over rebel once take real control finally get diagnose general anxiety disorder medication rather stubbornly believe alone define life purpose short long term,2,2,High,High
im glad find junior dev job sort public gov sector thats really chill like absolutely pressure internal software develop perfect balance life,1,1,Medium,Medium
come wealth doesnt diminish say never struggle everyone struggle thats delusion your part everything survival work part time job live one bedroom cook yourself survive most people sacrifice work more full time hours order build up way things shouldnt stick there your your something wrong,1,1,Medium,Medium
almost its year suffer anxiety somehow control sometimes still anxious go friends dont like go club restaurants fun eat still feel anxious about,2,2,High,High
good video think language behind burnout focus job work burnout happen nonworkplace situations like demand relationship school there phenomenon autistic people get burnout mask their more obvious symptoms like stimming force themselves make eye contact again good video think focus work alone some people burnout may walk away think arent therefore help themselves ways need,1,1,Medium,Medium
anxious test where cheat edit yeah didnt go as plan,1,1,Medium,Medium
thats good way lose any good free agents might about come here promise them something deal then immediately reverse course,1,1,Medium,Medium
yeah youre right job wont last forever thank,0,2,Low,High
dont know why happen use these really bad panic attack up until about decade ago since then ive feel like one long one years ive constant state panic its as severe as full blow ones im always short breath jittery increase heart rate bite warm super aware surroundings time feel like im one loud noise away pull seizure lose consciousness take mind off breathe stop,2,2,High,High
love your channel man btw strategy any test aim perfect score help boost test grade use take test heck without care thats why test score college lower want since last year ive strategized aim perfect score test even though dont get perfect test score every time definitely help prove ive take exam where didnt study all because busy unfortunately fortunately get c because confidence aim perfect score test instead worry about fail test because lack study aim perfect score instead try best work however everyone different,1,1,Medium,Medium
long story short alternator module radiator go cost repair after bill pay monthly groceries necessities afford pay bill payday loan question because charge interest add bill our already limit fund any help extremely appreciate kid without car really easy,2,0,High,Low
exactly why im feel overwhelm now perspective pursue challenge different mindset,1,1,Medium,Medium
start new job school kid work hard dont often listen massive breakdown want run kill myself weird thing two days job mind know keep zoom feel sick body feel shaky cant calm feel like im full adrenaline now ive able sleep feel like im go feel ok again,2,2,High,High
how dare foresight realize hell become president dont like decades later,2,1,High,Medium
want remove burnout possible mam,1,1,Medium,Medium
same person even,1,0,Medium,Low
one small tip really want hardwork after each session minutes break review revise everything youve learn past minutes remember long periods,0,0,Low,Low
old news post two three time already,1,2,Medium,High
trae make sure traetors dont make fun his pt,1,1,Medium,Medium
literally hate school much miss work got ta get week,1,1,Medium,Medium
agree while im home away other house mat who sit study common space nice replacement maybe even better lol,0,0,Low,Low
same think,1,1,Medium,Medium
favourite all your videos your talents amaze always listen study hours,0,0,Low,Low
our little angel both gaga him money extraordinary tight adjust parent life sleep deprivation tough both us fight bicker bite first time his first months life figure normal new parent work financial industry modest income work hard currently get next level where ill make substantially more work artsbased nonprofit particular attachment financial industry its way pay bill find interest enough shes passionate artist though always know want one its really important her,2,0,High,Low
thank dr tracey help much panic attack come unexpected completely calm change life today,2,2,High,High
yes constant unbearable anxiety because work home stress until come across drmile intelligent mycologist save life honestly,2,2,High,High
literally receive ready up bug while play solo yesterday,1,1,Medium,Medium
wonder now need go get some brain bleach,2,2,High,High
hello refer psychiatrist watch your video first time really bring somethings attention diagnose mdd last year plan include nature routine love music r b oldies then wind downtime before bed take nice warm shower calm music,1,0,Medium,Low
im even college yet im sooooo stress,1,1,Medium,Medium
hey happen math alot know know stuff freeze up d forget get lower then know somtimes even pass mark im still learn get over get better now momwnt really need help mark matter high school need help please,1,1,Medium,Medium
your boys really hand clap meme holy crap cringey,2,0,High,Low
wtf wrong society im piss im angry abuser well know coach who lose his job over our court case,2,2,High,High
literally finish wash dish im sure work still worry about final exam lol,1,1,Medium,Medium
million little things love cheat arc within first couple episodes,0,0,Low,Low
want go china need pass exams,1,1,Medium,Medium
thank blessings,0,0,Low,Low
greatest difference burnout brain start question everything lose patience as need its own whereas depression allow itself pushover such as drug etc,1,1,Medium,Medium
thank remind drink water hadnt even drop since start,0,0,Low,Low
thank man need hear actually hard truth dat boost self belief,0,1,Low,Medium
saw picture give chill almost throw up anxiety bad right now prayers please,2,1,High,Medium
im passive active overwhelm jees thats why,1,1,Medium,Medium
there something like physical burnout much sportphysical work,1,1,Medium,Medium
start look up depression feel like after deepy kill himself cant get over how year young man want commit suicide much live,2,2,High,High
love your content inspire study since long time nowit one inspiration start own channel as well id love anyone else check kind give some constructive criticism study along as well youre amaze keep go,0,0,Low,Low
guy know feel when your like really sad all time your depress,2,2,High,High
lena watch your videos become part morning routine bottom heart im glad share your life us always pray your safety health please dont stop im girly love routine burn quicker count help bunch time because im still lovetruly truly appreciate,0,0,Low,Low
know best thing find new job ive apply quite awhile now luck really dont want move another job dont enjoy make feel exact same way sort think idea want idea how make happen while still pay bill ive apply anything seem like might relevant im sure right way go about get into field dont degree because feel trap job right now get bad some days where feel like walk quit go ever again im ramble point anyone else deal job make them completely miserable how deal,2,2,High,High
tomorrow bury best friend who tragically pass away age im heartbroken speak his funeral happy speech nervous petrify mess up incredible guy want send him off well justify mean ex who break up months ago keep contact ask how ever need anything go her,2,2,High,High
help try get into routine go gym consistently its nice see how others make work them thank reply,0,0,Low,Low
same yesterday finally go psychologist think best decision ive make months improve mental health,2,1,High,Medium
when overwhelm anxiety misfortune take step back know fact similar experience before know make through believe yourself nothing stand your way,2,2,High,High
think god final exams mid exams th grade med school,1,1,Medium,Medium
enjoy life weve build together think weve both grow lot past eight years positive ways id hate throw all away cant allow myself disrespect anymore thank read any advice may tldr two coworkers romantic feelings her one which feel emotionally cheat,0,2,Low,High
im write unipaper about influence social aspects utteranceslanguage listener video help much get work thank,0,0,Low,Low
maths exam today last time didnt prepare well get worst class time try its get cause lengthy portion like many people put high hop because say ill try always feel like puke breath hard stress,1,1,Medium,Medium
formal stay get turn edit why yall downvoting lol,1,0,Medium,Low
im stress know get many thing exam wrong,1,1,Medium,Medium
probably exam hours later sleep thank guy,1,1,Medium,Medium
how describe accurately need help even ask all stress feel failure even when start new job cope challenge run away,2,1,High,Medium
may years years maybe even longer escape please trust get better youll get dont lose sight potentially massive amount time youll get happiness mean compare few years youll spend nightmare feel free dm anyone want talk reason post alt account off chance gain any traction want family potentially see until ive leave here,0,2,Low,High
there gross performance culture element compound lot software company adopt stack rank system performance review which pressure managers identify manage bottom narrative company raise bar get better better people reality see jettison good people who burn replace them bright eye hire who create illusion increase productivity until start burn its hr equivalent shepard tone,1,1,Medium,Medium
name supporters dont see as offensive,1,1,Medium,Medium
video stop anxiety feel hella negative his talk rlly good wasnt cringe anything straight up facts,2,2,High,High
russians accustom openly express their feelings unfortunately save them suicide depression,2,2,High,High
thank help lot now im more confident about exam week wish luck,1,1,Medium,Medium
still rather lack social skills write gradually help calm down anybody else feel way several years ago give up life way suicidal people stop put any effort achieve any goals plan since wasnt work stop stand up myself resist other people stop anything hard require effort cause emotional pain trigger panic attack because want die because want live live life free those burden,2,2,High,High
thank much these im work master tech its lovely,0,0,Low,Low
im scar fall asleep,0,1,Low,Medium
overproduce imo nice want live lifestyle magazine thx laugh,0,0,Low,Low
deal depression months feel like id fail life quit job finish off college education thats where meet same class use stare each other all day long follow her instagram notice go club town night convince friend come as really need bump into girl give shoot when walk there crazy lock eye without say much walk up start kiss guy girl moment much stuff together like holiday then even move into parent place,0,0,Low,Low
hi abao sooo brillient make such great videos us heres one question how find place best view love view always give sense enjoyment because always window viewers take look outside senery mean stuffy besides calm sound which help calm down stay focus finally must pomorodo clock,0,0,Low,Low
dont really see point post,1,1,Medium,Medium
anxiety dragon devour inside want end your life good,2,2,High,High
thank nice use while colour mindfulness booklet your video really help keep focus hope everyone relax productive study session,0,0,Low,Low
know while ago help much study every time go go put down pencil highlight something go back thing keep go ill ready science test time d,0,0,Low,Low
its awful couldnt even see end all,2,2,High,High
please know anxiety spectrum there people anxiety disorder yes anxiety emotion normal mean some level anxiety some people anxiety create disregulation your autonomic nervous system wrong say shouldnt encapsulate all anxiety suffer same box everyones journey different although those disorder statistically smaller think hope anyone suffer conversation train professional ascertain best approach practitiomers realize all anxiety disorder need vanquish agree acceptance best as cptsd suffer extreme panic disorder anxiety different key explore your anxiety meet where get some support learn tool which medication help answer there quick fix easy answer anything life prepare journey your anxiety,2,2,High,High
love community thank strangers all over world,0,0,Low,Low
definitley prefer physical copy book front always seem help retain more rather look page screen thank again content,0,0,Low,Low
fun fact u find most depress people usually comment section,2,2,High,High
before camera him notice atrocious fake jersey nimrod beside him,1,1,Medium,Medium
satisfaction after study hours,0,1,Low,Medium
youre post front page never subscribe such petty pathetic sub,1,0,Medium,Low
go share something work meeverytime rvise prpare myself test somethingi always see as storyand mean think myself need train prpare battle aheadi know sound stupide when use nothing else workedusing technique help make situation fun remove lot stressi try mindful approche work when take surgeryhope help,1,1,Medium,Medium
difference between panic attack anxiety,2,2,High,High
thank post love,0,0,Low,Low
feel unmotivated frustrate come across video again recommend scroll through comment while await countdown certainly expect find own encourage word star back when write comment two years ago face impend doom ib test try stay positive felt like nothing enough work harder ever before pass fact score best entire class which rare guess im here say myself hard work never lose its value even when feel like youre go nowhere able fight something beautiful think about frustrate stress honor college self reader go get some water lock tf didnt go far go far,0,1,Low,Medium
tribal loose our place all number people generally major unidentified source stress,2,1,High,Medium
question sign burnout depression thoughts wish id die sleep because hate life general because dread go work next day really recognise myself burnout sign fairly sure depress these thoughts scar much lately,1,2,Medium,High
exam board school hours wish luck,1,1,Medium,Medium
explain everything life focus utterly difficult game even more difficult settings stall eat food when there stall begin mundane task until hurt badly put up much confusion exhaustion hunger think straight least its challenge stuff then when technically impossible how many active challenge need ive adhd depression ocd bad family biography bad non avoidable relationships heavy sleep problems communication problems problems remember stuff tackle emotions etc etc etc game thing though absurdly difficult yet active challenge dont even non difficult game already complain often about them difficult kinda possible peak performance which insanely difficult get all active challenge though self choosen ones greater variety status quo okay im competitive aimable,1,1,Medium,Medium
year later revisit im still work progress tim box ted talk begin journey get better anxiety its really cool see how ive grow understand more more video as time go nothing about video make sense year ago now understand all,2,2,High,High
really hate bear wont blame parent its fault able live up their expectations im really depress today dont know maybe because im period extremely emotional today because dad hit write as comment as keep diary find really take somewhere one there share emotions here,2,2,High,High
feel vulnerable unsure myself all time now didnt think affect way im tire eat ramen noodles granola bar im sick seek cheapest coffee shop wifi im sick feel like burden,2,2,High,High
nice big fan req havent keep up their progress much last year,2,0,High,Low
delete screen shoot now,0,1,Low,Medium
um sure your point here especially last paragraph,0,1,Low,Medium
yesterday almost sex someone when happen felt halfway there now memory hazy when try think about dont see perspective see like above like wasnt actuallyhappening genuinely enjoy sex like know ways lessen trauma symptoms stay present during,2,0,High,Low
good thing dont watch porn lol,0,0,Low,Low
ever since online class begin teachers start send assignment week reason all dont understand schedule same some families suffer lot because pandemic when come teachers sometimes wont answer because problems home year old student absolutely need finish assignment despite whatever happen your home hit break point worry fall into depressive state always strong mentally ive constantly burnout these weeks,1,1,Medium,Medium
year old asshole his year old sister asshole get better,2,0,High,Low
yes half post sub about pose think pose pull ridiculous,2,2,High,High
yup doctor totally clueless when come anxiety depression doctor who understand ones who anxiety depression those smartest doctor take some amount stupidity ever depress anxious doesnt help generation after generation doesnt anything good feel good about older generations something feel good about end ww end ww man moon end cold war now decades after decades bad news due our totally useless secretive government first iraq war september second iraq war base bogus bs decades afghanistan war covid now ukraine war seem like governments people connect all all need freak break war bad news,2,2,High,High
thank interest film gear actually video channel actually where talk about film equipment hope theyll helpful,0,0,Low,Low
video give stress,1,1,Medium,Medium
definitely stick between rock hard place then addict admit use phone over hours day around lately leave home as go place cause enjoy anything its really bad push through things dont enjoy screw myself things enjoy waste quarter life therefore screw myself still think its better cut off emotions waste away life,1,2,Medium,High
years hardly function every inch body hurt feel like year old woman when many checkups early years nothing find life feel like hell all pain sure depression burnout because inside gloomy many lifegoals excite dont physical strength anymore even type tablets hurt joint well listen island example yes love love someone all organization plan happy relax really tire everything alone responsibilities yes wasnt depress early stag come later because felt trap problem everything get healthier didnt help doctor didnt take seriously cry cry felt alone when doctor checkups couldnt find anything tell seem like its all your head break into tear tell him cant cant let hang like didnt care slap into face give up hope after waste much money,1,2,Medium,High
thank mean lot need hear today after arrive office monday morning go straight toilet cry years after post see how positivity ripple farreaching hope great day x,0,0,Low,Low
dont know right now im much anxiety feel there hope right now take lot effort post panic easily trust issue,2,2,High,High
work labor pool when ever kick his moms house once run money didnt get work one week labor pool walk down street some friends house introduce here weeks alcoholics,0,1,Low,Medium
amaze thank im realy more fast school project finaly finesh all list proud myself,0,0,Low,Low
dont know like again guess different hat begin isnt case hat boyfriend doesnt allow him anywhere near her house cant move because rent cant afford anything else yes job ive even ask her why think im stupid say because nobody teach these things guess shes help its hard know im failure try meditate think deep before say anything like try think every outcome might make her hate more then shouldnt say,2,2,High,High
all your view awesome really love rain onesthe rain video music without music version think wouldve play time now love ambience during break watch people walkby somehow calm mind thankyou abao ps mind release video rain sound version piano music calm great share rain sound version video thankyou advance,0,0,Low,Low
download video use everyday stay discipline while work thank abao,0,0,Low,Low
wat beautiful videowhen yr cat rub head yr hand its adorable watch thati get inspire wake up early u cant make befr sixthe brownie look delicious u r good cook toou know things u r after wake up think u love n make u happy then thats best moments enjoy ourselves like some time v much impi much agree u when say thats yr well n personal fulfillmentanyways always wait fr yr videos really love them take care love kokon great weekend watch hamimommy channel its v nice,0,2,Low,High
feel like trap cant kill myself think pain blood scar process end result though most these days hardly want continue walk conversations simply because cant control feelings anymore happiness like distant relative who die war its honour dont remember how look,2,2,High,High
dont know who im mean talk cant breathe barely get bed check phone without panic im always check phone case someone message dont loud because dont like noise yet job require always reachable staff under always ask help them cant even help myself,2,2,High,High
bruhh experience same thing plus mom didnt believe when say lose internet hshs hope your stress relieve fight,1,2,Medium,High
which now lead where now talk person want get back together person b really want relationship dont want douche bag cut things off person b then go back after ex deal all drama between dont really want experson go back try get into relationships talk all these guy,0,2,Low,High
great now look dumber normally,0,2,Low,High
mother other hand tell all when explain her about way dress front him blame him create opportunity wear something nice ie go someplace due him prefer work listen both side separately put place where helpless anything all withdraw into myself think about other things relieve myself its basically dont understand each other,2,0,High,Low
depression dont want depression depress isnt quirky thing think tiktok its exhaust your drive force things basically doesnt exist feel stick repetitive bubble sadness feel never end purest state confusion,2,2,High,High
why matter distinguish burnout depression person burn depress dont need antidepressant medication way address burnout address factor lead burnout,1,1,Medium,Medium
way act disproportional situation yell nonstop pull into store keep yell mean things point ask him stop over over tell him didnt want escalate please go into store all happen fast,2,2,High,High
dog least get stuff cheap dog food something cat wed need cat food all weigh mind anxiety keep go over head again again know need see therapist guess money im really hop someone help,2,2,High,High
advice please set goal perfect student perfect guarantee road happiness often backfire little goals yourself dont ever sacrifice sleep eat well your goal try your best understand material youre failure im sure need some time adjust high school life hang there,1,0,Medium,Low
wife suffer chronic migraines which allergic most medications there our options relief come form methadone thing help know lot think drug anything stigma methadone pay her meds problem while while file disability which many know lengthy process while work there hear rumor there commission system set up vip host include give surcharge bottle sales vip host ask each manager none them say one way other strange right,0,0,Low,Low
get anxious when see mike margee smith lewistown montana when tell im go over smith home lewistown montana,2,2,High,High
amaze homework hours omg,0,0,Low,Low
dont think different another relationship think both us accept sexual hangups always wonder more sexually passionate different relationship tldr men inherently look greener grass good relationship make feel settle satisfy please dont say open relationship as answer,0,2,Low,High
reassure ive accept more anxious others thats ok hate think someone else think im weird something wrong im try get better about care ppl think sure exactly how positive self talk self care acceptance bring long way ill figure soon enough amaze presentation,2,2,High,High
bite where say colour beauty return his life really strike cord today third day antianxiety depression medication sound absolutely ridiculous blow away how purple shampoo bottle actually felt happy enough go outside workout notice how blue sky when outside sound absolutely ridic anxiety depression put grey filter everything dont realise how come view world until something like happen,2,2,High,High
how much rent over there nice faceredheartshape,0,0,Low,Low
general really like those kind videos help focus calm down work suggestion brain function properly efficiently learn stuff oxygen necessary co get rid ridiculous mask bless yall,0,2,Low,High
school felt anxiety now college im okay,1,2,Medium,High
nice videos music great focus work,0,0,Low,Low
watch before bacteriology exam coz im beyond stress im beyond nervous im feel unfamiliar,1,1,Medium,Medium
still dont get joke suppose,0,1,Low,Medium
until meet new boyfriend amaze kind sweet good student like same things as family like him dont feel passion rush felt ex truth when start go boyfriend secretly saw ex few time see really didnt feel nothing him disgust didnt even want him touch feel bad myself didnt want him still there then kinda realize felt nothing love relate him ok hurt when know date boy even beg stay course now problem when im boyfriend dont feel like love him like thing kinda feel new love feel ok him catch myself think about ex time time remember all good things drive crazy because know see him again wont feel way love mind make think still there recently find girl actually enjoy experience get mad hurt know dont any right feel way felt betray still feel way gross myself,2,2,High,High
im study retake exam law quite hardship when scroll media where all schoolmates hang fun thank abao create motivate atmosphere where really rest mind stick revision hope all overcome obstacles encounter,0,0,Low,Low
wash dish relieve stress traumatise cockroaches kitchen sad stress noise,1,1,Medium,Medium
last one problem cant handle much pressure get depress iam far cry even try cry all iam almost emotionless,1,2,Medium,High
isnt topic video still want share because some us suffer feel overwhelm our thoughts alone nothing may actually happen our world our mind manufacture all sort issue want pass something help its quote byron katie think people please beat tell myself dont care others think then after read her quote realize might care still look validation wrotetweeted prayer god spare desire love approval appreciation amen lightbulb go off head realize hang onto approval others as necessity life think way invalid couldnt get love approval appreciation others huge weight lift off shoulder huge chunk anxiety dissipate immediately always appreciate mel sign off love every episode actually feel her realize matter how much others love cant love myself their love either go unnoticed even denigrate because dont think its real once again mel her love remind its real,1,0,Medium,Low
name fuck name man enormous,2,1,High,Medium
breakdown years ago im now begin adjust new normal free abuse insult lie impossibly low level shame sorrowful lack selfesteem know im right place know where its better here one day time thank video,2,2,High,High
curious anyone deal grief fear let go passive challenge like some ways fear get more active ill tend panic passives ive devote much time dont know make sense maybe others struggle like feel like im let others down dont make issue couldnt control sometimesoften involve others world focus myself case active challenge sometimes bring fear let others down selfish something cant quite put finger notice block tend trick into feel like stay overwhelm there some odd joy complacency time wonder,1,1,Medium,Medium
comment keep go thank,0,0,Low,Low
name why blow your load your fuck suit fur,0,1,Low,Medium
girlfriend amazingly strong last months shortly before new years tell feel much love doesnt feel right want unknown amount time away relationship say couple weeks still want keep same grind rule as when together monogomous etc shes vague when try talk her about state feel like somethings wrong shes fix her self come back us stronger talk her again last night as always shes adamant because love want us work more then anything shes never lie before even over little things reason doubt her intentions basically say feel like her backup want breakup untill problem resolve today split month,0,2,Low,High
anxiety hard difficult live day after day morecognitive behavior therapy helpful comfort calm us,2,2,High,High
all these symptoms right now stress,1,1,Medium,Medium
lab essentials great resource appreciate focus information less time,1,0,Medium,Low
experience anxiety dont suffer wow love,2,2,High,High
repeat all design sessions amazingly chill vibes hey dominica,0,0,Low,Low
guess work older folks,1,1,Medium,Medium
fuck guy im actually relive shoot sound like sack human garbage,2,0,High,Low
thank know ohip up date as health card wallet update myself when move,2,0,High,Low
really tickle anxiety hate,2,2,High,High
dont listen dr fauci your government wont any stress,1,1,Medium,Medium
hi ive battle depression years now even though im years old lose lot friends because bad mood fight family often cry every night sometimes even think about suicide im start blame myself everything sometimes even think one love trust ruin success school dont know how tell parent about because dont think its normal depress age im worry about their reality anyone give advice,2,2,High,High
come see her perform play one night bring flower saw her after show walk around city bite then sit car quietly bite didnt say much look really worriedclose tear didnt know make time make plan her visit town during summer month notice,0,0,Low,Low
life good when everything challenge walk properly rn let keep eye how walk few minutes pronounce word clearly let focus few hours tell people thoughts without rude overbear let think about word bite before talk constantly make feel like become master everything feel great d,1,1,Medium,Medium
guy help cant stop play hand much pain,2,2,High,High
wow such clear direct explanation panic attack fantastic work thank new sub,2,2,High,High
wind again like flower claudia say as her assistant place peonies into dusty vase his hand still oh think room look bare strict look disappoint claudia heart correct him professors office look strict instead say sensitive smell its nothing else really light up smile play his lips fix claudia know hed mean shed find soon enough as next day hold up small clear plastic bag upon closer inspection dry flower petals plastic bag zip lock air tight scent get look up see pair lilac eye look her expectantly eyebrow timidly quirk up give small nod watch as her assistant light up fiddle about his shoulder length hair billow gently finally decide hang them right above window theyd give impression spread their scent while blow against window claudias lips twitch hide while lower her head return check assignments allow herself grow little fond her assistant after all great teach assistant twitter,0,0,Low,Low
find yoga powerful treat stress general,1,1,Medium,Medium
write last paper college ever im graduate dec yay use once again its help ton adhd brain jump around much timer help lot thank,0,0,Low,Low
good luck all those exams come up video repurposing exam nerve think might help,1,1,Medium,Medium
l ask there someone else say even there werent relationship fast forward months im finally over her life go great then get text her start talk again during holiday return country spend all month her time officially date always keep our relationship open jokingly speak about one night stand any during those months apart both mention one after stop talk,0,0,Low,Low
consider fact lot people trouble anxiety issue say lot there biggest flaw manufacture process human brain,2,2,High,High
depress people whos mother isnt mental health professional get therapy right away still wasnt able get psychiatrist who help years now,2,2,High,High
burnout person know when cone back vacc hell life wait him love neing doctor word live hell days all burnedout,1,2,Medium,High
im sure youll love,2,0,High,Low
thank manreally appreciate work youve worry about upcoming biology exam because didnt study well couldnt concentrate well butafter use your video as background soundit make calm finish whole chapter minutesit take more some hours before your video really help concentrate thank man,0,0,Low,Low
well weeks ago debilitate anxiety attack years longterm stress then bed week way really struggle find mean since place medication therapy attack long time come stress response make realise there lot damage both childhood adulthood never deal ive try various breathe techniques when ive anxiety moments since say physiological sigh work quicker most anyone go through anxiety depression any level mental health please know alone help available,1,2,Medium,High
thank much youre video worse test anxiety actually end up fail your help actually help test monday let know how go,1,1,Medium,Medium
hope remember anxiety misguide ultimately wrong more hope whoever read anyone remember wasnt sure how end before sure how end now leave one favorite quote great stanley kubrick remember matter how vast darkness must supply our own light,0,2,Low,High
as someone who deal anxiety its hard some people dont get tho,2,2,High,High
market thats great word describe,0,1,Low,Medium
damn ive try transition info tech development because felt like devs little easier folks now video think otherwise where fall burnout suicide scale compare devs,1,1,Medium,Medium
get maths exam tomorrow wish luck d,1,1,Medium,Medium
kudos deliver speech despite your anxiety,2,2,High,High
wim hof breathe example some negative side effect lungs,1,1,Medium,Medium
school system fuck,1,1,Medium,Medium
feel anxiety watch,2,2,High,High
love extraordinary perspective help great deal sound right hope grow dilemma anxious dont know why its come nowhere find myself worry im anxious shouldnt which make more anxious brain tell need worry im say why,2,2,High,High
all self help things seven years therapy its enough im fundamentally wrong career want something make money help parent meanwhile flexible enough work passion art get into program career when program worst subject school body literally break down ive get myself into,1,1,Medium,Medium
calm good productive like your playlist thank abao,0,0,Low,Low
thank wonderful experience,0,0,Low,Low
youre feel really overwhelm need call high command air support,1,1,Medium,Medium
actually love your video presentation really good maryams life nice channel try watch its informative channel edit theme really,0,0,Low,Low
always best music your channel thank musical talent nice time,0,0,Low,Low
lack spiritual knowledge our mind stick nagtive energy then our body sense misguide us god say keep faith heart then souls connect love past jail guilt stress stop bless moody stubborn behavior bring lot fear life cut down desire grateful cut down sugar eat fresh plant base food marry life warriors life always fight win even lose every day kind honest truthful grateful obey souls respect souls respect rule respect nature respect women except everything happen life somereason then people nature coprate love,2,2,High,High
why doesnt stop procrastinate get point her cliches tiresome,1,1,Medium,Medium
feel really familiar view brisbane river think bring all memories serenity vibes into heart thank your video,0,0,Low,Low
go through really hard break up leave mess up last weeks before break up ghost completely ignore felt much pressure because know say something line something wrong end relationship paranoid even though constantly try explain him anxiety ignore actually like torture because overthink everything tell calm down go sleep wake up middle night even slightest sound check phone see didnt any texts him stress even though week pass since still cant eat well feel anxious go school want able enjoy myself again without get anxious think him,2,2,High,High
love know people these videos youtube wouldve start binge long time ago helpful feel like study group which motivate when youre mood study,0,0,Low,Low
how handle without look petty selfish edit im get lot reply tell need stop let her push around know whole idea behind post here get some advice how truly appreciate advice most yall give definitely conversation her let her know its nothing personal against her dont want workout partner all,0,2,Low,High
pos hot piece garbage when pop badge roll off assembly line,1,0,Medium,Low
anyone who read wish peace love wish all your dark thoughts anxieties replace contentment pure joy your overthinking loneliness darkness replace light peace,2,0,High,Low
panic attack break down cry front mom schedule appointment therapy feel like bleh dont care about get better right now whole body shock panic attack feel like death honestly doubt get better,2,2,High,High
name rebound still overpay depend how hard rebound,1,1,Medium,Medium
during one our many discussions compare play people friends list explain usually game friends really speak about game few time offer talk about game stuff her friends last time offer accept feel solve issue once accept her offer backpedal almost immediately during same conversation,0,0,Low,Low
negativity sadness depression straight vibing happiness hope everyone who read wonderful day life amaze let,0,0,Low,Low
didnt say anything time either where observation critical think come trust figure,1,2,Medium,High
when depression physically able continue life some extend until one morning realize didnt want wake up tomorrow same life as myself same body think suicide cross mind strongly luckily seek help before late please dont late understand realize yourself remember alone,2,2,High,High
find video when lunch work google how find motivation start anti depressants nov anxiety all go world help bite still get anxious work feel depress work now know issue im burn ive work provide family since move parent house think constant pressure provide finally catch up latest job doesnt help years dead end job teach how survive while try stay sane ill sure check more your videos maybe something finally click ill take care once,1,2,Medium,High
hes put first though its his family first need address,1,0,Medium,Low
because heart disease often feel anxious its rly tire bc try improve fail make worry lot even thing fail small such big mean make heart feel heavy video helpful thank,1,1,Medium,Medium
nervous breakdown any type mental health problem use as general term,2,2,High,High
any request accommodations through your university share whats helpedhasnt help thank edit thank much those who respond there any specific accommodations ask beneficial instance day job work classrooms kid adhd,0,0,Low,Low
clue meditate twice daily jog every morning eat healthy absolutely love life follow passion yet im strike random physical anxiety all time negative thoughts anything like its purely physical uncomfortable feel chest,2,2,High,High
parent call lazy tell cant anythingschool cause lot stress even try time commit suicide,2,2,High,High
test positive covid as well im get through nightly anxiety attack think im about die your comment bring peace,2,2,High,High
thank share update,0,0,Low,Low
damn true fight custody battle narcissists almost yrs burnout real,1,1,Medium,Medium
ive never felt more normal after watch video describe exactly nowhere year start get panic attack ive never anxiety generalize panic entire life start medication months ago hope feel like myself again one day,2,2,High,High
im nd year med school country last years start feel everything become much im pass current exams same time notice need more time get preparred test others because social life basically dead result feel extremely lonely which raise stress level even higher additionally dont time hobbies beside play game isnt as reward as jog km start think need talk about specialist there isnt enough time feel beside med school didnt achive anything,1,1,Medium,Medium
wow literally happen when hard additional things day every day choose those challenge make confident end up even more responsible rest life biggest growth ever ive chase since struggle find motivation its because these active challenge dont outweigh passive ones anymore make perfect sense im literally revelation right now believe wow,1,1,Medium,Medium
best comment ever dude im go through first slowburn version nervous breakdown ive while hardly any anyway your comment give hope ive get rid friend who toxic recently discard some toxic family precede years im start see light im all way there yet psthis all happen because socalled family ex siblings get rid vice versa say without officially announce except eventuallycould help hack phone think cyber hack civilians whatever wait until next decade when start hear about stuff drive people crazy,2,1,High,Medium
thank help learn how take break when study instead go hours strait try shove knowledge into headvirtualhugalso view beautiful envy youyougotthis,0,0,Low,Low
talk myself every day ok n then after feel like dyingi son n close him add lot anxiety,2,2,High,High
psychologist izzet gll cure thousands thousands people his book youtube videos want truth psychiatric psychology sector lobby real dark side look psychologist izzet gll his book sick sen hasta degilsin cure thousands people panic attack anxiety ocd depression trauma posttraumatic stress disorder ptsd adhd major bipolar borderline schizophrenia disorder intrusive thoughts negative positive think etc etc etc these all pathologic name invent industry sell drug therapy izzet glls method little bite like dr claire weekes much deeper much more extensive much more knowledge field solution izzet gll youtube channel nearly videos over write article und thousands social media post cure people his videos book texts,2,2,High,High
immigrant myself how ignorant,2,2,High,High
study amthank,0,0,Low,Low
watch youre video about panic attack confuse because when attack its impact last daysi panic attack weeks ago strong spend twodays lock up room didnt let anyone couldnt sleep couldnt go work felt paralised felt edge whole time like long panick attack some one knock door try get through cry shake curl up dont now how explain when im space cant hear people say cant talk reason back into reality often come feel ashamed embarrace ive try therapy im struggle talk about experience as feel like im one happen normal,2,2,High,High
go home next day now fcking dont know heart rate feel like its shake whole bed im die tldr get friendzoned beach cant take like man,2,2,High,High
one want most someone really love though cant im far neighborhood him wont respond because hes terribly depress as hes one reason why get worry goddamn love him much hes such good brother figure im glad meet him im restrict talk guy sometimes cause might like might like them dont care really need hug him right now honestly,1,2,Medium,High
sht think burnout whenever im office im use alone during childhood teen years until friends during college days get use talk people befriend when get job office felt extremely lonely coz work place side office promote interactions theres still chat among fellow coworkers because where put become distant them now feel as dont exist them except when ask something which super rare id like say manage feel lonely myself alone room people dont even see literally affect mood negative thoughts appetite think odd chest pain add list work stressful,1,2,Medium,High
key deal stress simple stay cool stay focus ashton eaton,1,1,Medium,Medium
dont know how get better im lonely depress fail life well get better successfully,2,2,High,High
oops sorry hadnt think thank let know heres channel wish lovely weekend ahead,0,0,Low,Low
hear cough mid speech felt anxiety shoe speaker like id distract call as joke,2,2,High,High
progress rarely linear feel like end breakdown often begin,2,2,High,High
hello sis im srilankan student study helpful your vlogs im motivate vlogs about your daily lifestyle thank good luck,0,0,Low,Low
its amaze helpful study wish make more videos like,0,0,Low,Low
fundyourwedding grateful here watch hopefully get stress response,1,1,Medium,Medium
follow your video since high school student increadible dream become medical student now first year medical student still follow your great video thank much,0,0,Low,Low
app such amaze idea honestly bravo new favorite app cant wait lunch pastel blue cool color journal anyway great job love your videos much love,0,0,Low,Low
most people who watch video people who study exams all watch these pump themselves up,1,1,Medium,Medium
legit lowest when find manifest divine elena river couldnt focus keep doubt myself everything felt stick book give direction again magical way ground real way change energy completely things flow ever since,1,1,Medium,Medium
there leave who argue personal attack cnn buzzwords,0,2,Low,High
always join discord submit vod still work,1,1,Medium,Medium
ohh english little bad excuse wan na tell your videos motivate believe its last one vlog sorry mistake ill glad fix,0,0,Low,Low
suffer anxiety stress depression know how feel start because think suicidal thoughts when college one friends know something wrong because quiet really speak friend go teacher speak all get tell teacher see your gp gp help offer some counsel when accept counsel upset how im say im glad most people say happy get alot support family friends teachers support workers,2,2,High,High
school few minutes,1,1,Medium,Medium
imagine amount backlash shed get another name collab omg,2,0,High,Low
know its bite harder rememberyour lord doesnot burden more bear remember its adrenaline spike nothing those thoughts real come fee loop add fuel fire make more anxious remember matter think its really strong think pick any other think thats sad dont get worry overcome together,2,2,High,High
really get stress its like pasta sauce something oily tomato sauce alfredo sauce salad dress chicken grease pizza old food general bother when clean right after cook im fine,1,0,Medium,Low
its best hockey boys regroup nicely after horrible game edmonton,0,1,Low,Medium
oh sponsor deloitte exact work culture type give major anxiety open plan offices loud phone call everywhere screen sunlight,2,2,High,High
person read may stress your life melt away may find complete peace remember take moment yourself find something put your mind ease mental health important important may your future bring nothing peace blessings,1,2,Medium,High
give chunk life experience most people never get hold emotional superstrength things throw others completely off balance wont even phase task previous courage may now bite easier might soon find yourself look up more before,0,0,Low,Low
another way make feel less stress petcuddlesnuggle your animal actually prove pet improve your mental health,1,1,Medium,Medium
keep background as finish last paper junior year college felt peace relax while get work thank,0,0,Low,Low
video beautiful inspire definitely creative person beautiful touch make simple things seem extraordinary love your story thank inspire many others their journey,0,0,Low,Low
ive touch suicide three time suffer autism massive depressive disorder check mental health regularly consider where sit regard suicidality index honk great stop sign help as measure signal need intervention,2,2,High,High
miss see us desperate intense energy maybe next game,2,1,High,Medium
ive some strange feelings lately space recently bring panic attack worst experience ever think go die everytime feel little light head make panic get tension head feel totally control feel like head about explode must some kind serious issue feel emotional myself want get back usual self,2,2,High,High
dvd must pretty hard come its go thank though appreciate,2,0,High,Low
whenever anxiety lose appetite wake up middle night stomach issue cant concentrate anything,2,2,High,High
dont think ive ever see comment section full vulnerability before great first step hope everyone take time vent little here take time try find better ways improve their mental health,2,1,High,Medium
literally pay university get stress sick hate life forget happiness look like,1,1,Medium,Medium
judge thumbnail id depress all consist head hand,2,2,High,High
struggle depression couple years now years old as moment march th know how feel know how hard stop feel way say its bad move let anyone when dont someone trust enough truly let almost impossible course tell people depress all know same all people who feel depress message necessarily make feel better want know alone there always someone who understand even though havent meet them yet best luck all,2,2,High,High
video true ive depression whole life im feel like hit rock bottom more motivation tire all time one hardest part talk someone about im comfortable talk therapist feel like all family friends judge about its much easier talk people without know them deep thoughts about know happen when die sad im grow up fast dont fun anymore smile im pretend both parent prison live grandparents get paranoid all time think last time see them brain always make anything happy turn into something sad deeply regret who ive its summer lay bed everyday because brain tire cant sleep know never truly get rid depression want see color again fun want stop ive ask myself why depress know why cant talk myself sad about thank read,2,2,High,High
spend time focus things control simple great tip,1,1,Medium,Medium
covid fooked up depression bad these days work money stress come,2,1,High,Medium
when iam sad get bad anxiety deep anger fell like hurt burn icant breath anxiety,2,2,High,High
final exam tomorrow hallelujah,1,1,Medium,Medium
tbf look like clear net,1,1,Medium,Medium
im sure panic attack episodes last about half hour sometimes hours start them new job crowd place generally happen public place its get worse dont physical symptoms crazy thing get really depress period time feel despair particular reason mean general reason bad thoughts start come during episode trigger really obvious addition feel depress experience feel anxiety its like something fill head some stimula start look every direction transport especially someone ask s happen show head mumble its something head hit really bad few hours before periods guess its partly hormonal then there some nasty thoughts about how everything future then hour those thoughts disappear come back normal,2,2,High,High
want see someone get decimate name hit,2,1,High,Medium
might fair mention police officer one top professions psychopaths psychopaths biologically incapable traumatize when their life threaten feel rest us call exhilaration instead fear make relax psychopaths default state even when someone gun point directly their tbox those police officer who get ptsd often most empathic goodhearted leos agree create mental bubble around yourself walk world state relax vigilance way go pull off hours day ill keep practice mantra say myself as walk hall office tofrom bathroom care walk world calm confidence know effectively handle any situation come way seriously months im shock difference make note ive ptsd predator before im anxious person nature nor before event,1,2,Medium,High
thank all us dr k your videos wonderful really palatable most people lot good things say about mental health,1,2,Medium,High
inspiringbut must say feel ill worryingthinking about anything constantly feel anxiousconstant small tremor shievering nauseate cant sleep stay asleep body ache back pain sweat dizzyits horrible ive examine doctor blood work everythings fine anxiety terrible,2,2,High,High
pep tomorrow ugh im all ready feel anxious,1,2,Medium,High
thank much need hear today sometimes go through mental breakdown wake up call need change your life get back track,2,2,High,High
talk make anxious,2,2,High,High
who picture when think love interest before start date really different style normal type different interest however amaze fun personality our sense humor mesh really well together another big thing make us perfect fact get his first love relationship years one year before meet,0,0,Low,Low
sdas religion tho lol,0,1,Low,Medium
nice maybe turn one light when make breakfast see bite more,0,0,Low,Low
give up show over over before adopt skip around end up finish all,0,1,Low,Medium
complex ptsd due past romantic relationships some other various traumas life diagnose bipolar severe socialgeneral anxiety ocpd currently suffer symptoms mess healthy think pattern its tear apart current relationship terribly upset because first partner really take as dark side all paranoid feel things go end make almost inevitable,2,2,High,High
thank buddy really make day better checklist good lol,0,0,Low,Low
hey guy im move new city wife first time back october experience off anxiety more less first time life couple quick question how know whether see psychologist psychiatrist,2,2,High,High
really love your video thank,0,0,Low,Low
heres routine live american garden build west st street name patrick bateman im years old believe take care myself balance diet rigorous exercise routine morning face little puffy ill put ice pack while stomach crunch thousand now after remove ice pack use deep pore cleanser lotion shower use water activate gel cleanser then honey almond body scrub face exfoliate gel scrub then apply herb mint facial mask which leave minutes while prepare rest routine always use aftershave lotion little alcohol because alcohol dry your face make look older then moisturizer then antiaging eye balm follow final moisturize protective lotion there idea patrick bateman some kind abstraction there real entity something illusory though hide cold gaze shake hand feel flesh grip yours maybe even sense our life style probably comparable simply there,0,0,Low,Low
thank soo much these tip mean lot d,0,0,Low,Low
appreciate much im gon na message,1,0,Medium,Low
alright ill try keep as short as possible some background coworker well call pamela pamela disable complications defect when bear brain shunt some cognitive issue however its enough impair her greatly obviously because work call center work about years other call center before receive accommodations disability work though such as meet less strict stats like time per phone call time spend work offline allow take rest break her disability cause her issue,0,0,Low,Low
useful distinction thank,2,0,High,Low
because men weakstupid enough let them,2,1,High,Medium
thank sooo much help much relieve stress people recommend dance meditation take yourself talk friends leave your study during exams cant method recognize stress how its affect such great tool help immensely thank life saver,1,1,Medium,Medium
whos freak bcs hes her exam min,1,1,Medium,Medium
im mad since april speak four professors all course evaluations two letter rec all agree send them necessary document call check file university all those professors one submit course evaluation apply master month letter despite periodically email update these professors,2,0,High,Low
thank abao your hard work love study your videos,0,0,Low,Low
dont want feel like burden anyone anymore myself feel want die didnt go away dont know how deal myself other people since feel like get over continue life cant im exaggerate weak cant deal happen cant normally continue life good student good friend,2,2,High,High
schoolworks suck mental health more important,1,2,Medium,High
original frustrate moment url write yall see kind people im deal call up nonprofit morning ask use another identification document instead birth certificate because get bc clerk dept town cost which dont ask girl talk yesterday since know situation gentlemen who answer phone tell nor her supervisor call back monday talk cassandra her supervisor reschedule appointment set up morning ok say then hang up,0,2,Low,High
chest different feel before feel fire chaotic now feel wrong like medical danger year old woman,2,2,High,High
thank video im currently off work due depression find interest mention burnout lead depression how feel where currently ive suffer depression past life stressful recently im currently conselling thank video informative,1,2,Medium,High
everything say ive relate especially really want die want feel bad usually latter,2,2,High,High
haha thank ive get organise though now its all much less stressful get around first exam then second one well learn good luck bryn,0,1,Low,Medium
think when say go eliminate source stress mean eliminate boss tbh really want most time,1,1,Medium,Medium
final exams single week why god why,1,1,Medium,Medium
dont appreciate good time till go through bad things get better op stay strong,2,1,High,Medium
its difficult balance between let those emotions while take action better situation context im undergraduate student study abroad most distress cause environment got ta wait till graduate order make life better,2,1,High,Medium
more like stress how many shots online school yes,1,1,Medium,Medium
love how some people mindset children see hear unless something rediculously outlandish then must supernatural connection,0,0,Low,Low
thank regardless fact stay mg kpins fantastic,2,0,High,Low
real things pop existence because stop look them,1,1,Medium,Medium
honest social anxiety especially big crowd,2,2,High,High
ive use your rapid breathe technique childlike cry fast breathe get thru many stress produce experience,1,1,Medium,Medium
first time panic attack friend tell derealization think confuse because derealization symptom panic attack get scar during attack because some people who derealization go away years think go go through panic attack years horrible experience,2,2,High,High
best advice stress ive ever hear,1,1,Medium,Medium
lol nope any muscle your body shrink yiu dont use,0,1,Low,Medium
remember when work up courage ask mom help high school didnt believe when tell her feel depress tell research own therapists find psychiatrist myself wish see video particularly take more initiative help worst time life felt utterly unsupported,2,2,High,High
alright go your corner,1,1,Medium,Medium
part where say depression take away saturationwhen ppl ask how feel say music sound like noise nothing same when ur depress like cant even feel warmth skin nice sunny day use love much,2,2,High,High
much stress really help thank man,1,1,Medium,Medium
everyone call youre right,0,0,Low,Low
really like study give incentive study more more thank,0,0,Low,Low
thank angel,0,0,Low,Low
yeah think immediately procrastinate how help us experience other things avoidance strategy im end motivate passive challenge maybe pick wrong active challenge really active as our own agency,1,1,Medium,Medium
yes wish good go itd great his injustice look,2,0,High,Low
ive panic attack before maybe more once calm myself down especially im public work,2,2,High,High
im use work thank bunch,0,0,Low,Low
thank merve im always work dont feel alone when im work thankkkksss,0,0,Low,Low
im struggle similar things im freshman as well feel cripple stress feel fear judgement lack perseverance make many breakdowns end up cry lot youre failure though,1,1,Medium,Medium
ill get intense feel impend doom last less minute then ill fall back asleep usually happen during nap think seizure when first happen happen anyone else,2,2,High,High
first time finish study video ive productive your help thank much merve hope youre fine,0,0,Low,Low
name want great stat day,0,0,Low,Low
dream about month ago family move into new home far our current home look like another country country dont know wasnt real quite sad twostory house room attic large slide window near bed see city through colorful buildings river bridge above sunshinei love omg choose rather live peaceful place bustle city,0,0,Low,Low
english exam wednesday,1,1,Medium,Medium
use your second video clip videos educational pupose,0,0,Low,Low
need make decision now whole course life depend wisdom redditors share your thoughts may add own please help thank your time,2,0,High,Low
actually seem like abusive alt yourself,1,1,Medium,Medium
dont worry honey im drink course im cheat,1,1,Medium,Medium
lately love life social life school spike depression anxiety get four more weeks leave school its gap year im excite hope everyone good daynight,2,2,High,High
hi all im manager department now company ive work over years offer position once before about year half ago turn down because felt wasnt ready offer again couple months ago take because nobody else available take actually start day son bear which its own set anxieties one dont find overwhelm fact find reward,0,1,Low,Medium
omg thank vlog keep go,0,0,Low,Low
his new wife get mad ask basic things pad new clothe school new glass ect grandma one who buy new clothe stuff because refuse when tell them want academic bowl bpa school both laugh say mock tone its smart kid anyways win many award,0,0,Low,Low
yess same every time im close accept get relieve start anxiety again,2,2,High,High
hope name something cook want name back,0,1,Low,Medium
depress people unmet need others judge us,2,2,High,High
need let bc rn im overwhelm feel like parent dont know all keep think much room decide go more never im scar tell them grade drop school good grade feel like drop dont see why bc feel like im good vut apperantly two friends good school dont want dumb one lot activities after school like gymnastics karate rlly like gymnastics days go karate try come up excuse bc dont rlly wan na go even tho like there moment im there next day feel dont wan na go again top all sister move rlly miss her edit let here rlly help,1,1,Medium,Medium
agree your statement,1,1,Medium,Medium
helpful season homelessness extremely stressful even though im back top now body still need recover fully safe here right now perfect,1,1,Medium,Medium
give pill stay awake claim caffeine pill didnt seem work start sex right off bat tell weird completely quiet wear all his clothe touch labia innie vagina like fuck,0,2,Low,High
suggest look into acceptance commitment therapy dare those two help allow feelings afraid anxiety when happen think avoid anxiety paradoxical feed avoidance safety behaviors increase subconsciously due scar yourself dont scare yourself your action calm yourself down float even ask more its crazy work best who care whatever feel uncomfortable live your life enjoy way,2,2,High,High
next week exam,1,1,Medium,Medium
eat much delicious sandwich type meat put your delicious toast sandwich all eat slice bread machine sandwich new thing buy air fryer amaze thing bake cake as outer cake slightly burn try one yourself tell how feel when one,0,1,Low,Medium
silent look his eye after about minutes get off him head back room as get door yell something nasty say something like go hell get room close door rush door use body keep door close when bash into door his body twice,0,2,Low,High
sisters mental health already fragile got ta normal one im didnt want see own problems long time its bite better now sometimes id really like go therapy dont even know really depression lonely things im even help cant bear tell anyone besides its almost impossible even get therapy session here germany because there way few therapists,2,2,High,High
youre depress because life events chemical things though big accomplishments especially calm physical ones other people who like viceversa still help everyone afford such time leisure tho maybe im try hard enough guy accomplishments inspire im kinda destroy,2,2,High,High
im tuesday day one therapy day one try talk about whatever go head last decade last decades im terrify talk tire live like tire nocturnal panic attack tire cry shower tire feel control head tire pointless think circle eat up daily something doesnt matter,2,2,High,High
panic attack horrible its like youre die minutes basically,2,2,High,High
help enter gate thank,0,0,Low,Low
father abuse consistently both mentally physically think maybe earlier dont really remember all bring often school relate remember car seat mother didnt know take him parent apart try run because know go happen remember cry hard hyperventilate mom promise never again hed because grade because misbehave,2,2,High,High
hate panic attack awful go walk panic attack start morning get dress go walk,2,2,High,High
ur such angel thank,0,0,Low,Low
ive learn least myself mental breakdowns arent hospital visit outbursts feel like ive breakdowns slowly occur over month week instead suddenly each time bring new self realization,2,2,High,High
seventeen meet hospital drug rehab mental hospital technically kidnap her run across country immediately get pregnant marry her which point law wash their hand matter bear premature months weeks which dangerous spend months incubator heart surgery live health problems,0,0,Low,Low
think good bad everything between its inevitable give forward progress civilization,0,0,Low,Low
nice see rare court case involve metahuman,0,0,Low,Low
dont even remember please help say its ok forgive its okay diagnose symptoms never excuse hurt ones love,2,2,High,High
give link cove thank much,0,0,Low,Low
doesnt help when your dad give shit call quitter when try different after school activities quit them because dont like them,1,1,Medium,Medium
as member sandwich generation who still work hard job love deal elderly parent dementia two young adult children husband feel stress overwhelm daily need mel,1,1,Medium,Medium
poor people feel like dat around da rich peep many analogies depress god doesnt judge u judge da prideful n selfrighteous people dis world wish u accept jesus christ as your savior u go heaven after life god doesnt expect perfect nor sinless want u believe him as your savior your sin u go heaven after life precious,2,2,High,High
though wouldnt its as worth keep around disposable da,1,1,Medium,Medium
couldnt count lose sleep because game until regularly think hours might lowend estimate dont want say game every day doesnt go real life friends except invite him friends numerically yes spend time together about those hours spend sleep,0,0,Low,Low
love see journal sky blueaqua bluecoastal blue similar cove logo color softer like summerbeachy vibes neutral like starlight color match apple products bless us get youre say about lack confidence speak your culture language always proud culture lack confidence effort want learn practice grow up cause always make fun speak wrong respond english say always comprehend language before speak laws help confidence practice language learn speak more now as woman s family ever grow up definitely appreciate them encourage encourage keep go cause doesnt hurt anyone yourself,0,0,Low,Low
already time come every end month anxiety disorder uneasyunhealty mentality cant escape anymore im family pray covid quarantine end consult professionals such as psychologist cuz mental health isnt stable anymore since then please pray didnt want suffer lock inside own thoughts such young age,2,2,High,High
hes awesome friend who always there when struggle depression give great advice put him over top generosity between guy three four family members leave talk without shake rage friend indiana actually cry tear joy see people come through when im miserable rock bottom realize im really rock bottom when theres hand help up thank much again love all,0,2,Low,High
note self stay off political subreddits while eat,1,1,Medium,Medium
sooo cool anxiety when use get during day because force myself push through help now longer suffer daylight anxiety now suffer sleep anxiety instead yay cant push through cant sleep dont know dont want life fall apart cause,2,2,High,High
small summary tip beat exam anxiety sleep crucial get least hours allnighters balance diet least one week prior exam date breakfast high complex carbohydrates fibre exam day practice positive selfimagery practical work try picture yourself happy moment then quickly switch imagine yourself exam room associate happy feel your exam prim ready before exam try picture exam question already study boost your confidence important familiarise yourself exam room which make feel more ease day exam write down insecurities paper crumple paper chuck away these symbolic gesture prove reduce stress good luck,1,1,Medium,Medium
feel like im drown all time dont want die hate every breath take feel like fight,2,2,High,High
hes down least one pair glass eyesocket as well,1,1,Medium,Medium
need hear thank,0,0,Low,Low
tip ppl try sleep leds use dark blue bc its most relax color put fan lowest get wear earbuds enhance experience sit nice comfortable quiet room some water next dehydrate feel uncomfortable pet let them its always good sleep furry friend hope sleep well best day tomorrow remember love everyone worth world good night,0,2,Low,High
cozy setup city light twinkle outside perfect dive into study mode wish everyone focus productive session,0,0,Low,Low
same dont give fuck fail school its get useless anyway im scar criticism since go more advance class cant grade lover,1,1,Medium,Medium
yeah im able stuff school get behind because im physically build stuff yet choose cant go back next year over hop ill make year add lack performance cant its nd week school dont want stress all year,1,1,Medium,Medium
name name trout,1,1,Medium,Medium
block him fb then deactivate one two punch because fb addiction another obstacle life im proud these decisions mean leave thrive after abuse group now here reddit hop find another supportive community best wish all,0,0,Low,Low
thank cry stress rn,1,1,Medium,Medium
overwhelm sometimes even move much loud,2,1,High,Medium
anyone elses stress bad teachers ruin their live weekend right now,1,1,Medium,Medium
problem overwhelm describe properly when one confrontd physical items ones control then one feel overwhelm example wash machine operate directions block access children advertently stick mode directions foreign language suppose every kitchen appliance stave refrigerator oven microwave some other mode inoperable explanations different foreign languages case,1,1,Medium,Medium
cars kill more people gun way way more people alcohol,1,2,Medium,High
guy start everything vs guy who end everything,1,1,Medium,Medium
now im single find dont much friends hang few guy friends all play sport together thats literally nothing outside one really like hey let go concert yo let hit party up feel like im kind mature ppl age which conflict sometimes genuinely want some gal friends nothing romantic some girls hang feel all girls assume all guy bad intentions want get their pant,0,0,Low,Low
favourite study youtube thank abao youve get everyone,0,0,Low,Low
haha literally make laugh loud omg im still die take upvote man well deserve,2,2,High,High
dinner get drink agree try again want say here never kind behavior before when ive break up someone them break up even im heartbroken ive always dont know disconnect here its little over two weeks now weve see each other again,0,0,Low,Low
enshittification suck suck all passion when see wonderful environment wither die contribute burnout,1,1,Medium,Medium
how listen anxiety want,2,2,High,High
when dont wan na study lesson always watch thank merve,0,0,Low,Low
huge test tom didnt study now im stressted im gon na fail,1,1,Medium,Medium
speak depression things may go depression recently make couple horrible discoveries client day program say his father commit suicide family friends family member alcoholic,2,2,High,High
study college exam today honestly awe how focus ty share us,0,1,Low,Medium
actually make smile thank,0,0,Low,Low
how get off how get off,1,1,Medium,Medium
instead run away anxiety im learn embrace video speak volumes its hard explain anxiety others who doesnt take time understand today felt anxious overwhelm as much as didnt want face oh boy cry journal pray even talk friends none them really serve purpose until face anxiety emotion crew try help destroy captain conquer these moments when happen who love today today tomorrow belong god focus today yesterday history deep breaths blessings all,2,2,High,High
luck ok wake clock quiet time may worth shoot,2,2,High,High
kicky switch im sure where use ill find way,0,1,Low,Medium
didnt know need hear thank mate,0,0,Low,Low
doesnt make sense because seem feel more overwhelm when try learn something own choice,1,1,Medium,Medium
how about get wall medicare all then good ideas get fund,1,1,Medium,Medium
stay home mother oldest husband as his mum gsve up him years ago youngest bear congenital condition middle asd live look after them keep ground some reason recently struggle more more suck up carry,2,2,High,High
may undersell amount truck,2,0,High,Low
oh geez explain everything didnt really see im go through as either burnout nor depression maybe go through burnout job love life altogether happier even feel more fulfil ive felt years really drain low energy cant seem recover bounce back like use guess look like,1,1,Medium,Medium
final exam after minutes come here,1,1,Medium,Medium
try make plan recently keep things come up understand because kind short notice last little bite after break happen about day span tldr awkward need some help relationships feel like ruin chance girl hop fix may overreact things,0,2,Low,High
who else here way late night because youre overthinking everything youve ever,2,1,High,Medium
nami san try zen zai salt kombu great idea thank u,0,0,Low,Low
always get stress because parent want get almost all all as its always pressure,1,1,Medium,Medium
thankyou much think song motivate study gon na love your channel,0,0,Low,Low
ive want go hike trip years want nothing more want walk top mountain sit there enjoy view want every day carry tent take around live like its impossible though instead get work job ive begin hate return cold room feel like want die cry all time j cant tell anyone because ive suffer depression nearly years im tire hurt people who think help fix realise run deep theres nothing therapy medication nothing work feel same all time dont know happiness people say want help when open up realise its beyond their depth distance themselves happen all time want tent solitude obviously dont any way support myself chronic depression suck,2,2,High,High
think interview job man suit make want curl up die despite live go college town grow up dont any close friends im different most girls college guess dont wear giant tshirts im sorority dont go night party go football game,2,2,High,High
these edit retard why people get giddy internet point,2,2,High,High
others watch video consume main point melaughing soo hard because their examples concentrate where poor throw paper must land,1,2,Medium,High
miss perfect opportunity explain how time belt bmw as oppose toyota usually lead nervous breakdown,2,2,High,High
love music love vibe distraction temporarily find your work fascinate cant read course your use tablet interest watch personally work novel join write competition sort nanowrimo which basically entail start nov st reach k word th stuff really help thank create,0,0,Low,Low
felt kinda awkward know dont want her any harm protect myself now still feel like crap end right before her surgery when get angry insult never forgive ive time minutes later apoligizes say shes really struggeling,0,2,Low,High
yr old sisterinlaw die metastatic breast cancer last night after year battle try raise fund establish endow scholarship her name through olivetnazarene university illinois help students interest music honor her memory why consider give stranger because maybe cancer touch your life donna your everyday woman,0,2,Low,High
url set up im hop help get bite more assistance community one hardest work guy know love him like brother tell amount already raise good man who support love his community friends family around him quite costly transfer remain love one across globe though there medical expense final bill top need pay any assistance community offer much appreciate,0,0,Low,Low
add up value everything possibly remember thats either miss destroy reach over dollarsand thats lenient estimate definitely round down id love charge another grand mental anguish whatever whole ordeal like triggercity someone like who struggle recover mental illnesses over year months clean after years substance abuse im receive supportive service county program aim help mentally screw up people become independent lack better term whats cool about service get case manager who call advice turn check refer halfway house which last days its much better stay local shelter which might option come june,2,0,High,Low
feel anxious about job cant stop think about even weekend all want now sleep least during sleep wont feel anxious anymore sometime wish sleep forever,2,2,High,High
im sure how applicable autism because take more things tend make burnout overwhelm worse worse even its unrelated thing maybe talk about different type overwhelm,1,1,Medium,Medium
husband voice sound like pure rage wifes both angry defensive couple time there sound break object never really talk dont speak good english im sure how approach them about call police feel excessive im worry someone might abuse appropriate thing here,2,2,High,High
look ways help anxiety stop overthinking im go try take ive learn here use thank dont money therapy helpful,2,2,High,High
thank bot plan great day despite negativity comment section,2,0,High,Low
history extremely over top our most recent argument verbally abuse because upset break trust tell personal detail someone didnt know apologize good day later vaguely about use cuss word im sorry feel way kind sense im guess traditional need talk its work approach end up her blow up again since all past relationships end amicably im sure expect because incredibly toxic ive consider block her essentially ghost feel like rude shed least deserve explanation how break up her without her potentially flip,2,2,High,High
well guess search up earlier since exam n hour,1,1,Medium,Medium
burnout translate shes sucky worker fire get blackball town even walmart wouldnt hire lucky find understand new boss think im awesome,1,1,Medium,Medium
heart start race every time brain think about school exam,1,1,Medium,Medium
feel same way put much plate definitely affect stress anxiety level glad part community,2,2,High,High
really struggle stay concentrate while study especially its subject dont really enjoy ive try multiple study mes before keep come back here its channel stay focus wether its hrs hrs even hrs version its perfect mix rain sound background noise overstimulating distract perfect feel alone while study thank much these videos much love struggle university student germany xx,0,0,Low,Low
tell journey start as burnout end depression always want more show dad his critique justify quickly work myself up position head international market end up work hours week then go gym then learn languages some more stuff then take home two dog shelter then get two kid foster care because kid gay couple top partner get cancer while his mother die cancer work hrs week home take care kid take care partner help his mom walk our dog take care our apartment sleep hours day live caffeine breakfast red bull coke cup espresso diet throughout day similar until completely break start cry middle work meetings eventually quit later get point when plan hang myself couldnt once partner get better start gather information about assist suicide when get even worse finally reach im go therapy im take antidepressants medication anxiety melatonin its years since quit job im still functional hopefully one day,1,2,Medium,High
however today sit work whatever reason start think about knife incident new person im date never anything wrong think look like hold knife pretty stupid thing think about cause worst panic attack ive months go walk around block clear head dont want event previous relationship impact potential new one anyone any advice break free sort thing,2,0,High,Low
bruh cap last week school grade online im stress as hell rn cause teacher aint teach non about math need these assignments dont know how go its stress might fail grade go summer school,1,1,Medium,Medium
how suppose eat sleep get healthy amount human interaction relaxation when homework life outside school before exam life go downhill real fast help thank school ruin childhood teen years,1,1,Medium,Medium
realize social anxiety disorder year ago since kid know call its pretty bad know one understand people around wasnt aware good topic great one really these days people more open about share its something weird anymore,2,2,High,High
name sound like father feel sorry,0,2,Low,High
literally perfect love calm quiet slow morning routine thank,0,0,Low,Low
most diagnose except those relate endangerment children welcome first person group need person disorder participate join visit our site check our instagram url believe stronger together which why peer support helpful important care when need care others when zen,0,0,Low,Low
his own ways know love hes double body weight hes weight lifter blind rage come all people keep gamble permanently damage im healthcare know these number why like believe know his limit when fight scar himself past now chokings happen during every incident accidents irreversible,2,0,High,Low
kick man while hes down sick sick fuck im try get advice delete part post fuck burn hell people like why hate world,2,2,High,High
hope one day free disease destroy life lose opportunities live due im past stick cause thing call anxiety thing consume life,2,2,High,High
absolutely adore your videos awesome view amaze music selection message during break extremely cool always something take your mind off work instantly lighten mood d please more question during which time hours take these videos id super interest into know your dissertation about,0,0,Low,Low
terribly test recently stress couldnt think clearly didnt finish time now rework paper manage work time give without any major difficulties hopefully video help,1,1,Medium,Medium
im pretty excite see how name develop appear decent enough player future,2,0,High,Low
havent stop days feel like want die,2,2,High,High
panic disorder as well know exactly youre describe there things manage your anxiety course unless its palpably apparent moment then anxiety cant necessarily see,2,2,High,High
ive depress over yrs didnt even know diagnose later year im get help now depression go through all school year s,2,2,High,High
dont see why push leave him bad dip when,2,1,High,Medium
start cry apologize as well as tell all her fault regardless how many time try convince her otherwise as her boyfriend its extremely painful watch our ride home store today another breakdown last until get into house however thats when things take turn worse extremely severe panic attack,2,2,High,High
hello finally finish exam semester enjoy short break christmas holiday before another semester come result yet release want thank abao make these study video which help stay focus calm intense nerve over past month even now still turn your video once get back home keep count time get everything more efficient way hope everyone here use your video good day wish all stay preserve work fruitful result finally,0,0,Low,Low
love co as carbonation beer soda,0,0,Low,Low
thank much felt like youre directly speak consider kg vanish body through years as stress layer keep come try accomplish dream become freelance artist get absolutely destroy constant influence bpd today go try dish,1,1,Medium,Medium
wow werent instantly downvoted hundreds time omniscum must salad once get protein deficancy,2,2,High,High
really good relax thank beautiful music recommendation,0,0,Low,Low
cant sleep because fear wont score test during test hand shaky sweaty cant even grip pen properly mention all information pull john cena head right before exam right let forget tear d,1,1,Medium,Medium
easy feel better when youre work its burnout still feel depress when work its burnout,1,1,Medium,Medium
one night stay up late uncle watch movies odd watch disney movies all night together during summer like say favorite all sudden decide propose something six idea any mean,0,2,Low,High
tell things go back where before ever go concert agree stop talk her aside professional responsibilities now period time since two major things happen her mother diagnose cancer,2,2,High,High
thank tim box panic attack full cry trouble breathe etc stumble across your video truly bring down great way explain things bite humor help now send sister law who recent issue,2,2,High,High
wow thank sweet wordslots love,0,0,Low,Low
practicals exam tomorrow wish luck,1,1,Medium,Medium
im happy anybodys talk ill listen again,2,2,High,High
write behalf friend colleague his permission who watch his daughter laney steadily deteriorate after suddenly suffer massive stroke due disease know as moya moya which where body try compensate inadequate bloodflow brain send capillaries invariably burst now terminal condition family face stagger mountain medical bill ice cake onset stroke occur while laneys mom months pregnant last year half horrific ive post link gofundme url start laneys godmother hop there may some who like contribute,0,2,Low,High
hope help graduate time feb im start thank see tomorrow,0,0,Low,Low
some people go outin sun feelbetter hence people get depress winter know as sad feel everyones get struggle some kind whether financial health relate sinful addictions know bad cant stop ask jesus intervene help god help overcome thus give personal encounter prove exist receive physical heal miracle jesus wait humble yourself ask ask because god listen,2,2,High,High
never get nervous panic feel overwhelm sense sadness self pity make cry bad everytime sometimes wont even think anything ill feel urge ball eye then find privacy,2,2,High,High
things most effective avoid caffeine daily exercise avoid doom scroll listen quiet folk music focus mono task,1,1,Medium,Medium
agree everything yet society its stupid outdated conservative norms see otherwise,2,1,High,Medium
exams theses two weeks there final ones pray,1,1,Medium,Medium
exactly same kinda study whole year still cant believe myself wan na die sometimes idk cant study single word since yesterday,1,0,Medium,Low
ive never baby crazy goddamn im always crave adorable puppy arm,1,2,Medium,High
some time feel like dream never go away regular dream about ex usually few dream every week sometimes dream quiet down some time occur every night abusive point where try kill while lay bed one night physically abuse every other day,2,2,High,High
oh cool im high school here canada start next week,1,1,Medium,Medium
thank make first vlogs,0,0,Low,Low
couldve without bottom right pic,1,1,Medium,Medium
problem im go date anyone aware struggle ptsd least there when need dont need coddle protect need someone hold hand let cry help through flashback need someone who present emotional someone feel comfortable conversation about everytime breakdown try express things past audibly growl talk about how piss happen talk about hed abusers ever find them,2,2,High,High
hello wonderful world reddit boyfriend rescue animals need well foster them however long take find them home guy something special think hes stay us good his name chance rescue acquaintance some people who werent care him properly go dump him somewhere then acquaintances lease office tell him him dog head shelter when speak up take him,0,0,Low,Low
as suicide survivor facts,2,2,High,High
awesome see how many people help wish her happy birthday sound clickbaity forgive love our dog bear beyonc good netflix original series basically shes incredible lady im bias anything any happy birthday wish awesome,0,0,Low,Low
hey thank much your videos love aesthetics them hopefully get through bachelor thesis,0,0,Low,Low
oh isnt term make up antivaxers design intentionally vague think say,0,2,Low,High
perfectionism high standards dont let show depression even yourself couldnt weak as depress strongest best one work most cant depress thats weak then one day explode youd better least one nice person your side otherwise least wouldnt survive,2,2,High,High
thank delete procrastination,0,0,Low,Low
why didnt abao pin super helpful,0,0,Low,Low
im highschool im get associate degree im stress worry about both highschool work college work break down time week because stress im try help myself relax its soooo hard,1,1,Medium,Medium
follow channel since junior college now university soon gon na give first sem exams feel proud happy thank abao,0,0,Low,Low
prepare some french exams right now really help motivation some worthwhile study huge thank,0,0,Low,Low
some reason vibe these sessions make excite study every day take break between leave impatient get back into atmosphere create your videos thank make things much easier,0,0,Low,Low
gain knowledge need concentration hard work really need,0,1,Low,Medium
all mental breakdowns then,2,2,High,High
get three subject st last test thank youi use video come exam,0,1,Low,Medium
love idea youngest move im own feel overwhelm lonely,1,0,Medium,Low
thank make feel less alone read make feel more ease about own anxiety struggle procrastination thank enough rebecca now motivation get research paper im root your success your study,0,1,Low,Medium
feel like im go go insane cant stop cry want pull hair scream cant stop shake im medications anxiety help some much often ultimately know im anymore,2,2,High,High
hope cartoon network nothing hate see them teen titan asoiaf,2,1,High,Medium
hi alice video inspire lot thank,0,0,Low,Low
often hear some small task get illusion something instead deal hard task choose deal kind procrastination now hear healthy give feel control instead overwhelm gosh confuse,1,1,Medium,Medium
actually homework while listen help focus alot rlly like how your videos better other music videos because its distract relax thank alot abao,0,0,Low,Low
wait how long your school hours when youre asia,1,1,Medium,Medium
its actually nice think way,0,0,Low,Low
dont know how get anxiety its something inherit mother damn its annoy im go through multiple issue same time gastric issue lungs issue along everything list then come anxiety make go google search loop eventually lead some form cancer always tend imagine worst possible scenario im travel plane footages plane crash documentaries run all over mind,2,2,High,High
three days ago put his dad morphine drip watch his dad die same slow manner watch mom hospice nurse oddly same ones who saw mom turn his oxygen up understandably dad doesnt want leave his side here im about call job second day beg ride get fire husband parent sort help him still leave up air everyday before suppose work,0,0,Low,Low
friends party man whisper ear like stare touch himself laterbut date friend know dont want upset her car man some lady cut him off get road rage say want drag her car her hair cut her nipples off then later say obviously didnt mean,2,2,High,High
its onky years think read second line,1,0,Medium,Low
thank sleep reminder,0,0,Low,Low
cheyanne hawkins video make start school final exams,1,1,Medium,Medium
everytime panic attack accurs word use im go faint use alot like bubble throat suffocate weight chest feel im control body feel im detach myself feel like when im experience panic attack dizzyness sickness worst feel iv ever its everyday wake up see iv cry sleep experience those tremble chill feelings still process deal affect daily life dont help im deal eupd depression,2,2,High,High
heyy girlsss pass board exam percentage mark talentpool scholarship crack medical entrance exam now become doctorrrrrrrrrrrrrr,1,1,Medium,Medium
hi reddit never think need post anything here over weekend tragedy strike people close heart request some close family friends saturday night friends their way home their baby shower hit drink driver previous dui suspend license,0,0,Low,Low
imagine panic attack realize time during train new job then discipline escape because trigger malignant narcissist peer train get bad think youd go insane yeah job didnt last long,2,2,High,High
sometimes laugh,1,2,Medium,High
all see man try convince himself world doesnt want die when really still want die,2,2,High,High
yep now give up assignment now write apologies both math german teachers able hand assignments im stress cry fuck much right now its horrible idk dont wan na here,1,1,Medium,Medium
change our attitude choose actively change passive challenge active challenge feel control example instead feel doctor tell exercise choose say yourself exercise because choose help get healthier thank doc,1,1,Medium,Medium
feel anxious about health even though full blood count test result normal still episodes when feel like theres something wrong im about pass use healthy hardly doctor go gym off past years good stamina recently doctor test bp slightly higher heart rate slightly higher really want get rid health anxiety,2,2,High,High
dont understand flower patioisnt winter time there thank your videos,0,0,Low,Low
hi your study videos help focus work dont study work home as virtual worker play your videos everyday keep productive remind take break stay hydrate stretch plus make feel work alone work dawn lol thank these videos wait your new upload,0,0,Low,Low
bite storybook now again never hurt anyone d happy both,2,1,High,Medium
love cat dislike regular news,1,1,Medium,Medium
desire exist vs desire diecommit suicide,2,2,High,High
dont believe like other posters say better know its hard strong,2,2,High,High
successfully obtain master degree its all because channel stay hydrate amaze people hope yall good day proud your hard work,0,0,Low,Low
softtools insta get mine increase minutes happy didnt faili strongly recommend him,1,2,Medium,High
look work again give hell entire time find another job end february start date wouldnt till near end march wasnt good enough her as set start date break up kick now im fuck because work,2,0,High,Low
need some advice here im sure insecurities run wild im justify think boyfriend line meet girl through friends who set them up their first date go jog weird know its her hobby want get into theyd never meet before,2,0,High,Low
lee jianne im sorry ur feel like like u school get u try urself right ppl stick around ppl come go enjoy young focus u love learn new things u get,1,1,Medium,Medium
stress tolerance already zero contemplate suicide lot didnt want see where lead didnt want brothers incredibly lucky get refer good psychologist like hes help through problems get rehabilitation welfare which hassle because constantly talk new counselors psychologists psychiatrists which trigger breakdowns hate talk about myself strangers im ashamed all hate share how truly feel strangers make real,2,2,High,High
im sure theres some good youtube compilations him,1,1,Medium,Medium
keep brief diary every day whenever moment experience make feel happy joy something make laugh kind hard hard time painful moments theres much happen forget interest read about them later definitely more hurtful experience fun occasionally happen last time laugh hard flight read book there part really hilarious laugh much start cryingon planein front everyone its okay worth,2,2,High,High
dont anything ask atm anything anyone else need know cant go someone when im cop state feel like its something ride own cant tell anyone about hate go throw own family dont try support dont want see mum cry again because im break shes try every thing nothing help iv more therapist see least again one off meet cant engage develop vague phobia towards them use hide house when know appointment come promise didnt go its largely untreated throw lack try cant see condition change,2,2,High,High
great work mr abao thank,0,0,Low,Low
when ppl fck over decide quit statisticly speak how many people depress because dont work easiest route drown alchool drug hard route man f up handle whatever storm there choice yours pick wisely,2,2,High,High
watch love your content heres nice show watch im sure into crime cop show love watch rookie there one song nice one add your run playlist its call good day apollo ltd which feature one episodes definitely relate part culture parent nigeria love speak native language full sentence,0,0,Low,Low
give birth beautiful baby girl nov her partner yrs old many bouts law when meet friend house arrestprobation previous charge work together soon begin date friend filipino woman her partner jamaican man,0,0,Low,Low
hate when get extremely bore something once all consume,2,2,High,High
watch before provincial exam couple days ago never before felt way seriously felt like go throw up didnt even feel way during grade remembrance day skit thing front whole student body war veterans watch seriously forget how equation two,1,1,Medium,Medium
yet job require always reachable staff under always ask help them cant even help myself im tear between want alone want reach help talk people yell push them away dont know thats lie think dont want any effort exhaust cant bring myself fix,2,2,High,High
reallyanotheruser point assure active challenge take own volition internally motivate externally point agree many passive challenge make physically time then reduce them thats really point its passive challenge make mentally overwhelm way active challenge harder deal least how work get lot college stuff go exams stuff passive challenge since control curriculum then learn piece piano persist become progressively harder easier give one feel like control like video state,1,1,Medium,Medium
think video suck flame love dr k videos one confuse cant say know about company mental health benefit your job causation correlation even its causation like rely those cuz every company alok certainly more thoughts matter veeery productive without burnout say think hava dharma least detach right thing lot more even dont like ill comment comment read all want,1,1,Medium,Medium
recieved eviction notice form food stamp medical some possessions friends house safe keep want advice where live affordable decent college nearby when pay education place where work available highest education high school graduate move fine need make plan manage little money may,2,0,High,Low
youre really field day today huh,1,1,Medium,Medium
url look men women years age chicago participate hour focus group market research study qualify individuals receive prepay visa card after complete study link url job nrc location chicago il,0,0,Low,Low
haha hopefully thatd good his morale wan na beat knicks tonight honestly,2,0,High,Low
depress today im still depress as,2,2,High,High
replace bank card everything else cancel still havent go get replacement license another expense dont really want think right now unable get one those free government phone more repay any payment plan come up put repayment as second top priority really need some new sock get priority trust take sock im day anyway pm any question able take paypal cash app longer card transfer bank krogerfrys egiftcard old tmobile phone unlock one someone local around location want meet up even after hear about sock police report number anyone need verify,0,0,Low,Low
super bowl overrate anyways s im more angry about backtoback season end fade crabtree endzone,0,0,Low,Low
alt account cuz dont want recognize embarrassment anyway ask girl via text await her response believe probably sleep since usually go bed early most likely wont hear her until tomorrow wait eat up inside figure id go cuz why ya know,0,2,Low,High
relocation trump meddle book,1,1,Medium,Medium
social study test tomorrow tonight study its pm rn im stress dad yell because say note wrong im go fail even though note when read text book im cry right now im stress social study test math test as well want hide under bed never come,1,1,Medium,Medium
suffer anxiety disorder panic attack since unwittingly interact energy drink stimulant drink late which cause serious heart race nearly kill sometimes get panic attack while exercise intensely when head start feel tire still struggle manage ongoing mental illness which almost impossible eliminate because previous antidepressant lexapro cause emerge mood disorder sensory process issue jaw clench admit difficult overcome anxiety feel like struggle pull up water plug kitchen sink because energy tensionstress head chest area as find difficult let go them especially breathe practice exercise,2,2,High,High
cant get enough soothe beat chill vibes lofi track theyre like musical escape daily grind,0,0,Low,Low
its like want die badly same time dont want your people suffer cycle continue,2,2,High,High
app sound helpful like love love how look all accessibility definitely need,0,0,Low,Low
stress school system,1,1,Medium,Medium
ty stranger nice day,0,0,Low,Low
why discrimination ghettoization name prior their extermination legal because legislators sometimes dont care morality,2,1,High,Medium
funny mean real funny look,0,0,Low,Low
there solution every problem there desire determination relax life without anxiety sit chair back spine erect hand your lap palm upwards close your eye nothing still without move observe your breathe body sensations around minutes important as still as possible plenty thoughts come slowly negative thoughts reduce vanish slowly mind reprogrammed after days meditation slowly reduce any medication twice daily as per your convenience lifetransforming desire change best wish shyaaam sir counsellor,2,2,High,High
shit pant then walk away embarrass enough wont press follow,2,2,High,High
deal ptsd rape recently find someone who think friend sexually assault one our friends party get flashbacks wake up whenever party together ive see him awake once twice even though likelyhood low give background cant shake feel mightve something her give feelings like happen her actually doctor suggest womens group therapy want some opinions first any thoughts help,2,2,High,High
youre sweet thank much wish best any your goals,0,0,Low,Low
hey there want remind something important never ever give up fact youre take time search information about study music show strong determination truly ability succeed keep push forward believe yourself youve get friend,0,0,Low,Low
get psychology final exam friday nervous,1,1,Medium,Medium
type person who shift depress anxious intimidate someone give pile work jane kick back bora bora,1,2,Medium,High
youre strong manav when intern massive steel fabricator when couldnt keep up hour days because ptsd depression look horror as panic attack try explain adversity make us much wiser stronger much love manav,2,2,High,High
anyone else experience life change thank ebook call hide time wealth its such refresh perspective overcome procrastination,1,1,Medium,Medium
app make sense since many people phone sometimes solution raise more problems app say domestic violence escape plan abuser check users phone thats even worse paper form heres solution come up app ostensibly quote day app like many others open up look like any other inspirational quote carefully choose relevant without appear relevant way,0,0,Low,Low
like dollar store name,2,1,High,Medium
hit up name help,1,1,Medium,Medium
fast help anxiety medication make worse,2,2,High,High
right about vacation thing some people love trip bora bora really doesnt matter lot people claim mental health disability believe money make closely relate their condition most people think get disability check solve their problems really suffer mental illness money isnt go heal love isnt go heal,1,0,Medium,Low
dont even know feel lonely fine all until boyfriend ask concern because think maybe depress something push everyone away then like knock down wall inside didnt know there reveal whole room full cobwebs feel ashamed defective hopeless now dont know,2,2,High,High
her hair beautiful high hop her stay clean right path,0,1,Low,Medium
cant take anymore its like survive day after another family expect perfect child always happy always get good grade behaviour good its tire fulfill these expectations theirs every day mean why dont consider human go through shit sometimes force carry fake smile always let worst part even tell them stress lately think school their life fun literally laugh when say once feel good stress about study able cope up laugh say like when small now study hard enough hit hard dont think ever gon na share anything them again because never understand,1,1,Medium,Medium
oh real cool thank reference,2,2,High,High
listen when anxiety spike watch about time,2,2,High,High
id love hear zombie bastards king world angel one,0,0,Low,Low
experience exact thing twice within few days er visit heart monitor ekg heart scanall relatively normal ever since then ive constant state anxiety havent felt different im sick,2,2,High,High
ive truly inspire more generous complement lift others up ill never know affect may someone make their day get outside own head want share positive experience possibly inspire someone share kind word throughout day,0,2,Low,High
makeup magic friend,1,0,Medium,Low
social media dont keep your depression yourselves open up little bite ok whom depress guy bore one want friend bore guy open up friends hang thread relationship leave which make worse guy suffer silence dont give keep light hope burn,2,2,High,High
software devs treat badly pay well im middle burnout fire recently didnt defend against because its legit as im productive battery empty insane rhythm work ignore your feelings huge especially its everyday cant keep uo start extend h h per day now ai here add fomo soup see make through another job next few months otherwise ill study something easy technician job whatever least dont loose mind bable enjoy little money because amount money make feel better burn feel depress still work give all rat race,1,1,Medium,Medium
thats gon na dawg,1,1,Medium,Medium
im stress bad its like go through pure hell,1,1,Medium,Medium
anxiety joke ive find believe god through everything superpower literally time tough both physically mentally faith certainly test give up revert back faith always work,2,1,High,Medium
o m g helpful,0,1,Low,Medium
cardinals name mnf give people really want,1,0,Medium,Low
mmmm look like some delicious asbestos tile rub there,0,1,Low,Medium
omg its like youre take word mind,2,1,High,Medium
usually study feel confident over study test myself answer lot question own everything fine come test brain get foggy hand hold pen start shake suddenly im aware everybody around theyre bam fuck up test its fun senior rn,1,1,Medium,Medium
hi go back here after pass licensure exam thank study buddy nice day everyone,0,0,Low,Low
know why men dont wan na talk about depression because know period time everyone help depress person like king rest assure when start feel like fine look hope something other lurk break guy again moment person feel felt before even talk about its go happen again point fight bite bite ones whore suffer tell ones who moment depressedleft alone because didnt speak rather change situation try change person im really sure whose fault,2,2,High,High
exchange rate country yours wasnt high itd nice see marble colour journals though,0,0,Low,Low
shouldve put original comment then,1,0,Medium,Low
really helpful curious your update take might consider all challenge live midst global pandemic where line between work home life often become blur some us feel like state heighten chronic stress,1,1,Medium,Medium
turn ive panic attack quite often since im never know think problems throat nose alexythimia because autism its hard discern own emotions other day felt blood rush through major vein stomach which normal yet start panic because sensation continue more few minutes couldnt breathe felt pressure chestthroat felt nauseous faint etc thats when realize belatedly panic attack then realize how ive those over decade often without even know ive three panic attack public two those where end up vomit always associate real panic attack public feel stupid now lol,2,2,High,High
great helpful your image see anxiety as crew members ship saw part where captain ignore crew constantly tell them go away yell even louder louder eventually mutiny captain need listen prevent happen,2,2,High,High
fair play like amaze work ethic inspire especially cold af house,0,0,Low,Low
leave stress behind command,1,1,Medium,Medium
share experience about physiological sigh train many clients exercise since discover your video one occasion client moderate anxiety symptoms respond after exercise felt more calm relax body mind waitin until over go back anxious praise client openness point how client experience shift change anxiety whuch itself helpful anxiety inherently bad actually function as protecter thank,1,2,Medium,High
hahaha know yall gon na post,0,0,Low,Low
well say fan pinkers everything awesome narrative modern world either,0,1,Low,Medium
then come bathroom second time attach say go fuck kill start choke push her back against bathroom door restrain her hit her try figure go rd time attack hours scar,2,2,High,High
pull all nighter dont know anything dont get fail dont go th grade im genuinely scar,1,1,Medium,Medium
one b est thing fight anxiety give,2,2,High,High
theres something wrong stress because its our nd week college havent get tons homework like glad right idk feel wierd since get use answer lot paperworks highschool,1,1,Medium,Medium
love how mel break down stress vs overwhelm note step reset cognify try later,1,1,Medium,Medium
funny when hear people claim breed dangerous automatically assume trash,0,0,Low,Low
ive isolate myself extent focus energy myselfworkas lonely as sound its such breath fresh air,1,0,Medium,Low
think its important get know someone bite before make decision live together im happy send picture talk via voice webcam whatever major restriction specific time because abusive partner home most days speak anyone secret message account when abusive partner home always available talk about check those account as much as possible due anticipate troll people ask question ive already answer like tell go shelter instead rather come back all these post im post ton websites see reply im go let anyone who serious about speak message privately through follow place,0,2,Low,High
first covid make feel depress once finish hybrid third world war continue depression im afraid next invent world rule elite make people feel miserable constant depression,2,2,High,High
good even us as always find your videos delightful often look them look wonderful way,0,0,Low,Low
its scary how much point u people who depress tend work their mind lot more physically thats hit spot like crazy,2,2,High,High
finally completely study hrs straight complete topic thank,0,0,Low,Low
panic attack three days straight time inwasnt panic when body give up fell sleep,2,2,High,High
heres tip truly find helpful before start study session make mental note complete pomodoro number page chapters problems need complete period time ok get start keep go youre great,0,0,Low,Low
life chelsea fan im depress,2,2,High,High
like edgy sexual attraction intense drink,1,0,Medium,Low
thats how any law work,1,1,Medium,Medium
love se make video difference between anxiety attack panic attack,2,2,High,High
call mum before try kill myself didnt intend kill himselfever want excuse gravity situation absolutely bs,2,2,High,High
use well study before covid now cant even try open book any test cheat plus school reopen week havent any work make stress idk now feel like im bout cry,1,1,Medium,Medium
worst thing ever happen before test lunch then pe then geomotry test geomotry didnt study miss three lessons test anxious actually sit pe because didnt want sick didnt help test earlier day know fail bad test anxiety teachers give permission use worry stone during test as long as see before hand,1,1,Medium,Medium
thank emma thank much anxious your help thank,1,2,Medium,High
get really anxious when hear mom talk feel like when ever talk its about im trouble want hang friends feel like dont deserve feel like ask much sorry vent want write down where get feedback btw feel anxious reason most time,2,2,High,High
all your study video helpful thank much create,0,0,Low,Low
ever feel depress think theres nothing live remember homer simpson try commit suicide rd episode simpsons now its longest run series ever,2,2,High,High
ever since find channel ive look forward study more thank all these calm videos,0,0,Low,Low
dear zeli youre such inspiration like when get unmotivated watch your vids instantly motivate its like magic,0,0,Low,Low
get stitch parent love bf fact mom him close go walk go movies together felt uncomfortable unwanted his family fair little close off them mainly because felt unwanted put some weight which sure his dad notice because absolutely hat fat people,2,0,High,Low
abusive mother scar her life start young age first time remember her tell everyone scar kill her about raise voice protest because severely punish days lie sisters relationship strain most life recently open up about neglect some fat sham experience as child,0,2,Low,High
mother stage bile duct cancer seem like her time limit k insurance policy know thats go enough ive take lot time off work take care her dont money pay insurance wont cover some resources use help pay want cremate theres way against her wish save money,2,2,High,High
stumble across then when keep journal over past several years there few periods where felt rush stress overwhelm then compare time decide test add new hobby garden which new stress new task end up more relax end,1,1,Medium,Medium
fck these academic system our school online class,1,1,Medium,Medium
yes believe term use back day remember high school eighties schoolmate tell her dad nervous breakdown somehow seem remember understand mean,2,2,High,High
when depression become numbness when cry rage turn into inertia thats when there more likelihood someone take their own life as someone who experience tell those who simply get level depression complete detachment emotions all go suicide want pain end,2,2,High,High
first video entire world actually study get distract due music video betcha subscribe idk youll even see abao owe one thank,0,0,Low,Low
ive replace school them seriously de moivres theorem worthless,1,1,Medium,Medium
great video relax study,0,0,Low,Low
tonche reach state mind where nothing disturb there solution every problem there desire determination relax life without anxiety sit chair back spine as erect as possible hand your lap palm upwards close your eye nothing still without move observe your incomingoutgoing breath body sensations around minutes as still as possible plenty thoughts come slowly negative thoughts reduce mind reprogrammed reach stage empty mind twice daily as per your convenience avoid compare your life others meditation without expectation life change enjoy meditation make daily habit best wish shyaaam sir counsellor,2,2,High,High
its get plant crave,1,1,Medium,Medium
laugh loudly couple people surprise many others stay silent faith young fool im go heaven john god love worl know jesus say our faith without good work more awkward silence while still stand close face turn away find much later kick food place disrespectful pastor come preach,0,2,Low,High
channel motivation manyand benefactor infact good reason share issue stress,1,1,Medium,Medium
nice see thank u stranger,0,0,Low,Low
didnt quite understand one about view stress as challenge anyone please explain,1,1,Medium,Medium
as recover great deal conflict scar remember year frighten might there feel guilty remember year go way down rabbithole sometimes wonder crazy nothing happen ex right because there many things cant remember now,2,2,High,High
outstanding book locate suggest any person struggle over reason concept reprogramming your thoughts such excellent concept look forward adjustment help grow as well as delight life win anxiety lonnie swavee swavee heart healer therapist persistent over thinker yet likewise value live healthy complete life struggle daily basis anxiety clinical depression as well as stress such as book taht fill strategies workable,2,2,High,High
its people want hide its nobody listen people like think talk someone there one talk friend who study medicine work psych outright tell another friend how tire listen depress people nothing them change anyway same time tell before always talk her yeah thank therapists random people college degree never go through something serious their life thing there things life cant recover people who understand people who go through exactly same,2,2,High,High
thank psychgo videos move different school their environment different ive everynight im stress because assignment due date couldnt even sleep everyday wake up go school think self about talk them how fail now watch your videos find new friends homework time deserve subscribe,1,1,Medium,Medium
school suck wish never exist,1,1,Medium,Medium
hey feel like need get off chest fail class im stress f cause im deal death love one class top all friends talk about all their class how disappoint mom gon na fail like dumbass cause work its hard its choose dont even know why its eat up inside,1,1,Medium,Medium
edit wonderful world good news user usexistentialpanic contact want donate two box thank their generosity able fulfill those who poster request hard decision ultimately go users extensive reddit histories who havent receive other assistance whose need clearly establish through their post history ill send beauty box u_agent_perk,0,0,Low,Low
take his sleep pills before clean his gun magazine there bullet stick chamber accidentally pull trigger go straight through his arm chair hit his dog head yelp slightly try walk away before slump down pass,0,2,Low,High
give him week get all his bill together go over everything see where cut back didnt come over his monthly expense scribble down piece paper wife take time get him list low income apartments area tell him call around see there anything available least try get few wait list,0,2,Low,High
exams really get need absolute silence hear someone talk take every effort yell them shut their mouth riddle panic freeze up now all exams home go into library where its mostly silent tremendous benefit ive go complete test time fill random bubble complete finish test score,1,1,Medium,Medium
someone else say never examine closely because busy good laugh lol,0,0,Low,Low
how u time study when many game steam,1,0,Medium,Low
im forever leave house like walk because panic attack wake up one,2,2,High,High
im point where send island miserable think about go back work anticipatory burnout feel like joy suck work burn roll over into life now hate many things about life im like shell myself,1,1,Medium,Medium
last night one firm texting about something unrelated b bring up basically tell her distance myself b because xyz say understand b really nice lately supportive her pregnancy buy baby tons stuff dont know why feel weird about conversation even tell her refrain tell anyone long bc dont want anyone view her differently,0,2,Low,High
first comment wasnt when want fuck off,0,0,Low,Low
make sense streak panic attack like off few days straight anyone here experience before,2,2,High,High
im study physical science suck subject study extra hard,0,0,Low,Low
name back erect,1,1,Medium,Medium
few months ago use feel embarrass about body wasnt even overweight didnt feel comfortable own skin matter wasnt happy myself then start read woman cant unsee kayla dravert instead scroll fyp watch selflove girl type videos youtube book truly change everything start work cut down sugar start drink l water daily instead watch useless content youtube ive start watch videos like make focus more myself now acne go body feel like new version most importantly mindset change even hobbies shift start own small business something never think id confidence use super shy never stand up myself let people say whatever want now ive learn speak up defend myself proud who im honestly grateful growth,0,2,Low,High
get huge stress cuz saturday school india,1,1,Medium,Medium
need good distraction something help focus sometimes work remotely window into tokyo full screen one monitor calmness great past few days watch thank your content ill keep come back,0,0,Low,Low
im study geography ive get exams tmr help lot thank lot abao,0,0,Low,Low
cant breathe cause huge exam come,1,1,Medium,Medium
wow its first time see routine make feel less alone even though always wake up extra early hear how most peer pull allnighters while struggle make feel guilty video state need hear appreciate give reassurance end work individually really matter because end want routine sustainable because academic journey marathon sprint thank much such serene video wish best your journey,0,0,Low,Low
beautiful wonderful word hope same,0,0,Low,Low
really need much becauseim stressful student these time rn friends real toxic hit as joke honestly felt tire today thank much,1,0,Medium,Low
lot people deal depression feel hard find people understand youre experience today felt overwhelm trap doom eventually end all there pill kill sleep know wouldnt see tomorrow,2,2,High,High
sound interest sound like start procrastinate now,1,1,Medium,Medium
genuinely thank much adhd struggle sit myself down focus work long body double work wonder normally body double friends study them end up chat get anything like body double without study whole time some short chores break its quite genuinely most productive ive basically ever im happy work finally way thank much,0,0,Low,Low
hello sarah its nice meet im glad help get through hard time u wish best ur highschool life,0,0,Low,Low
who watch again because their exam near,1,1,Medium,Medium
dear nami many thank your short film id like share piano piece nice day lassie,0,0,Low,Low
im gon na take time take slow bite start university workload immense im still homesick stage get people count yet still feel anxiety point burn mental breakdown heres hop things get better,1,2,Medium,High
most stay around really good about hide fat flatter clothe over last months gain lbs as result travel work move new city holiday always unhappy way look envy girls who slim obsess about head even though try stay positive truth about how really feel come almost every time go drink friends become extremely negative sometimes cry alone bf tell unhappy weight hat see unhappy summary bf complete workaholic love death tell how beautiful every day dump time because weight think excuse maker know commit,2,2,High,High
sexist transphobe see youve never actually listen him read his work,1,0,Medium,Low
seem lot women comment struggle anxiety guy let us know how tell when feel anxiety when day day life know observers perspective thank,2,2,High,High
note mistake sign lease as consider happen person lose their job notify month after return home lay off as group shut down note make much low middleupper lower class,0,2,Low,High
sadly case most place think pandemic kind make people more aware seriousness mental health issue when many people drastically alter their live adjust regulations still most company elder generations dont fully understand empathy compassion those who open old work place fell into such deep depression need take many sick days werent guarantee time off vacation unless plan months end up use nearly all annual sick leave within five months ask personal day know try convince come anyway since frugal even vacation company one one personal day allot annually,2,2,High,High
age consent apply send nude picture under still possession distribution child pornography,1,1,Medium,Medium
love thank video,0,0,Low,Low
im about write exam which decide whole life,1,1,Medium,Medium
im middle school literally verge tear when activity live online class there time limit couldnt even think anything present since need present about cry didnt enough time show emotions since distract schoolworks isnt even our real class since time facetimed cant imagine real class look like its go point where dont big appetite even when smell favorite food dont get enough sleep since wake up early dont someone rely since all friends go school wish something end since its school dont any power whatsoever head hurt much cant anything about,1,1,Medium,Medium
sorry didnt help hope find something,2,2,High,High
feel numb useless lonely tell parent depression might think overreact get these episodes where feel completely nothing cry then walk room act like im fine many suicidal thoughts different situations im high up think about jump drive other day think simply turn wheel everything stop tell anyone these feelings want feelings go know commit suicide anything dont want die want feelings go distract myself stay busy social media think need help want same time feel completely worthless people tell im prideful arrogant rude when all try stay strong take care myself seem like all together when dont ones who look like their life together fake till make truly live im ashamed myself action try get close people push them away,2,2,High,High
its hellish cycle cant live alone cause dont job thats outside city live mom help study get decent job,1,1,Medium,Medium
entirely sure really belong here here go yo f diagnose ptsd due many traumatic instance childhood include emotionalpsychological abuse physical abuse sexual abuse bully etc best anyone ever ask extremely patient understand his dad other hand complicate person ill call him p when first meet p seem pretty shy nice generous like offer gift etc people around him,0,0,Low,Low
start work youtube series about cop heal ptsd use movement therapy find flow hoop outlet super excite share beautiful strong wonderful survivors please share anyone else who think benefit series wish well until next time may peace love light always journal entry january url edit format,0,0,Low,Low
horrifically depress since childhood relentless assume ultimately end somehow about twelve years ago randomly accept offer friend few dose mushroom them two consecutive nights alone first night pretty mild second night wow saw depression every angle realize much next day depression totally go never come back never come back its like its forest far away remember probably find again enough effort zero impact anything life mind honestly save life improve immensely never them again either wish there good organize way administer them people who benefit them,2,2,High,High
uzumaki feel alright still episodes anxiety mood up n down new medicine weeks doc tell take time level chemical brain,2,2,High,High
burn live alone spend most time alone especially since get make redundant stress severe level during redundancy luckily find job straightaway unfortunately job stressful due amount workload unsupportive manager burn after work there less months take week off finally return rejuvenate then take days until start feel crap again thats when make decision leave now work notice period think ive make right decision resign plan move back mother house few months savings until ready work again look after your mental health folks one life,1,1,Medium,Medium
your adventure begin always beside,1,0,Medium,Low
hit close home when own parent pressure over years reconcile brother angrily demand how id handle their funerals whether id insist go wouldnt brother best man our other brothers wed which attend decline bridesmaid keep careful distance then go home drink entire bottle wine cry while husband comfort never know about cousins son hadnt able make funeral yesterday,2,2,High,High
sure let take moment appreciate her dedication study silence its commendable how stay focus despite distractions like dance sing let show some respect her ability maintain her concentration work ethic keep up good work,0,0,Low,Low
really love your videos because now study hrs straight really appreciate your hard work think better your future,0,0,Low,Low
study finance mexico thank,0,0,Low,Low
where buy your kmle final book thank,0,0,Low,Low
how long nervous breakdown last,2,2,High,High
definitely deserve recognition award make stay awake help focus study thank make video help get things love view music rain everything about video hope visit japan one day really love country fellow procrastinators there grateful channel aight bc surely,0,0,Low,Low
your videos help lot productivity thank,0,0,Low,Low
cant stop need fuck graduate deadlines,1,1,Medium,Medium
let forget all about biological father father once tell money fall tree boy oh boy ever go show him wrong all start fact one day get bed weird idea go die yrs old listen doors point black sabbath everything between those two while listen doors open doors perception,0,2,Low,High
really thank scroll through videos help lower anxiety moment watch instantly impact breathe help relax remind always ok figure things immediately make mistake along way help learn better ok worry future because help us prepare prior dont try think all possible answer instead take single step kind yourself,2,1,High,Medium
constantly afraid when its go happen next im scar im go some embarrass reaction happen today able play cool about minutes then go lunch cry eye car ive really bad flashbacks all afternoon night really wish didnt get like day seriously ruin harmless prank,2,2,High,High
really love fun fact about tokyo popup notification style haha,0,0,Low,Low
thank appreciate try say understand go through our head wish make feel go away love his comment dont think want die o cant stand feel like anymore ive abuse suffer much trauma people life feel alone,2,2,High,High
any help appreciate after come paycheck everything ok price url daily day day,0,0,Low,Low
trade second last year trade plus years nd impossible,1,1,Medium,Medium
dont regulate shit once dont wan na fix regulate yourself all time anymore when finally start find yourself let yourself fuck exist as find people who presence matter fuck fight your whole life better good way dont fit somewhere mean fit elsewhere until accept these facts gon na suffer matter how many regulate videos watch mental health problems believe theres something wrong dont improve shit world tell coz take benefit break fuck system fuck world,1,2,Medium,High
day come forget about ill overcome allow myself live life where panic attack,2,2,High,High
how review licensure exam,1,1,Medium,Medium
ive two panic attack anxiety attack months april work today may luckily im see therapist come week,2,2,High,High
great post listen help stress level go down,1,1,Medium,Medium
enough sleep low gpa long college hours india expectations family yes sir update grade still low im try improve willl lol college hours ofcourse same hours familys expectations stay reasonably theres much time sleep when say enough sleep mean watch youtube night study late night last minute because inwas lazy days before didnt care externally now,1,1,Medium,Medium
passive stressors still there dude take active other challenge side make happy give pleasant accomplish feel bite make even more overwhelm because essentially ignore bigger more press problems which sadly passive problems,1,1,Medium,Medium
friends pet family kind support community resources whatever take dont afraid ask above all dont quit deserve better deserve survive deserve help deserve treat dignity respect about three days ago friend think add go fund campaign reddit generously put go fund subreddit cant thank her enough beyond awesome,0,0,Low,Low
hi merve your videos help alot past few months during exams thank much,0,0,Low,Low
responsibility your exs feelings make happy,1,2,Medium,High
thing cant sleep time cuz overthink lot get sooo anxious sometimes sleep earliest pm which rare sleep all,1,1,Medium,Medium
sad thing those who depress think them act depress cool,2,2,High,High
embarrass him front others last weekend really make decide write jay marie husband another couple house drink play board game jay work next day stop early marie start take personally some reason then say all us hes always ruin her nights,0,2,Low,High
wow where find these place study work serene peaceful,0,0,Low,Low
dont link technical definition term dont want people apply enjoy your new year,1,2,Medium,High
good stuff thank create video like pop up message,0,0,Low,Low
some devs burnout even before get job process get as annoyingly unintuitive as job itself,1,1,Medium,Medium
really didnt like study note even little bitim grateful meet your videos your videos really motivativekeep up,0,0,Low,Low
omggg tam always there right time send sooo much love support love make video dark feminine energy ik u talk abt ur podcast want vid cuz its something focus year love youuuuu tam,1,0,Medium,Low
thank correction ill make sure careful future,2,0,High,Low
advise stay away alcohol focus kid engage campaign justice get well soon bro,0,0,Low,Low
wont completely go away maybe one day get better time there cycle period hope arent depress then,2,2,High,High
dr please talk about hypothyroidism elevate tsh low normal t tand elevate anti thyroglobulins which cause panic n anxiety n depression fatigue trigger more panic,2,2,High,High
wow thats amaze cup coffee omg,0,0,Low,Low
im love these dbs canuck meme mixtures,0,0,Low,Low
without think dont know how even register information depress brain how even possible,2,2,High,High
need thank lot,0,0,Low,Low
doubt ill ever own one those im bookworm love smell old book thank info nonetheless,2,0,High,Low
thank study,0,0,Low,Low
suicide thoughts come go like guest dont wan na die wan na get relief nf,2,2,High,High
even though name many drawbacks make some mistake let make one thing clear its time trade him,0,1,Low,Medium
try think like computer most day may contribute stress,1,1,Medium,Medium
keep together work hear im great im always edge fall apart ive through tough adjustments before which always suck hit differently maybe because its high levelcant dont want quit kinda want win lotto quit want get through transition get good job bite cant survival mode much longer work much idk how stop,2,2,High,High
classic narc behavior go contact,1,0,Medium,Low
im work presentation how social deprivation affect memory your channel these videos study stay focus nightmare,0,0,Low,Low
use same always like keep myself still dont stay room all day now start feel alone anxious find ways cope feelings come go wish stay away god bless,2,2,High,High
explain previous chapters definitions those three word maybe give couple examples dont want go watch another minute video keep reference your other videos tell now youre already talk about such beneficial video many people instead im treasure hunt find which precious chapter youre refer minutes explain basics instead actually help people value lack explanations depth,1,1,Medium,Medium
thank these videos really help get focus forget anxiety im night owl these sunrises view breathtaking,0,0,Low,Low
app seem nice promise,0,0,Low,Low
emphasis cost keep feelings hide powerful its about secrets toll take mental health like make yourself feel bad about make yourself bad,2,2,High,High
feel hardest part anxiety know everyday wake up wait wait one moment your anxiety spike which end up make whole situation way worse,2,2,High,High
everytime get remind anxiety get anxiety,2,2,High,High
work together find mutual friend theyre project together im difficulty handle see therapist practice self help sort thing affect immensely,2,0,High,Low
learn how manifest love action good body cook diabeticfriendly meal every night even cut up block cheese open package pepperoni spend little extra tissue find ones like best keep box every room house splurge bath bomb once naked bathroom again brush hair before bed every night,0,0,Low,Low
create cv today fill dread consider apply interviewsgod forbid actually job where im responsible things end up screw up badly top im terrify current situation apply uni fear worst panic attack interview reject feel like such burden cant anything right consider suicide past month im anxious depress all time cant even get part time job point,2,2,High,High
watch video stress reliever,1,1,Medium,Medium
want die lately its super tough ive try kill myself time throughout life eventually give up try think fine until couple years ago nowadays struggle get bed o play video game read usually play where live hard get help dont even know who ask,2,2,High,High
agree tell him million time when together after break up loyalty relationship period hate cheaters more anything world know begin yet recently find cheat more months before break up,0,0,Low,Low
its really awsm video bt still afraidtomorrow board examnd think dont know anythingif ppr toughif nd many ifi dont positive feelings plz help,1,1,Medium,Medium
im last year secondary school our mock doesnt mean ease off gas im constantly rush about try complete coursework christmas try revise feel like im put enough effort room tip every time try fully clean its completely wreck week later eat all meals whilst revise room social contact school feel like im go crazy time pass im catch up im cry all time health go im get cold after cold fever after fever motivation anything revise because its all amount bath try tidy room help,2,2,High,High
sob shake whole front dress open because tear th button break shake much take while button up dress whole time remind when ex attack trauma trigger try gather things get go into back his huge suv get things th backseat hysterical,2,2,High,High
bear fortunate enough whatever want without feel oblige dedicate time effort school wouldve much right now im confident about much any point time immediately drop everything pursue arts things wan na pursue despite family friends classmates teachers say give oppurtunity often drive into spiral thoughts captivate imagination as beg let take over myself entirely kinda like autopilot,1,1,Medium,Medium
thank make these videos calm help concentrate study,0,0,Low,Low
im live anxietydepression since there good months bad months exsistence,2,2,High,High
thank make series make study such enjoyment actually look forward every day,0,0,Low,Low
brother overdose drug run his anxiety anxiety more depression brother overdose months ago feel reason depress anxious dont wan na anymore wan na live life happily one day happy person,2,2,High,High
those who depress your love ones help like us all know listen nonjudgmental way,2,2,High,High
im sure aspire serial killers really appreciate your support maybe dont make support unconditional,0,0,Low,Low
remember watch video back march after start experience severe anxiety immediately felt relief however quickly become compulsion anytime felt anxious come video search youtube relate videos eventually constant reassurance seek snowball into develop ocd,2,2,High,High
wow video help much finally accept myself everyone know always stay up late friends family love laugh about go bed wake up make happy when most productive focus most never pick those who stay up late when thats their normal wish others wouldnt pick different them either thank share your experience make feel less lonely sure,0,0,Low,Low
good definitions different type mental health disorder,2,2,High,High
him describe like depress remind walk go pretty tree look amaze road live past years its like some scenic place id never see everything seem pretty day when go talk about tell people how pretty everyone seem really care dismiss think back moment after hear make realize one time wasnt depress while one care because one realize how different saw world depression doesnt change your mindset affect how fundamentally view things even impact your memory ive depression since which point more half life cant remember mean truly happy ill time ill laugh ill fun after moments over im leave emptiness again things arent as vibrant ill often forget things while depressive episodes ive time while depress ive genuinely forget ive need eat go days without eat because brain didnt remember need know one probably see its least decent feel get some,2,2,High,High
videos style find relax,0,0,Low,Low
next magic trick watch turn bottle fireball into domestic abuse,1,2,Medium,High
distract themselves easier task avoid hard work even though im unemployed study right now true ive avoid fnal project end send resume clean house might unemployed floor as implecable as pet,1,1,Medium,Medium
actually skyped new years mostly sake his grandmother his father mother who positive relationship somehow friends anyways mother mother selfproclaimed jewish mother subscribe all stereotype uphold them disgustingly proud,0,0,Low,Low
right now there people all over world who like theyre either lonely theyre miss somebody theyre depress theyre hurt theyre scar past theyre personal issue one know about secrets wouldnt believe wish dream hope right now sit here read these word im write dont feel alone anymore really help start overcome pain actually move toward goals read manifest unseen luna rivers open eye ways didnt expect always remember dont depress about past dont worry about future focus today,2,2,High,High
video fr goated im learn rn final exam keep focus study straight thank,0,0,Low,Low
popcorn cant build ladder least dont think,1,0,Medium,Low
hello name jake years old need some help ill give bite back story ever since mother always drink everdently alcoholic whenever drink get agressive cut long story short abuse over years physically mentally when finally speak go turn authorities didnt help send back mum countless time then end put myself into care refuse go back care year couple months now ever since before chirstmas ive these night terrors which reason believe ptsd viscous flash back mother all them things wake up scream sweat as instinct ready fight last good mins which horrible im try get there any cop mechanisms suggest because feel useless helpless point,2,2,High,High
try measure hours your study hours first when th grade study hours daily abrely focus probs hour mins lmao start get aware future universities start focus hours then hours hours now study hours daily when online class study about hours hope get good grade new academic year im th grade now btw,0,0,Low,Low
make happy,2,2,High,High
unnie dont feel alone because your study videos thank much lot love india,0,0,Low,Low
meet someone because im tire waste time someone who insecure paranoid interfere both our live deserve because impose your paranoia onto demand impossible things,2,2,High,High
why hardest month nerve clear minute minute anxiety calm hopelessness resolve now sit grieve person make up head person convince myself much more attractive reality im now hes target year olds break piece myself together,2,2,High,High
alone feel same conversation brain freeze get anxious angry myself cant even find word hate take day day take care,2,2,High,High
when watch speech remember days think suicide imagine mother cry body how sad then ask myself such cold hearted person die before parent then tell myself carry even though there little aim life achieve then later years decide help anyone meet hardest help them battle against depression,2,2,High,High
teacher always tell ones who anxious ones who study most,1,1,Medium,Medium
music give calmness peace relax feel aside want acknowledge your view inspire your work inspire ignite desire go work beautiful country japan love,0,0,Low,Low
ah thats why clean room exercise whatever productive thing want when exam tomorrow,1,1,Medium,Medium
suck know need help want get help sexually abuse throughout childhood least years possibly longer forget memories long time now im finally get them back its freak,2,2,High,High
brooke willoughby panic attack your symptoms,2,2,High,High
name name good draw foul s,1,1,Medium,Medium
fuck refs suck ball,0,1,Low,Medium
elyse e need scribe when exams need read write get really bad panic attack during exams make unable see hear its weird scary,2,2,High,High
use ai then rule start freud mother get marry when turn law land then pop children every years them boys paternalgrandmother cousins lot babysitting mother always veryangry say felt like cow when womenslibmy father tell finishcollegegeta joband help him pay bill almost phd computerscience engineer fancyunivs marriage strongi takeout trash tell children daddy appalachianhe takeout trash,1,2,Medium,High
sister watch three vhs tap own repeat because literally dont anything else know sorry whine feel lucky even tv share mention bully us as prior dad see literally fall apart start play video game more often get ps share keep his house jak daxter bundle new expensive little money,0,0,Low,Low
panic attack anxiety linkedif which one treat first solve one solve other,2,2,High,High
dr inadvertently lay final step solidify narcissistic personality peopel genetic markups basically youre talk about capitulate expectations between yourself survival want people stop commit misery need better there them healthcare justice systems need better hold narcissistic parent accountable need stop tell people move their parent house work hours week between rudimentaries schoolall because mom dad cant get over their disappointment disapproval parent need compel house their offspring until education complete,1,1,Medium,Medium
ms include lesions brain spinal cord end day physically mentally exhaust feel like body fight itself internally when go bed when get little relief constant symptoms,1,2,Medium,High
good information definitely talk about tru hypervgilance thats symptom ptsd basically talk about basic stress think rename title,1,1,Medium,Medium
hl offensive stance dodge then doesnt raider dodge fast recovery into move dodge again,1,1,Medium,Medium
all research conduct harvard affiliate cover huge variety field social sciences its cool way help research learn something along way our newest one estimation use image dog check url see other experiment website more survey relevant really appreciate,0,0,Low,Low
your videos bring another worldly tranquility serenity motivate like organizedcreativeactive persistent calm demeanor like u keep make these videos journey exude bring joy those who become part beautiful journey yours,0,0,Low,Low
leave tech industry three years ago every software development job work awful people work under work disgust now work parttime grocery store low pay low stress wont ever go back,1,1,Medium,Medium
child protective service call interview tell them nothing sexual abuse physical emotional as well as his constant threats break your arm goddamn door dont sit fuck still remove home two days place foster home until biological father drive up take suppose real home mother side family aunty nene along various cousins father keep separate them two years finally relent when cry beg see them,2,2,High,High
ive recently acquaint your channel im vietnamese as well ive give myself motivation selfstudy thank much hope your channel develop more future,0,0,Low,Low
hours exam tomorrow tysm,1,1,Medium,Medium
check youtube channel name ive benefit much psychedelics depression anxiety insomnia treat psychedelic improve creativity focus,2,2,High,High
hi katie mean want single yourself alone speak anybody there anything stop feel way thank x find count four stag help panic attack breathe four second hold four release four wait four xo,2,0,High,Low
steal idea person who post earlier trials homechef another food delivery service same thing as other ones pretty much youll get meals people same as other one youll enter your credit card info thats commitment cancel your membership after get your first box reply here ill pm all ill ask pm your email address,0,0,Low,Low
bold assume,1,1,Medium,Medium
remember hear about nervous breakdowns more frequently s s as compare now,2,2,High,High
two months off work favorite city limitless money more infuriate ever all its remove dissociation now inexplicable rage fuck hate everything hate site even make ultimatum never come back fuck idea even,2,2,High,High
mostly agree say alot time break down occur because your situation where cant find way get situations away person cause stress overload,2,1,High,Medium
become overthinking place,1,2,Medium,High
more name leave knicks scumbag way yes im salty about something happen before bear,1,1,Medium,Medium
think im experience more burnout depression insomnia right now slight loss appetite think need get usual routine,1,1,Medium,Medium
get really bads mark examsespecially fcking maths im pressure study same time group dance performance august im leave behind step since busy regional level chess selection competition school now catch step learn next step reallyyy fast since days leave min till nowmin song ig good news get select regional level chess competition thats gon na hold rd week august guess need practice aaaaa lotttt cuz never participate region level stuff beforeand exam september got ta focus school as well get slogan competition august sleep deprive weeks because exams im exhaust as someone who struggle anxiety even simple task make stress plus im yo,1,1,Medium,Medium
thank share wish great success health love happiness its great here,0,0,Low,Low
def one trigger automatically think die anything throw into panic attack though,2,2,High,High
sorry advance need get shit off chest spectacularly shitty year homeless try recover health issue terrify cut off health insurance face criminal tresspass charge turn false take months prove innocence deal incompetent social service dont give shit finally get into think place safe against weather turn basically live refrigerator now im back streets moldy fuck gear all options here exhaust im fuck sick pain nowhere sleep doorway town hat really mean hat homeless all think hang til gtfo without get shit beat anyway thank listen its worth please everyone safe holiday,2,2,High,High
class im always edge cant focus one thing long constantly scan environment think think im look them which im make more awkward talk them there month im still nervous around peer teachers know teacher tutor there get nervousuncomfortable around lately havent talk much come up especially tutor ask need help which before anxiety get worse probably look more visibly uncomfortable ever why barely ask need help say much ha yet seem more ease other people,2,2,High,High
one recently join royal navy wasnt mentally prepare explode discharge stress,2,1,High,Medium
tldr game help get better ill read like read pick up game again bite over year ago after year hyatus age intentionally as part recovery cptsd substance abuse burn unhealthy level anxiety dysthymia since then ive succesfully get clean notably less anxious progress progress more more progressively condition take all fun hobbies cant draw code make music otherwise express myself without constant feelings inadequate game allow break through wall anxiety least puch some decent hole though look whats other side allow myself bad key therefor allow myself effect grow better meet other players genuine reliably last fun first time years one guess correlations cause effect since start play many aspects life become much more manageable years therapy discontinue because well im pretty good,1,2,Medium,High
morning routine wake up without alarm lie bed minutes look phone try get up barely move finger etc barely manage get up sit about minutes brush teeth minutes while turn pc check notifications watch yt try work because food make more tire give up eat some food watch yt because tire hopefully get some work programmer way past morning now morning any part day as often go sleep later thus wake up later usually always sleep close hours then awake time rotate people say problem its make possible get anything all force myself sleep same time every day horribly exhaust,1,2,Medium,High
everyone make million dollars try maybe kk small medium size company which incidentally include nearly all stressors hear startups sense there clearly define development boundaries youre often everything highlevel design thru second level support matter your formal title say train security matter which seem beyond stupid point often security concern see as inconvenient barrier anyone else any company get their job many as ignorant as upper management usually as potential problems associate say work hotel room coffee shop which might add as infuriate staff who real power push back since theyre litterally get push back against all side none whom generally any adequate understand security,1,2,Medium,High
mind lot struggle anhedonia power through endure move years lot women centric content doesnt tackle all dr k singlehandedly pave way forward,1,1,Medium,Medium
really appreciate video appear recommendation page its honestly really helpful as help balance desire procrastinate need finish up essay oh since ask your video all study im take course religious study minor major media production final semester,0,0,Low,Low
yo spain love much your videos need there study music use videos nice like much jazz thank sorry sor bad english,0,0,Low,Low
girl u deserve sm more sub genuinely find calm when anxiety high,0,0,Low,Low
sometimes id like tell doctor youre depress thats why youre search sometimes happen id probably want deny medicationsthey really scare therapists find right ones theyre humans may find many incompetent peoplei dont know,2,2,High,High
truee use enjoy learn before thats why infos stay longterm now study thru online class feel everything push itself compare before now get easily pressure stress,1,1,Medium,Medium
tonight when offer dessert shit myself stress social pressure tmi warn,1,1,Medium,Medium
anybody ever happen history whatsoever react peanut butter even full panel allergy test few years ago confirm im im allergic every pollen know man apparently lol use eat peanut butter sandwich lunch all time favorite candy use reeses peanut butter cup even eat one past few months eat pint peanut butter ice cream problem,0,1,Low,Medium
wow relevant life right now as exactly first career job as software developer like resign last week because start feel burn while get blame failure after grind incredibly hard meet expectations because our ceo narcissistic atechnical thank ths,1,1,Medium,Medium
thank friend,0,0,Low,Low
anxious years video hear best idea,2,1,High,Medium
horse meat fuck peng love why ok cow slaughter food horse ridiculous double standards,0,0,Low,Low
hi lena thank share your first gen experience totally understand where come thank talk about im first gen mexican know mean about lose part your identity why its important continue talk our language because part who im proud try because listen think our language help smmm,0,0,Low,Low
touche lol ours usually come back pretty quickly think longest its,0,1,Low,Medium
save yourselves get doggo make sure financial stability get dog thats onpar your dog experience its important remember ton work large puppies especially distraction part help lot people get large active intelligent dog as puppies dont understand fulltime job protection dog youre first time owner dont get one weigh over lbs when mature,0,2,Low,High
dont know why video give image morpheus high school teacher try explain matrix day day bunch numb students maybe its because tell dr k talk about emergence layer abstraction still still felt grip current context im go listen video few more time see get,1,1,Medium,Medium
sin refuse impregnate his brothers widow when name directly tell him its about waste semen,1,0,Medium,Low
fantastic thank need motivation work university homework,0,0,Low,Low
one favourite idk why get stick one boost up study sessions everytime thank abao,0,0,Low,Low
next week ive live depression anxiety as long as remember hope find miles walk solution anyone thats suffer youre obviously alone,2,2,High,High
anyone know good answer someone who ask why anxious when actuality myself idea because everything worry about irrational there reason feel worry sad all time try give answer one really believe understand because someone without mental illness feel negative without reason weird understand course,2,2,High,High
vitamins help anxiety,2,2,High,High
religious friend who agree early make fun each others beliefslack still best friends,2,1,High,Medium
decide go talk doctor about taper off lexapro next week when go see her wont lie im scar think time real thing while start lexapro restless leg increase anxiety last about week let hear reddit taper really like oh male mg daily year timeline meds,0,2,Low,High
idea about until last march wake up swear heart attack fast forward few months mri catscan heart monitor test carotid artery scan many more find panic disorder where life change little over year later im still deal unprovoked panic symptoms frustrate already live clean healthy lifestyle before lot stress divorce high pressure excellent pay job quit as result choose go antidepressants pursue acupuncture yoga more nature wonder ill ever same again its race heart chest pain legs go numb temp vision loss derealization feel body time bad woozy spell vertigo unsteady tippy its awful,2,2,High,High
still better youtube rewind,0,1,Low,Medium
think burnout depression over long haul stressor its important always stop see where arecactions take us plan escape digmfferent strategies its all about end up where want realize how realistic think isnt bold enough change,1,1,Medium,Medium
dont know why something happen treat control help someone who doesnt want help people who procrastinate things hurt themselves long run avoid work wouldnt call selfish because up them help there difference between procrastination actual selfishness base youre say id say lazy selfish video suck get why procrastination happen wrong get how solve wrong,1,1,Medium,Medium
help through many bad days ever since daughter attempt suicide several years agothank great ted talk good job dr rutherford,2,2,High,High
hi recently put prozac mg start anxiety after really bad panic attack nervous hopeful help first week cry least once day usually there reason anxiety heighten know these symptoms occur ive deal fine past like day half feel like joint kind feel weird wouldnt say its painful different,0,2,Low,High
learn about use electroshockect see videos under youtube head ectjustice pull up several test follow ect medical malpractice claim work bring addition product liability suit use variety mental health issue involve billion annually us alone contact dk law group ca ect,2,1,High,Medium
really enlighten explain much tend burn myself art commission really feel like depression because ive draw whole life draw make feel empty inside when take break play video game get into new tv series feel much better guilty im draw then feel like need force myself then burnout drag now understand find better balance when come freelance work art start happen when able support myself financially artwork maybe commission fit art more personal thing time boundary thing important some people really message all day its always good establish your boundaries especially set your own schedule,1,1,Medium,Medium
clear acca exam last session all thank able enjoy music learn well take exam session as well hope well time once again thank tonkeep up good work,0,0,Low,Low
staple through study while now help focus much thank,0,0,Low,Low
channel awesome matter how much self doubt yourself all day after watch daily lifestyle miss love wait next calm video thank really thank,0,0,Low,Low
doesnt help when large chunk your final grade base around test midterm class pressure all,1,1,Medium,Medium
graphics amaze most videos still favouritesound kill,0,0,Low,Low
brother adopt enrol school his wife teach family their own never treat same as their children future friends refer them as dursleys few years older their oldest kid attribute their shitty parent know how raise kid age point yet because much kinder their kid when reach age quite religious,0,2,Low,High
music nice relax help decrease pressure after work thank share,0,0,Low,Low
go live happily almost as part life didnt happen floor pain feel guilty myself how strong reactions many years later feel guilty partner who deal even though hes one who cause hurt hes nothing short wonderful im scar past end up drive him away certainly wish get away sometimes,2,2,High,High
our father pass away last year now cant help think about how yo sister depress close father now cant find strong bind like father before,2,2,High,High
join when im writting thesis right now thank,0,0,Low,Low
years since emancipation ive watch cognitive state decline ive agoraphobic years now years ago move into shelter system after domestic dispute trigger agoraphobia again felt like under constant threat wasnt safe anymore move,2,2,High,High
im wonder how many players phd punishment comment unironically,2,1,High,Medium
omg recently discover your channel love thank create such beautiful peaceful content,0,0,Low,Low
gaston seijas glad its over exams next week,1,1,Medium,Medium
ok show up as physical illness such as cellulitis think breakdown then next day cellulitis im still extremely stress dont know im still battle both its over month please help,2,2,High,High
yes dont need play,1,1,Medium,Medium
ahhh much stress because phone always think accidentally drop phone its gon na break wont able ever get data back because there much important stuff any suggestions release stress im stress,1,1,Medium,Medium
fail maths twice time university xd,1,1,Medium,Medium
like much all your videos im study english thank your help,0,0,Low,Low
want die right now someone kill dont feel happy many years dont want live hurtful world live,2,2,High,High
mess up medical school entrance come across before,1,1,Medium,Medium
about solve problem addiction solve difficult problemwhat often software development get dopamine issue spend days weeks solve problem make exhaust after solve get your dopamine some rest day enough dont want rest more,1,1,Medium,Medium
dont need stress reduction techniques need money someone send nice big check thatll all stress reduction need,1,1,Medium,Medium
hope make day examim terribly anxious af,1,2,Medium,High
prepare biology final exam video such help thank much abao l love your videos get motivate inspiration,0,0,Low,Low
im procrastinate right now watch,1,1,Medium,Medium
nice listen while sit toilet,0,1,Low,Medium
amount homework stress,1,1,Medium,Medium
kinda give anxiety video ahaha anyway suggest try cbd oil real game changer currently use crystalweed oil,2,2,High,High
thank positive videos agree your morning routine include prayer scripture help lot god bless,1,0,Medium,Low
im software developer get scrum master its freak amaze because push back like talk developer go add weeks someone else corner once skeptical first actually dont manager who know technology hold anyone accountable thats wayyyyyyyyyyy more stressful,1,1,Medium,Medium
one worst months life dpdr anxiety hope see comment year people seperated low,2,2,High,High
work college as applicable,1,1,Medium,Medium
there insurance stuff like maybe always,1,1,Medium,Medium
once accept cant get through chronic functional depression alone begin journey heal myself accept help continue hide pretend okay try deny myself help because delusional think need strong enough own wouldve dead here never think make age think wouldve end myself back then because already determine wouldve then lot happen lot bad lot good lot selfacceptance lot realize need help heal inner child rather berate her seemingly useless because her depression adhd didnt get diagnose until still get depress im currently go through mild episode now because ive realize need nurture inner child its help keep chin up during hardest moments understand pass matter how painful im alone its help treat myself mercy empathy deny myself whole life help stop punish myself hurt myself both mentally physically,2,2,High,High
ignore him thats post about basically after all time ex recently decide know cheat him our entire relationship didnt know im chick online who post xxx picture herself im remind incidences our relationship literally never happen like one example time call jail cry bc guy house know wrong tell need help yet wont show any evidence doesnt exist hes literally fabricate things thin air claim happen isnt deny abuser hes say like bad,2,2,High,High
quick tip consume certain weed strain such as sour diesel other sativas uppers psychodelics generalas cld trigger panic anxiety attack psychedelics amplify thoughts emotions think psych shld definitely study cannabis psychedelics its complex medicine help mental health heal dose person medicine factor consider,2,2,High,High
trinity ru top level drag youre here right now,1,1,Medium,Medium
havent reach point mental breakdown probably get red pill realize mental illness actually enlightment see many facts most ppl cant refuse look start embrace darkness even proud those who mental breakdown wrong world play game life once let make worth,2,2,High,High
forgive yourself isnt switch someone flip some us know need forgive ourselves thats lot easier say purpose something dedicate great find reason purpose feel overwhelm which bring back mr anxiety lol,2,2,High,High
ive experience great lack concentration home office days today help stay calm work thank,0,0,Low,Low
use always feel love him more common fight turn sickly true care much man place myself his shoe feel pain must feel alone know sick how stop shouldnt feel bad right,2,2,High,High
whats stream pack something river relate im sure,1,1,Medium,Medium
first depressive episode start panic attack load guilt distress thoughts impend doom all once when one worry resolve id worry about something else then when go through episode,2,2,High,High
its like all time when similar experience occur now probably connections social anxiety depression suffer heck im feel anxious rn as type its weird mean guess kinda make sense im insecure right anyone else suffer similar form anxiety sort relate interest know,2,2,High,High
quantum mechanics watch electron disappear stress same dont observe electron there stuff observe go,1,1,Medium,Medium
timer make quite anxious apart love watch people scribble turn page write calm relax,0,0,Low,Low
im software dev im graphic design web development subtasks everything mention video resonate your point about fail draw boundaries zerging damage distract yourself other task dot damage really ring true wish know sooner thank,1,1,Medium,Medium
first breakdown when follow two more youve go through dont panic its completely normal,2,2,High,High
certainly hadhas ability worstbest part story still prick try get away safely best part story may horrify enough convince women early stage dv situation run before escalate story after nd severe incident call family who take er lot test,2,2,High,High
im leave airport right now im fuck scar ive nauseous all day already puke like time even though havent anything eat since yesterday check bag talk attendant then go through security without hold up queue then sit inch away stranger plane least window seat,2,2,High,High
get anxiety cant talk friend because shes depress want die cant talk her over think think thats die,2,2,High,High
question fear anxiety someone lead high blood pressure like their presence alone try hard avoid them because make uncomfortable let say boss intimidate opinionated callously abusive anything stern someone irritate imagine give high blood pressure doctor tell her leave alone restore since her personality cause fear her,1,2,Medium,High
overwhelm stress longmy system shoot,1,1,Medium,Medium
boyfriend constantly state longer relationship need constantly work towards show him want again cook clean house try best make sure his need meet even mean need fall short almost always seem like any everyday argument about something always turn into piece shit because him tell make him way need deal until move past which understand agree,2,0,High,Low
nope how things around here,1,2,Medium,High
ex years break up kick cause get fire tell our problems workwe work together choose keep him fire now weeks work think new job next week thank lord buck name really need some advice survive until more money cant believe even position life,0,2,Low,High
true make choice speak therapist admit while didnt want die didnt want live either,2,2,High,High
people hold up well against stress get satisfaction their work way reduce burnout either change environment individual cope work set set time boundaries dont infinitely available prioritize sleep exercise meditation headspace consider change company job,1,1,Medium,Medium
ikr study field gon na make brain rot dieeee,0,0,Low,Low
wonderful music great memories trip there enjoy shibuya cross,0,0,Low,Low
when stress nothing things like mean stuff like eat favourite food sleep,1,1,Medium,Medium
mg twice day take trazadone one night felt similar effect klonopin buspar much term withdrawal think maybe pick up some lornithine hcl glycine sleep quality see help prefer stay away pharma medications due possible side effect withdrawal issue,0,0,Low,Low
its harder find decent picture him,2,1,High,Medium
bah anyway couple months down line meet her family love them love theyre first impression get clog theyre toileting overflow yell sos through bathroom door awesome lol l continue grow even closer as now senior year progress her junior then march happen l start act wierd,0,0,Low,Low
awesome presentation anxiety really number body mind dont find way learn look non fearful way,2,0,High,Low
tip dont take any exam performance enhance drug such as adderall ritalin unless condition prescribe better yet dont take any drug unless condition prescribe,1,1,Medium,Medium
youre read comment youre alone battle through depression anxiety get through together one step time,2,2,High,High
get anxious about anxious,2,2,High,High
think suffer depression th grade anxiety b nobody rlly like matter how hard need hang them heck even best friend couldnt tell horrible im glad ditch hope gor her karma im much better now mom plan move state didnt want jt now im happy then im anxious see one old clessmates when see dad,2,2,High,High
really need everyone watch video least once month because always go through something our live trigger our mental health,2,2,High,High
come right blue think world end think die within sec all symptoms youve mention ive medication cognitive therapy help lot ive diagnose as major depression disorder severe anxiety panic attack scary unpredictable childhood never felt safe love st panic attack age didnt know happen never speak about come back teens now untreatable depressive disorder anxiety every day life suck,2,2,High,High
thank love comment much,0,0,Low,Low
o goodness im stress single word video get inside head,1,1,Medium,Medium
because asses hot dont come trenta,1,0,Medium,Low
luckily didnt hard time grade wise school people,1,1,Medium,Medium
religion way cope stress constant source stress depend msg focus,1,1,Medium,Medium
someone who procrastinate lot videos everything ive able really focus during all study sessions thank make videos,0,0,Low,Low
meditation relaxation tune home relax music our purpose passion help relax unwind rejuvenate through better sleep reduce stress greater concentration improve mental wellness our composers produce relax music binaural beat stateenhancing frequencies help relax sleep focus meditate heal visit us part our community thank your support,1,0,Medium,Low
oooor maybe catchy term yall overly sensitive about race sex,1,1,Medium,Medium
thank much take care,0,0,Low,Low
watch because anxious,1,2,Medium,High
time stamp below wash dish cuddle hug hold hand improve posture view stress as challenge meditate go bed time,1,1,Medium,Medium
dont know through care about there many people want care help know reach hard almost impossible sometimes please understand need help worthy valuable your mental health as important as your physical health mean world even dont believe happy safe ever need immediate help please contact suicide prevention hotline hope best,2,2,High,High
date loser lol horrible social anxiety when struggle public settings use call antisocial find rude when people misuse term real illness real issue people struggle,2,2,High,High
go say there even such sensor turn there,0,1,Low,Medium
real bless disguise write up work work myself like horse come home able talk family want eat after single bite during day then company audit fail departments oversee all pass depts fail badly overall score branch shy pass every senior manager get write up why all us response succeed as team fail as team everyone responsible worse part direst boss know about write up since monday wait till day off friday send write up as attachment email letter fyi know always check email home always available take hard gut deliver person last time check work email home get into habit leave work need days off use take day catch up after days off now pile sit there since september every single document days when off accord latest feedback performance grade as fail why keep bust arse still get angry work get easier disconnect days off least get easier give one time time,1,2,Medium,High
lie fuck watch office pause know listen graduation browse subreddit,1,2,Medium,High
embark focus hour study session comfort home calm lofi beat create perfect backdrop productive learn transport ourselves rainy even tokyo add touch inspiration,0,0,Low,Low
yes go kink shame,2,1,High,Medium
theyd punish play use bathroom when want them look her even id get punish play them let them use restroom when ask keep them their crate hours sometimes whole day bad didnt get feed once remember dog go three days without dinner,0,0,Low,Low
ive similar thoughts its more along line dont want die think actually terrify want disappear go sleep little while wake upcome back better,2,2,High,High
day like between victory revelation status quo abbandonent status remember well your music contribute inner peace thank,0,0,Low,Low
love man much try best make work limit when think twice about get alcohol while didnt even enough money leave milk our baby limit cents our account find acceptable,2,0,High,Low
psychedelics save years uncontrollable depression anxiety illicit pill addiction imagine carry heavy chain over decade then all sudden burden go believe couple years theyll all over treatment mental health relate issue,2,2,High,High
video help concentrate homework improve efficiency lotthank author their help,0,0,Low,Low
love your videos one especially theyve help much since ive learn write code theres something magical about them help focus thank much saw your pin comment ask about music think entire list great its get right tempo neither slow fast relax without actually make sleepy how go find these artists curious youtube andor soundcloud automatically pay them your earnings,0,0,Low,Low
think its important note clarification while anxiety itself bad thing intensity frequency anxiety cause diagnosis anxiety disorder,2,2,High,High
hello nami love many things your video today your watercolor look lovely peacefulness which everything make feel calm best wish wonderful week,0,0,Low,Low
focus dei bs,1,1,Medium,Medium
least need help keep rv run get food least keep go doctor see get well enough work again end up file bankruptcy lose home as might happen next month two honest ill need sleep anyone help even little bite really use thank update,0,0,Low,Low
where meet her current best friend let call him rob now meet guy while still date her ex issue after couple years more apparently time her best friend start get really close her own word start texting lot go their colleagues lot etc,0,0,Low,Low
ive learn stress gon na happen your life way more expect solution learn how manage ik may sound stupid never give up maybe look impossible now trust go big things life your life way stronger think get,0,1,Low,Medium
first minutes stress im way complicate,1,1,Medium,Medium
dont know experience depersonalization time time forgetful disorganize all life long mental hyperactivity problem focus etc md prescribe add meds which help lot school therapist think im burnout far,1,1,Medium,Medium
b want her come him chile place always want go spend week two explore together her write seem genuinely conflict next day b try kiss her say couldnt b say fall her really want her go her chile,0,2,Low,High
im color blind usually see blue as purple red as green soo,2,1,High,Medium
happen all time im sorry its always burgers painful,2,2,High,High
look up mmr get later point vid now one nicer things mental health give up lol,1,1,Medium,Medium
love share video your account sonsone his first year college overly stress his own overthinking younger son who his junior year deal anxiety over sats which colleges apply follow his older brothers footsteps overthinking mean all stress normal part lifebut like them tool help regulate their nervous system thank share some valuable tip ps love learn about science behind all these tool thank make accessible short,1,1,Medium,Medium
today bad time thank your vidieo,0,0,Low,Low
same here stress bring freakouts use able deal things logically suck,2,1,High,Medium
topics cover basic math vectors edit st hour basic math complete nd hour vectors till product rd hour vectors complete happy progress session thank merve,0,0,Low,Low
thank return video hope graduate then december,0,0,Low,Low
thank zeliha sister great motivation video wish all best,0,0,Low,Low
go through period where seem anxiety take over life finally learn run back comfort way deal make worse next time learn way through run away realization help tremendously now say much better relationship anxiety,2,2,High,High
actually like progression name story think chance fantastic arc between fc new dawn,0,1,Low,Medium
im sure there some useful help these videos minutes long skip minutes still wait tip cant think about anxiety minutes before get tip add much focus negaitivity before good stuff begin,1,1,Medium,Medium
agree entirely as finance person read guy satisfy criteria seem overly extensive company even fortune think wise blame recruit seem more result senior developers extremely picky lofty expectations onboarding maybe instead emphasize hire off talent start hire workers people want learn want work otherwise burnout problem over dependence mid level developers carry most technical burden never solve,1,1,Medium,Medium
first veteran participate study receive marijuana monday thescottsdale research institute phoenix arizona release state study take place two locations phoenix lead dr sue sisley johns hopkins university baltimore lead ryan vandrey study recruit adult military veterans who experience trauma during military service screen volunteer begin january volunteer complete outpatient visit one study location clinics week period followup visit six months,0,0,Low,Low
haha best name answer question right point,0,1,Low,Medium
get organize time managementtime block balance social vs studyexperimemt exercise loneliness social support target strategies deep breathe mind full ness observation self talkfear experiment bring domimate play like sport game break down manageable step dont look final goal take small step,1,1,Medium,Medium
because each person different ways memorize information when read obvious because maybe memorize while read silently unlike read aloud able memorize there nothing wrong since everyone memorize as easier them memorize read everyone way memorize read aloud memorize there people who make mistake read their mind why because while read your mind your mind something else think about things make sense nothing read instead read aloud your mind your brain capture information read atteit opinion everyone study as most want as make easier them both memorize understand study read etc,0,0,Low,Low
jazz music really make relax begin take like type music thank upload playlist much appreciate,0,0,Low,Low
cant tell first panic attack someone please tell burst tear couldnt breathe get dizzy didnt feel anything issue insides,2,2,High,High
thank man save lot time,0,0,Low,Low
wife school teacher who work inner city school kid literally shake morning because their parent dont fee them dinner b get them school early enough free breakfast buy them little food care package take home which little pricy feel like our dollars go further look any recommendations ways get food cheaper,0,0,Low,Low
everything need frame deficit orientate perspective dont know branch therapy its cbt which theories follow base your opinion see as great resources someone able overcome challenge transform them into something positive wouldnt say thats resource view possible negative about behavior doesnt paint full picture resource orientation crucial client while understand whats wrong help client gain insight doesnt necessarily empower them make change fact even weaken their sense self efficacy support clients identify build their exist strengths help them create more functional routines sustainable change while understand your point about always push through make change when its necessary think message doesnt come across such deficit orientate way raise important question deficit focus frame use encourage people seek coach pay support thats true isnt ethically problematic shouldnt doctor aim build autonomy dependency,1,1,Medium,Medium
unblockable feint dodge light beat roll reaction unblockable,1,1,Medium,Medium
anxiety normally hit first thing morning when still lay bed right take next minutes feel your fear dont try push away change your thoughts concentrate your fear usually greet fear say hello there again welcome because part know nothing happen because simply lay bed safe feel fear fear go away after few minutes then get up after while fear get less less until go away learn indian breathe technique bumble bee breath school breath utube which activate vagus nerve help lot get rid anxiety minutes breathe every even feel lot better,2,2,High,High
hi im study data analytics thank much video good luck everyone u start learn data analytics data science wan na learn together as u see im good english try as hard as,0,0,Low,Low
read aumf its insane how much power grant government prosecute war terror,1,1,Medium,Medium
as stay home mom really relate feel overwhelm responsibilities task as mom instead zero active task which make feel worse start stuff outside home like sport hobbies make inactive task feel much much less overwhelm good stuff dr thankyou,1,1,Medium,Medium
hey know these tip escape stressful life,1,1,Medium,Medium
im curious anyone know any program provide temporary house assistance job im almost break right now really dont want live car shelter while work comfortable supportive place until get first couple paychecks amaze im worry current live situation ruin chance succeed job,2,0,High,Low
want feel again hate thoughts suicide every sec everyday want live long life feel like wont able cause keep think life shorter day,2,2,High,High
nishita bhowmik sammeee mine tomorrow feel stress asf,1,1,Medium,Medium
thank your creation,0,0,Low,Low
watch time every time come up think there something wrong,0,1,Low,Medium
go er recently because reach bpm wouldnt go down retrospect its because reinforce anxiety number high wont go down oh shit number higher wont go down repeat turn off heart rate track fitness track its shame because feel its turn off valuable part device quantifiable health data become one trigger x x healthy range freak x etc,2,2,High,High
as some may experience potential symptom anxiety depersonalisationderealisation sensation lose control generate greatest terror ever experience all notions mention here applicable x anxiety use dpdr as focus anxiety insightsreflections come ocd fear uncertainty desire control normalityconstancy since around years old aka anxiety,0,2,Low,High
discover hide time wealth one best things ive productivity feel like ive finally crack code overcome procrastination,1,1,Medium,Medium
stress because technical draw wish lack,1,1,Medium,Medium
answer question exam hmmphm ok how about answer math physics exam high class topper past now think good bad wish think again,1,1,Medium,Medium
school wellbeing really important school ruin your wellbeing sake school work,1,1,Medium,Medium
electricity supply home keep cut leave without power all cook heat boiler broadband light electrical grid when happen im dark cant cook hot water cant boil ketle drink keep get relevant people sort cant find whats cause stressful yes course fridge go off food spoil keep awake worry raise heart rate upset autonomic nervous system yes course normal response yes course everything tidily lay one side,1,1,Medium,Medium
easily see myself lose job due consolidation meantime want leave job anyway because realize im truly ready move retail ive some promise lead find piece job light company combine best go school real world work experience get call few days ago couldnt get interview schedule because during call hr lady get email person interview unavailable didnt work schedule right front decide talk again next day once both idea schedule each side well next day call her still hadnt hear back person interview promise call next day,0,2,Low,High
say tldr friend struggle alcoholism bulimia shes back town want hang eat drink how tell her longer participate these activities her,0,2,Low,High
its nice see these routinely videoshelps keep myself check as well,0,0,Low,Low
love study along your videos thank much postingmaking them however your live stream calm piano radiopeaceful piano music relaxstudysleep think chime go off often enjoy chime adjust happen less frequent awesome,0,0,Low,Low
hahahahhahhaha thats right wing nutshell,1,2,Medium,High
thank like,0,0,Low,Low
deal low grade burnout couple years pandemic make worse shin bright light how inept management wonder how cope until plan retirement end year,1,1,Medium,Medium
moose pretty underwhelming tonight miss jv,2,0,High,Low
wait minute name awkward,1,2,Medium,High
person read youre amaze person able learn anything want excellent all master begin as students love fellow human,0,0,Low,Low
pls make more vlogs like its calm motivate,0,0,Low,Low
thank video helpfully help math exams d,1,0,Medium,Low
submit assignment thank video,0,0,Low,Low
one glad didnt happy youre still us,2,2,High,High
thank stepbystep breakdown really helpful,0,2,Low,High
sweet name haitiit longer burn paperwork like use see edit hermestalk,1,1,Medium,Medium
curfew shelter keep ground safe myself rule structure morning routine even though ive felt one day already boost use stay up until blow all money binge purge now pause ride emotions bed pm,0,1,Low,Medium
worry sit around often develop blood clot die anything death really top develop intrusive thoughts worst part last week lay bed randomly become afraid go lose sense reality start hallucinate never hallucinate life unless count time try psychedelics never fear before scar shit,2,2,High,High
how deal stress worry god create universe one hold power except him him change life therefore submit him ask him help read surah al fatiha,1,1,Medium,Medium
strongly emphasize some image include extremely graphic suiciderelated image some people may feel these image disturb may find them trigger all information collect keep anonymous,0,0,Low,Low
im currently med school library start watch solo now more predoctors saw screen relate lol,1,1,Medium,Medium
one ask where im pretty isolate anxiety keep lock doors,2,2,High,High
exactly shes never experience long term anxiety its blatantly obvious,2,2,High,High
idk ive talk about depression until im blue face cognitively know im alone still doesnt seem help start feel bite more depress know its common human experience ive therapy hand over hard earn cash tell feelings understandable whole bunch other stuff already know exercise every day longer drink alcohol read book make plan kick goals love family eat well etc none bring any joy all those things great sense unhappiness relief know one day wont wake up wont suffer anymore,2,2,High,High
op say couple buss fine hop l stop block walk get snug,1,1,Medium,Medium
right now dont some type anxiety concern about panic attack other day breathe through pray,2,2,High,High
two children together anna plan child grace uncle other children other women grace two years old use watch both grace anna when grace bear family careful give anna more attention anna extremely extremely obsess her little sister,0,2,Low,High
dont fight anxious thoughts keep go youll fine,2,2,High,High
why feel teary read chest tighten whenever im anxious hate,2,2,High,High
thank feel less anxious about myself now hope tomorrow same become more confident myself plan career change video teach lot,2,2,High,High
mental health matter let normalize ask help check each other,2,1,High,Medium
help lot thank,0,0,Low,Low
know im deal anxiety stress its nothing really about because im go through separation im still support estrange wife im work more hours because feel obligate,2,2,High,High
hope go as well good luck,2,2,High,High
female stem come easy genuinely like learn about subject matter grow up think as stupid put all self worth into prove myself others value smart enough stem most adult life sad still dont feel smart scar even more school make feel competent scar enough dont see way forward im quitter want proud myself prove im intelligent purpose,1,1,Medium,Medium
depression far bless offer empathy understand panic disorder know its give those gift along humility,2,2,High,High
get through pack tennis biscuits week work coconut bliss,2,1,High,Medium
yeah im sorry completely disagree much when people severe physical burnout go tropical island vacation cant enjoy because youre physically exhaust enjoy mean nice enjoy look things wouldnt physically rest enough really enjoy remember well matter,1,1,Medium,Medium
great helpful video tingle sensations usually felt your back dont panic disorder wow those awful tingle pin needle whenever stress first think side effect amitriptyline bc begin experience prickly heat sensations right after start amitriptyline as migraine preventative take few months stop friendly fyi dont stop tricyclic ad without taper unfortunately continue prickly heat even though thats several years ago,2,2,High,High
like every single assignment something new difficult which excite first really run down over time never felt like get good because every new problemw as radically different still expect tight schedule naturally rare occasion when get repeat same sort work feel good then someone get bright idea hey let automate now become much harder job invent abstract automate system basically replace own job,1,1,Medium,Medium
last school year decide make academic comeback workout join extra curriculars etc etc etc work get better mentally physically however school year want same hit burn even two months decide carry struggle through then start feel sick stomach nowhere carry anyway get headaches random burst chill struggle through experience lack concentration brain fog still keep go now im exhaust grade drop stop work get sick every other week procrastinate halfass every assignment feel like bad lazy person,1,1,Medium,Medium
agree disagree one agree because youre right things make feel actively control help control depression however flip side lot people paradoxically overwhelm themselves active challenge avoid feel overwhelm avoid deal anxiety take more active challenge now instead feel depress become workaholics develop drink problems develop wait eat disorder yes one trick take additional active challenge other way manage accept things control other issue there lot things our fault cause distress lose job cant get unemployment disability whatever bureaucratic bullshit reason passive challenge go away take active challenge might help feel better isnt go make feel good youre put bandage shotgun wind bandage might help temporarily dont take care underlie problem all bandage world arent go help fact youre go get worse solution youre recommend specific subset people its important note otherwise youre inadvertently victim blame,1,2,Medium,High
dont know why procrastinate,1,1,Medium,Medium
video hilarious dont exams anymore another useful way effectively deal exam stress self hypnosis through listen free hypnotherapy cds like one channel yes im steal your audience give thumb up subscribe cool,1,1,Medium,Medium
there people who depress many reasonsone finance speak demographic people who afford travel outdoors mean mother whos profession mental health specialist show personal recourses happy privilege support,2,2,High,High
oh absolutely ive struggle lot burnout set after decade sysadmin,1,1,Medium,Medium
comment section comfort honestly think normal all life never end feel until get much cause physical symptoms like headache tight stomach anxiety about anxiety top other things way want live prevent things love need help thats why watch need find way other then second relaxation feel when take deep breath,2,2,High,High
such bad social anxiety always think im say wrong thing someones judge way look fr hold back life im gon na try start acknowledge as treat start listen,2,2,High,High
study next level board exams currently work microbiology channel really help stay focus make progress towards exam havent even register yet,0,0,Low,Low
why say get extremely offend continue give silent treatment minutes then come room tell dont understand one understand give up everything,2,2,High,High
temper some anger issue im one see side her maybe im cause add story leave scar arm few months ago while try calm her down while give her kiss dig her nail into pretty severely picture which officer ask see which show them,0,0,Low,Low
feel really guilty over know part problem may how much ive repress cant feel dont know feel ive exaggerate much havent nightmares flashbacks dont feel like flashbacks much as regressive anxious state think trauma ive through talk about doesnt feel like anything disturb,0,2,Low,High
constant unbearable anxiety because university stress until across dr_william_tripsz intelligent mycologist save life,2,2,High,High
im university student who emotional person now depress cant even cry bed all day when paper write,2,2,High,High
biggest exam tmr im nervous as hell wish luck,1,1,Medium,Medium
ppl who here bec their struggle mental health get everyone here try their best get better im sure get stronger stronger day remember im always proud keep go,2,0,High,Low
thank vlog namisan wonderful as ever somehow miss watch till end part miss maybe something your new neighborhood include great work week,0,0,Low,Low
its good feel when finish study almost two hours without feel bore tire thank wonderful video btw view great,0,0,Low,Low
anxiety never bad lot ifs such every summer come home school get much worse love school love learn computer science love work project small town cs options job im stick work these dead end temp factory job all summer,2,2,High,High
hr employees advocate other employees company shareholders sound theres prime place ai help share workload meet those kpis world humanity build itself,1,2,Medium,High
way relate before when online school start all work assign get overwhelm decide okay take break work some days all fun game procrastinate shit till days actually attempt work all pile up ones didnt attempt before get even more overwhelm luckily point where know didnt anything continue pile up wasnt tryna get anything below c because still work up day honestly im glad everything work say multistans strongest lmao,1,2,Medium,High
im still confuse experience depression burnout well dont think depression depressive episodes right now think lean more towards burnout even though dont any actual work all things consider relax healthy environment like dont job work environment though artist art personally im sell ive little interest art these past few months little interest many things watch as well pretty much play colour number all day every day tire lately even though try get hours sleep every night really sure though feel more like burnout,1,1,Medium,Medium
thank youre abao im easily distract when study study make feel productive keep truly bless all us who struggle focus more five minutes,0,0,Low,Low
think normal anxiety realize now think im deeper,2,2,High,High
well right here crux problem dementia patient inlaws theyre now change into lock memory care unit absolutely there its love compassionate place really staff great mother law different puzzle play uno her things father law never any hobbies cant get him anything other focus escape how hat life understand isnt same situation as put forth here put our challenge them clear term never again able live lock unit due him violent outbursts then swear never happen im wrack brain even put front him try get him get him interest,1,0,Medium,Low
wish u accept jesus christ as your savior u go heaven after life god doesnt expect perfect nor sinless want u believe him as your savior your sin u go heaven after life god love man keep pray stuff indoor make u alleviate ur stress nap more go outside n walk around go eat some sugary products like chocolate sugary drink something much,2,2,High,High
lena try learn korean cool learn english over years now english hard lol still make lot mistake when speak english sometimes feel sad because personally think fluent think learn language definitely hard tend perfect everything make harder spit language try personality haha think understand korean well practice everyday sure get better your vlogs always cozy happy vibes hope wonderful day excite see your korea vlog year welcomefaceredheartshape,0,0,Low,Low
apply when your overwhelm intrusiveocd thoughts,1,1,Medium,Medium
wash your hand hand sanitizer,1,1,Medium,Medium
your music amaze,0,0,Low,Low
teeth abuse scavenge streets sure perfectly behave sweet trust most gentle dog youve ever meet dog human aggression all adopt her keep foster as well ive foster her about weeks now heart worm shelter tell waive adoption fee,0,1,Low,Medium
panic attack last hours more,2,2,High,High
tough week school after cry off friday panic attack,2,2,High,High
like how submissive coyote tiny little cat like dude eat him,0,0,Low,Low
his mom come freak get angry almost slam door his moms headhand freak push him away door get angry assault him threaten take court his mom freak over condition end up take him er see set up appointment get medication spot never deal something like didnt know procedure,0,2,Low,High
how deal your anxiety now,2,2,High,High
battle almost years sometimes im really struggle alone hard breath feel like dont purpose live affect outcome im deal anxiety depression alone hard people who dont understand laugh say your dramatic stop keep myself criedthen try live every single day,2,2,High,High
hi its hard focus while study thank your study video its change way study really help lot thank,0,0,Low,Low
bo majk try guy say fail better got ta score more him prove him wrong,1,1,Medium,Medium
helpfullthank,0,1,Low,Medium
reduce study stress make learn lot more effective google noteknight study stress,1,1,Medium,Medium
sub longer much way standards sadly,2,2,High,High
well guess solve ill keep try make sense evidence since fail,1,1,Medium,Medium
spend time session answer chapter question book report try little idle game slot side screen relax thank tokyo sunrise absolutely beautiful,0,0,Low,Low
hi anyone struggle unexplained chronic anxiety please watch videos its like live neurodivergence autism adhd audhd hope save years good luck,2,2,High,High
days time write mid term examination study im get now study table get anxiety slight panic,1,2,Medium,High
didnt even know study videos like these real thing search yesterday as trouble stay motivate write essay youre videos help immensely thank,0,0,Low,Low
tell her about darkest part soul never flinch well few days ago say old her want friends never friends ex before care about her enough try new years day call tell about how drink get party how all play kiss game judge kiss least half dozen people men women how drink some her friends babysit her even help her pee,0,0,Low,Low
completely overwhelmedand mum go die cant cope anymore nurse home where terrible doggy put sleep big love other dog now hartproblemsboyfriend dissapeared without word life since many many years,1,2,Medium,High
how regain mental health stick stress years cant anything anymore cant sleep dont want eat dont leave house lord help,1,1,Medium,Medium
small laptop thing call hope reply comment thank,0,0,Low,Low
open video because homework now open homework dream thank lot,0,0,Low,Low
ask her help say come dinner shes good cook dont talk her anymore dont care anymore,0,0,Low,Low
super relatable feel happy one point feel depress again,2,2,High,High
really like video calm relax keep up these type videos amaze,0,0,Low,Low
damn about go tonight,0,0,Low,Low
first party her get really drink when im drink like make all girl friends long kiss tongue boyfriend fine because its girls eventually kiss her nice like any other friend end up bed make approximately hours become even closer before sleepovers every friday her get drink alone together every time then kiss more go bite further hours,0,0,Low,Low
sound wonderful person who read comment wish great success health love happiness,0,0,Low,Low
oh cool everything else get list happen either,2,1,High,Medium
live instantgratification microwave society condition expect instant result get angry disappoint depress greater opportunities connect others however more disconnect ever before all information world our fingertips shorter attention span ever before ourselves everything other generations dream about however never find our peace contentment joy feel pressure go faster faster while get nowhere book slow down briefly explain how less more how immediate happiness might lead life disappointment discouragement depression truly want fastest route longlasting meaningful joy may want consider slow down slow down dads simple advice his children world jeff chappy chapman,2,2,High,High
mom go sleeo now study all day mom ur study ur self then quit school mom,1,1,Medium,Medium
bear something good universe remember those who always struggle win die depression then fear come take next world bear again again paingod say which people die peace never bear god say fear allow come close them because faith heart block then fear gods children fear gods puppet cut down sugar give us stress watch dr breg videos good diet always take care your mom mom dad big bless get,2,2,High,High
thank much helpful post possible certain level stress response really stick whatever there stay tension throat spleen vigilance,1,1,Medium,Medium
move follow workday go over shop collect dish stuff bring party beer chill gang then owner shop bust his wifes concern after each other notsosavvy self didnt know mean first as realization wash over suspect affair mortify horrify shamified,2,0,High,Low
think name honestly whack job,2,2,High,High
last months want control want perfect everything which little impossible gad unnecessary worry give severe anxiety want go back months life beautiful,2,2,High,High
appreciate your summation these ive panic attack stick anxiety loop hours horrible go er think heart attack wasnt until monitor able calm down bite allergic reaction inhale generic vicks humidefier swine flu suffer through ugh,2,2,High,High
there use exactly like how most these comment isolate selfharm cry daily never talk anyone now years later im engage happy there always help,2,2,High,High
endure months months all type abuse final time when grab iron gym equipment attach wall threaten hit pregant stomach after all after deny child say wasnt father after take everything miss important detail witness stand quiet day think heavily fear karma get them both heavens forbid through child please,2,0,High,Low
ive never deal mental health even think anything along line recently something happen where im anxious scar all time im about father im scar let wifechild down im scar die lose one them want happy im scar really hope get rid video help need more help,2,2,High,High
other him drink horrible person apologize tldr bf think call lady jokingly insult emasculate disagree,0,2,Low,High
video reduce stress friends family make most stress,1,1,Medium,Medium
wow really strange all comment video sound same im bite suspicious let see comment hang around suffer extreme procrastination much effect professional personal life know one who solve problem still id like find some helpful advice speaker appear wellintentioned see anything particularly useful here lose her train think about halfway through maybe appreciate relaxation exercise dont know fight procrastination mean pick speaker ive listen least dozen videos topic far one guy who talk about monkey brain one semihelpful oh well still fight demon procrastination look viable solution,1,1,Medium,Medium
mean addons exclusive him instasaw bubba pretty fuck good,0,0,Low,Low
ptsd sexual abuse week really hard really since dr ford come against kavanaugh fallout today though really hard come home see father watch fox news agree dr ford lie whore his word,2,2,High,High
one night early early into kind flirt suggest shower together scar uncomfortable sure,0,0,Low,Low
enormously help finish physics assignments thank youuuu,0,0,Low,Low
dont want raise awareness need least one chiro there who need immediate care,0,2,Low,High
hi there suffer anxiety depression change nighttime routine which game changer plan meals early lunch hungry dinner earlier eat dinner early go bed approx h after dont use phone hour before bedtime possible wont watch any tv use screen either make myself sleepy tea go sofa read book listen some podcast interest then go bed sometimes listen minute meditation help relax aim bedtime dont think cant really go wrong try all these tip because hear about importance clean your sleep routine etc good mental health dare try your own love sake gemma,1,2,Medium,High
ive attempt run journey own thank much real how friggin hard ive quite enough those influencers who make run look like its easy,0,0,Low,Low
first panic attack middle basketball practice tell coach go help happen again felt dizzy tire alone couldnt breath vision blurry first panic attack idea go scary thank these videos helpful,2,2,High,High
thats along line think thank,2,0,High,Low
seem like really interest person talk,0,0,Low,Low
prepare etic test thank study,0,0,Low,Low
thank sooooo much abao because video much consistent revision one day before exam cant tell how much get distract while study time im myself surprise lot love india,0,0,Low,Low
thank much these awesome tip im stress exam tomorrow final its math im prepare im scar your word help calm down bite thank again,1,1,Medium,Medium
another great bite identity politics,0,0,Low,Low
make feel much better about things ive make cringe,1,2,Medium,High
currently study molecular biology these study videos really helpful shame spend three hours understand fraction im read,0,0,Low,Low
forget things dont care about easily like things most school subject remember well things moments care about,1,1,Medium,Medium
sometimes wish like friend who talk anyone about anything unlike im exactly super shy dont know say certain people want talk them become friends them some reason cant moment dont know say then im silent always happen when im around people dont know lot when im around people im close im opposite suck bc how suppose get know them cant talk them happen sport multiple time end up quit something love bc dont feel like fit outcast right now im play vball one close friend im try get know other people whenever im around them alone friend dont talk all hate dont know about dont want quit volleyball every time go go something freak social anxiety go crazy dont want quit like before bc love volleyball need force myself go open gyms camp get know people its hard any tip,2,2,High,High
cat dog without go much into personal circumstances force leave residence soon family friends able take animals think may able leave dog where currently few months cat year old spay female,0,0,Low,Low
im suffer extreme anxietyheart pump n shiver body,2,1,High,Medium
anxiety recently ive habit pull hair someone suggest any solutions ik hair loss normal idk why feel worry anxious every time see strand hair,1,1,Medium,Medium
exam tomorrow fever anxiety m nervous,1,1,Medium,Medium
anxiety bad start throw up,2,2,High,High
music good perfect study really thank video,0,0,Low,Low
children cant tell difference between fantasy reality adult brain overthinking get catch up moment fail distinguish fantasy reality,1,2,Medium,High
drive minutes home fiance phone help count breathe get home collapse couldnt breathe neck chest hurt hysterical,2,2,High,High
dishwashing garbage help focus bs id rather throw them trash its meaningless,1,1,Medium,Medium
nothing real everything figment your imagination panic grab couch voice inside say doesnt matter grab couch couch isnt real your house isnt real time call brother sob tell him get mom,2,2,High,High
wash dish feel stress when im wash dish because dirt plate,1,1,Medium,Medium
remind favorite name post,1,0,Medium,Low
cry because im stress well waching,1,1,Medium,Medium
im go try sound sad victimize im sad grow up fairly disadvantage compare friends ive poor since bear never enough eat abuse dad raise sister support family work almost constantly make money side addition ive consistently abuse since years old same age meet best friend shes much wealthier,0,2,Low,High
thank new video like abao videos because some reason use pomodoro technique short periods mostly during break music stop your ears rest important like view choose his videos like brief info give during break some question ask example one time introduce anime weather as like directors work watch anime enjoy make videos without music choose which one prefer watch use,0,0,Low,Low
wake up jolt state anxiety panic after sleep couple hours several hours how experience stress,1,2,Medium,High
upon second look become apparent hard convey people attitudes reddit post tell people vibes theyre nice yes happen lot vs ulterior motives maybe best reddit post dont think judge happen base cursory impression post besides larger point prejudice rampant whether like example thats larger point,0,0,Low,Low
tell stick freeze therapy since age hear,1,1,Medium,Medium
exact position less year ago tell parent upset first know need help get therapist who diagnose anxiety depression get lexapro antidepressants ive felt happier ever since there always people who worse doesnt mean your feelings arent valid every right feel upset control how feel im try say youre feelings completely justify dont let anyone say otherwise please tell your parent its first step truly get help need hope help good luck,2,2,High,High
dont know anything about israeli politics except name awful hope lose,1,1,Medium,Medium
amaze songs pick playlist all need get eye water,0,0,Low,Low
suffer concussion month ago notice really provoke anxiety scar about get worse even lead get depress think harm myself like before anxiety level felt better since concussion heal worry wont recover anxiety perscribed celprix escitalopram unsure take kind feel like recover getter back routine return work anyone else through life change injury some bad anxiety,2,2,High,High
stress affect throat give tonsils need get rid itnow,1,1,Medium,Medium
any meaningful amount as far as tell although id love surprise,1,1,Medium,Medium
get through panic attack feel bad wife love her much constantly look over shoulder think all go leave hate whatever involve go carnival cruise days barely deal people surround,2,2,High,High
even dont these thoughts maybe check anything else happen like anxiety hang more friends help lot,2,2,High,High
im six exams next three days,1,1,Medium,Medium
im ask yall how live life properly immediately after throw up year never fear happen again admit when happen tear same year cry next mum toilet over quick again eat chocolate again day after now nausea stop eat day,0,2,Low,High
every single day think about happen scar day hand go numb all time loss sensation muscle tense hard time believe its anxiety most likely because ive never panic attack before incident ive one antidepressant zoloft months didnt anything prescribe venlafaxine im scar take due side effect yeah thats story,2,2,High,High
oh gosh your comparison between burnout depression give moment clarity,1,1,Medium,Medium
ahh nice thank currently study physical anthropology class rough science isnt favorite area more creatively incline these videos really help pace myself remind take break usually study hours then super burn thank much hope every one succeed,0,0,Low,Low
shes first person ive ever really open up havent tell her everything about whats happen know about anxiety which get ptsd react sportively some extent let myself around her whatever shes move shes move maryland,2,2,High,High
scorch pizza true crime,1,1,Medium,Medium
like budget responsible rent bill then gas medical cost high cant im even study cod try fight poverty even thats tough because always physically demand job good resources cost money dont havent see family two years niece grow up know because cant afford even miss day work let alone week visit them,2,2,High,High
how dont anxiety when yous study omg,2,1,High,Medium
use panic attack every night cry uncontrollably scratch arm until bleed cause lot tension strain between friends family because frustrate them when didnt know how help scream top lungs cause feel desperate people call mental patient feel helpful because stop medication now help dont self harm anymore scar remain,2,2,High,High
tam literally cry because dont know want get literally s all subject please make video how study more less time time one girl score mark more lose self belief u make video please please please please please please how cry because cry when angry dont want cry infront others please please video tooooo please please please clear video fake toxic friends please please please please please please please,1,2,Medium,High
remove one d become lot worse,0,1,Low,Medium
play guitar play magic gather help severe anxiety depression things besides work keep present all think power either play card play note chord still dark thoughts trouble date put myself there begin real hard time stay positive angry over lack life make act who truly time thats when get upset when lash get mood mens issue mental health always sweep under rug when compare womens issue mental health think thats big part men suffer same more issue pressure yet one seem care change,2,2,High,High
stress emotions arent symptoms failuretheyre feedback system try adapt,1,1,Medium,Medium
as nurse yrs plug along fine before covidafter hospice nurse yrs then covid death die toll like war bare hand nurse quit leave myself male nurse die patientsi try get counsel medical leave firedyet send k check havent same sincei take time off then return agree low patient loadin desperation hire try increase load increase distance work later later each day resist simply replace thats happend twice think go back make body ache know difficult find something field doesnt exhaust try educate ppl death like rank their teeth mine ive work most set field ppl arent tell truth about illness medicine over work stress eat process foods dont believe death im sure doi want tutor nurse students health coachingive take tiny step towards energy limitedthoughts simple things deplete immune system tank cause second round covid then get shingle which one family ever hadi iron strong immune system all these years lord help us nurse rest world,1,2,Medium,High
oh come momits,1,1,Medium,Medium
assume answer question explore feelings inadequacy interpret transference her response instead title get into then go how like think interest nice person believe unlikely besides as addendum her refusal speak question seem false,2,0,High,Low
amaze group friends fill most genuine people youd ever meet im college graduate deep fear hell right im terrify think ive break cycle havent really thank ptsd ill probably still those moments,2,0,High,Low
b vitamins thankssss,0,2,Low,High
while school stressful sometimes boost mental health decrease anger level,1,1,Medium,Medium
anxious about anxiety ahhhhhhhhhhh,2,2,High,High
those who scroll down read comment wish delightful night may wake up beautiful day thank take time read these word,0,0,Low,Low
gon na some big book dont worry,1,1,Medium,Medium
final exam chemistry tomorrow im scar,1,1,Medium,Medium
look like other driver right predict happen see brake light come suv,1,1,Medium,Medium
panic attack sleep,2,2,High,High
yes definitely classy roll eye,1,2,Medium,High
its unfortunate cant crosspost link other sub like rpsychology rptsd because sometimes useful article come along might really help tldr study suggest whatever reason some people who experience trauma learn associate signifiers event less invasive memories which help them less affect potentially apply cbt therapy doesnt say how as yet disclaimer read url itself article,0,0,Low,Low
over past years ive settle into career im really good unfortunately ive slew boss trouble deal one biggest issue im prone make small mistake theyre catastrophic happen more often id like ive supervisors get really annoy over these small mistake make feel like job line,2,2,High,High
your read exams come up good luck,1,1,Medium,Medium
both burnout low self esteem necessarily depression,1,1,Medium,Medium
want die everyone hat parent blame our family problems dad call worthless disappointment many time count ive bully ever since remember barely any friends ive struggle depression forever honestly dont remember when last time ive happy,2,2,High,High
seem like act practice radical acceptance accept abandonment anxiety issue help painful break up,2,2,High,High
then again socialists never particularly averse odd spot murder,1,1,Medium,Medium
dude dont know want name clearly generational talent,1,0,Medium,Low
dont know anxietydepression anything memory performance ive notice remember lot less compare when wasnt depress anxious state hours end contemplate procrastinate everyday about depress life its sad anything cope get accommodation school,2,2,High,High
like view see something different everytime traffic movement really help thank,0,0,Low,Low
think person whole world anxiety its true judge myself harshly,2,2,High,High
first panic attack when swim race first time ever im good swimmer never really race because stressful want try put face water swim go take breath couldnt swim without breath while go breathe again couldnt point stand up middle race then begin shake still couldnt breathe get pool sit side whole body numb tingle shake sweat couldnt breathe its last panic attack ive think there still more come,2,2,High,High
thats negative bunch power here yet remember knowledge make one stronger negative power way u relax way destroy yourself,0,1,Low,Medium
weve talk about before say its like care about alot all same time these type things keep happen truly feel care doesnt mean neglect its frustrate keep say something ill look like bad guy thats try ruin her friendships which im try shes go tell her friends say theyre probably go think im try get her away them tldr girlfriend trouble balance friendship relationship,2,2,High,High
try take nap bed today ive sleep couch since march dream stuff bed good memories ruin when stop hide his temper when become outlet his anger yesterday get choke selfdefense class practically same way choke,0,2,Low,High
right now im studiyng history love yours videos help lot music relax,0,0,Low,Low
reality often disappoint tpusa probably,0,0,Low,Low
use live asakusa thank lovely post cheer everyone,0,0,Low,Low
wish love save everyone think huge myth love fix suicidality make those who lose love ones suicide feel like fail because didnt love them enough person who leave didnt love them enough really doesnt much love pain love your body burn think about who love same your brain fire thank love person,2,0,High,Low
face up myself complete probation its drug need its leave environment everything know its get fresh start im,0,0,Low,Low
best example david goggins his behaviour openly pathologic people praise him,1,2,Medium,High
pace lose home ice advantage,1,1,Medium,Medium
its always about identity find least some job even job suck hard everyone afford unemployed divorce go contact scarry traumatise kid pet elderly people depend people dont money move away its easy find new partner even worse try some change life im worse place now when btching listen motivational videos power through,1,2,Medium,High
business test tomorrow shit get really worry exams breath really fast,1,1,Medium,Medium
depression true depression situation one typically work their way alone see people talk about moments revelation where realize way im talk about suicide theres difference between someone who stick deep clutch depression someone who pretend sometimes reach talk someone dissipate dark feelings time reality reach friends love ones whether reciprocate already regret your decision because feel terrible burden someone your problem depression compound itself sometimes weight become physical burden as someone who struggle depression since early cognitive years let say never go away forever cant make change lifestyle scenery attempt correct your train think its simple,2,2,High,High
ask something think already know answer ideal outcome id expect grow up as smart undiagnosed adhd kid who lot comment like smart doctor lawyer whatever want idk why keep get those apply yourself little bite more take long explain everything im go through im m who purposely get bust family ccine after weeks use because didnt courage quit job couldnt office anymore funny part didnt enjoy any hundred snort party recreational use wake go office keep home sleep wake snort,1,2,Medium,High
oof super important test tmr exam tho may determine futureanyways ive such downer about always say ill fail test yes ik its super unhealthy actually mental breakdown morning always fun hehe anyone read highly recommend find your favorite thing something thatll bring back into reality thing currently spring day bts ayeee army there its replay entire week song help stay ground focus work keep inspire work harder peep mean behind song idk help video thx much these tip amaze woohoo science,1,0,Medium,Low
m high school about go into sophomore year im already stress how ever get through college high school,1,1,Medium,Medium
didnt even realize until felt coldness skin temple think feel fear all felt relief how easy end overthinking torture anxiety brain diagnose gad depression officially severe insomnia cripple anxiety constantly which leave overwhelm dark depression think about everything ive say feel like fight flight all time,2,2,High,High
thank tip help,0,0,Low,Low
actually able complete thank much merve,0,0,Low,Low
sydney yendys every year exam time always panic first question put name here,1,1,Medium,Medium
peacefuli motivate surprise your talents taste concern your age envious lot time more journey which must beautiful,0,0,Low,Low
im always stress when test come up become stress like hours before test test hours now hear heart pump through headphones wish luck,1,1,Medium,Medium
yes sorry reddit tell time error occur while post look like get submit fine tho,0,1,Low,Medium
when talk someone get breath easily while talk newest one cant sit properly sit weird position else its really uncomfortable easily startle example im sit room watch youtube all sudden someone open door get startle general im really easy scare person ridicilous im wonder get rid these symptoms its possible sometimes think im neck deep anxiety there way back normal then again sometimes tell myself everything good again yea some tip similar experience symptoms how get rid them gladly appreciate thank,2,2,High,High
dont want die want live forever stop let myself cry bite im there yet own depression get there one day,2,2,High,High
exam anxiety right now weird feel its difficult explain im sacred these important exams,1,1,Medium,Medium
way keep emphasize give anxiety xd,2,2,High,High
doubt second guess myself lot hesitate fear pick up phone fear come off as aggressive pushy send right person err side aggressive enough im afraid take control as fear ruin relationships etc last year still surprisingly well despite all even earn rookie year title win trip,2,2,High,High
love frank moody together,0,0,Low,Low
hear avid class really helpful those who like work music,0,0,Low,Low
curious learn more about different ways look mental health now seem like theres lot dont know,2,1,High,Medium
chores schoolwork definitely passive youre guess mindset depend pick yourself up challenge regardless its highschool university whatnot youre like imma ace highschool cuz want its active challenge regardless who register into similarly even pick your own university major when actually class dont make any initiative autopilot passive challenge,1,1,Medium,Medium
about wash dish more anxious because ocd diagnose,1,2,Medium,High
im start anxiety journey start couple months ago overwhelm sometimes im sure where go how cope,2,2,High,High
omg same think brain fry,0,0,Low,Low
little hurt badly im gon na brave yea end oh name your friend suck,2,2,High,High
dont really like anxiety never like when young good different sport favorite sport wrestle one day school start shake scar where cant remember start because there danger around anxiety use worse now use shake as soon as wake up nobody around crazy use scar walk outside each time walk cars pass im scar even while theres threat want alone isolate years pass anxiety calm down now still go outside play friends body shake feel like nobody say nothing feeel embarrass feel like talk about when im around dont like,2,2,High,High
clearly need talk her about couple examples mind drive point home mainly first night introduce everyone house warm go dinner tomorrow night thank ton feedback everyone,0,2,Low,High
thank much make video ive start panic attack last few months really suck nausea huge part ive two attack now where throw up off hour common sorry thats little gross haha,2,2,High,High
th grade during mid term examseven though study get average mark like every subjecti shock stress about final exams cry overthink even study get bad mark get dream mark annual th iwas happy now mid term th r come cant stop overthinking even though study,2,1,High,Medium
high school suck bully your classmates your teacher high expectations group project make unbearable,1,1,Medium,Medium
happy think walk exam,1,1,Medium,Medium
how u study calmly usually get frustrate move legs hair scream pillow stand up dance forget then continue,0,0,Low,Low
who else here right after panic attack,2,2,High,High
help sooo much as someone whos really bad study ive use past two days its help get routine study get more comfortable study longer periods time thank much,0,0,Low,Low
divine dave same thing happen when take test get into specialize high school october unexpected finish half test up math start panic now overlook throughout all test really want change,1,1,Medium,Medium
make work day go fast thank,0,0,Low,Low
simple answer get panic attack anxiety attack think something bad hoe happen fee fear come movie good definition,2,2,High,High
lol love drink bastard now chug,0,0,Low,Low
theres word express how grateful your study musicbckground noise exactly need,0,0,Low,Low
needless say all lie him here dsssocial service like worry about safety security guy obviously mentally ill drug addict alchie now really concern something because stand up him his nonsense bullshit how proceedcall social service turn him call police next time harass,2,2,High,High
get exam anxiety whole week because start finals week some days give us test day,1,1,Medium,Medium
tell her her other son doesnt want him live him reality matter how bad how old still her son cant shake off biological attachment towards him worry about him where problem become online friend years offer stay her month free during time find job help pay rent thats think,0,0,Low,Low
originally post somewhere else take down because someone felt didnt belong there think start say originally bear somewhere else move current home when really young dont really know anyone else family either side other mom dad brother never really close anyone entire life besides grandparents moms side music teacher except grandparents die when years old both within span months each other music teacher quit his job as struggle economically,0,0,Low,Low
where get those pant look really nice,0,0,Low,Low
warmth sun encapsulate welcome feel energize youre tire want stop swim when youre close enough see blue sky its image waver back forth surface water feel see want think finally,0,0,Low,Low
go therapy today after therapist return her three week vacation great experience sure about one point discuss relationship worker say after worry trust him worry therefore trust her how phrase think question trustworthy,0,0,Low,Low
when move know before move how prepare im plan go community college then transfer university get pharm d wait year work save money before go into school im get desperate dont really know who ask anymore,2,0,High,Low
abao thank make work home day easier,0,0,Low,Low
bro science honor class space project its test grade im off worry because get f before class brung grade down like point its almost end year im try fail th grade,1,1,Medium,Medium
psych ache us brilliant all life now dont really want die during life often pain felt unbearable solution seem suicide look as supersensitivity instead mental health problem feel ashamed off help much recently talk friend long time ago who say happy then then wasnt cry every night bed felt utterly lonely during day nobody notice thank bring into open,2,2,High,High
guess its surprise name really name destenay,1,1,Medium,Medium
currently write most difficult university assignmentever help stay track motivate calm thank,0,0,Low,Low
how suppose get any link first place site trustworthy as say,1,1,Medium,Medium
its cant breath sometimes thing make things other then lay wait die selfharm dont kill myself because dont want disappoint anybody anymore hope some car hit everybody leave as deserve finally end,2,2,High,High
stick them since remember wouldnt wish worst enemy feel bad people them sad want add know about all these symptoms never know about heat sensations always wonder why them thank clear up sometime when youre anxiety attack think straight then wonder why certain symptoms more others once again thank,2,2,High,High
channel wonderful smooth melodies mix time block really help stay productive over all vibe his videos always point even when your study,0,0,Low,Low
super weird feel sleepy tire able focus feel extreme emotions some kinda point felt like lock glass box fatige get endorfins workouts super blaunted anxious detach,2,2,High,High
thats really great video im therapist myself work somatic techniques help people develop more awareness themselves reorganize behaviors learn how selfregulate video certainly enrich repertoire give ideias use clients thank way put little bite experience whomever might suitable one thing help ground step use hand andor feet example after get awareness your body press feet slightly against floor open softly caress tip your finger your thumb open close your hand slowly hand feet incredible number nervous endings use them consciously help engage structure change behavior pattern experiment them see how feel hope help,1,2,Medium,High
always think nervous breakdown symptom stress,2,1,High,Medium
fun fact muslims actually obligate wake up dawn pray mandatory human kind ofself discipline productivity its book share wonder peaceful religion,0,0,Low,Low
ctony definitely appreciate how may seem its always simple love family dearly motivation crush easily its dont want take responsibility myself actually its opposite die some autonomy when your best efforts get yell criticism over over job world volunteer family its simple didnt something its put best efforts part give best rarely cut muster top major depression make even smallest task feel like climb mountain then learn disabilities where thoughts scramble its site mind hyper focus which case mean push other thoughts stay task heaven forbid one small step forget try hold onto one important think while life demand focus something else all train think off track its all nothing im one better part country term live expense cant afford even studio apartment make per hour work tail go per hour over almost decades im say youre wrong your point merit some situations im say sometimes its more complicate,1,1,Medium,Medium
sentiment about estimate its valid reason likely close culprit nature cod esp youre work large project state project code constant make estimate impossible approximate realistically even experience same development work work months ago wont same estimate its build top someones code push days ago estimate design us fail,1,1,Medium,Medium
dont feel all like doesnt like go off meet once week chat daily im kind unhappy im get cant get enough talk experience usually come along enamour start nearly always reply within mins im busy because im still excite pahse get lot wait time read receipt him come off whatsapp within period before get reply hardly scream hes really into when ok wait long reply assume hes message others why im his new potential gf,0,2,Low,High
first time use something like study your choice music perfect im use video study final exam pastry cook apprenticeship keep up good work thank make,0,0,Low,Low
im study about tourism hospitality industry because im tourism mngt student thank,0,0,Low,Low
petition smite buzzfeed vice off face internet bs post thank,2,0,High,Low
how cope anxiety olivia remes tedxuhasselt anxiety lead depression cop resources badly cop strategy forgive yourself forgive yourself any mistake purpose mean life,2,2,High,High
feel same way as social media manager about years now big contributor burnout all combine low pay particularly small agencies where youre expect all,1,1,Medium,Medium
yes especially go sneeze lose look up light bam sneeze time,1,1,Medium,Medium
generally good marriage both stubborn compromise doesnt come easy especially dw who religious uncomfortable stalemate come family kid one other sibling feel there hole our family kid perfect number,0,0,Low,Low
k feel ive constantly stress entire school year because math test every week its make feel much guilt hatred myself able well which really suck im glad feel better after take easy im tempt same alas its late now test actually ish hours im look forward relief ill feel once its over thank much kind word im proud hope relax bite now since your last test year over good luck your family aaaaaa keep us update feel up provide emotional support need,0,2,Low,High
anyone there covid burnout there such thing,1,1,Medium,Medium
im glad im alone ive anxiety most life ptsd trigger anxiety attack now much worse really feel like someone hold underwater suffocate couldnt breathe terrible,2,2,High,High
accurate alone sure never meet anyone who hasnt experience anxiety various reason remember anxiety as far as early childhood,2,2,High,High
like darkish theme videos like one rain late afternoon cloudy weather its calm might because hate morning lol thank first time actually watch study videos study same time feel like friend whos study together,0,0,Low,Low
when exams hours,1,1,Medium,Medium
little understand develop workout regiment challenge body great use insight ive try read rfitness wiki example didnt couldnt make head tail information present theres anyone here help please thank read,0,0,Low,Low
ship container friends damnit,0,1,Low,Medium
hi lena love ur content much youve really help gain confidence u reason why im motivate productive august ik u ur struggle know here support exact same way u support us ilysm,0,0,Low,Low
feel like talk people even family im depress idk whats go,2,2,High,High
thank im glad find video when say im fine mean im drown inside want let learn people go through worst things grateful things life sometimes feel guilty grateful all time sometimes wonder im selfish move past focus good things life depression like suffocate wall cant get one truly understand go through unless experience even though video years old help lot years old suffer depression sometimes wish never bear maybe its dont want feel depress lonely anymore,2,2,High,High
its time year again thank these,0,0,Low,Low
piss about people there say dont depress its easy some similar bs dont understand how hard defeat forsake illness,2,2,High,High
recently twin who bear weeks nicu three months baby four months baby b there everyday respite when release home deal care them baby b chronic lung disease oxygen feel like human feel like robot already suffer depression meds last year try get back feel like fall into abyss hopelessness real support family feel useless stupid robotic nobody care start care either think im burn ask partner vacation prior twin go florida leave nyc go while nicu couldnt feel stick,1,2,Medium,High
say excite bring their current roster columbus,1,1,Medium,Medium
ok until realise couldnt get promote development years ive never see promotion development two within development think work hard make into pm role thats how work never even want software developer its bore frustrate thankless low status work uk absolutely loathe try years get im near end tolerance which serious challenge marriage may end up lose wife kid cant take much longer im prob go end up work retail there other job open cant transition into anything once stick tech maybe technical sales cant job its overstimulating,1,1,Medium,Medium
video need most point life before watch video feel overwhelm goals set myself know them all look them think them make feel like its much after watch video come upon some tip advice suggest never know before surely believe goona help better handle task instead feel overcome goals feel ready enough clear ib head about them thank tam kaur,1,2,Medium,High
already know password laptop email bank account phone pin didnt really want tell her any those think reason why when get new phone set up new pin get bite upset when change say nothing hide then know passwords dont anything hide tell her,0,2,Low,High
track perfect background music study relax beat melodies soothe,0,0,Low,Low
complete year engineer degree thank your motivation videos now another year clear national government exams call myself government employee which stable job make parent proud hehe hope chapter life,0,0,Low,Low
hello merve study minutes must say good study company sameone know sameone else concentration increase im really grateful give good minutes productive above all non stressful study im english write quite well go like,0,0,Low,Low
allthehandlesaretaken overcome your fear failure watch video once aspirant then subscribe channel know solutions problems come life aspirants,1,1,Medium,Medium
thank guy hours late final exam end im free last woohooo,1,0,Medium,Low
when gang stalk continously trouble neighbour yearshow recover type anxietythey fell down level where instal spy cameras bathroomand tease everyday as m unable find themwhat case,2,1,High,Medium
happen how find cpa exmo,1,1,Medium,Medium
burnout much little god people help think,2,1,High,Medium
how much money find exactly lot then probably take their cash bone leave as warn,1,1,Medium,Medium
when kid suffer kind unlikely injury basically ruin mentally seem like get away because its such cheap gory shock value everyone use when need cheap gory shock value im mentally prepare see panic attack start cry fuck jokey homebrew curse item rdnd today hate trauma bad stay guard even when im read funny thread about favorite hobby im still think about fuck item im tire,2,2,High,High
rate name highly good news,2,1,High,Medium
ive panic attack since cbt must xx,2,2,High,High
cant sleep before exam pls help during exam especially when become panic help control bladder,1,1,Medium,Medium
yeah thank your reply,2,0,High,Low
k its unlikely since unless youre liberal woman think emotionally often shouldnt thing,2,1,High,Medium
love your videos thank much share always curious kind camera film,0,0,Low,Low
its about year half since event set mental health loop after go group counsel months improvement decide seek individual therapist didnt get one until almost year after event itself now finally months later ive able see psychiatrist who officially diagnose generalize anxiety disorder depression ptsd decide get workbook therapist go start long journey get through ptsd,0,2,Low,High
exactly same story its take really long recover burnout,1,1,Medium,Medium
drive home work totally fine feel normal all sudden felt smother feel chest extremely fast heartbeat go within minutes then get blurry vision sense impend doom like need stop feel cant call dad because know anxiety panic say frighten voice something wrong dont feel good something definitely wrong hes tell over phone anxiety attack much caffeine say caffeine anxiety convince heart attack poison something irrational fear mins hospital speed over walk point im shiver shake barely write information down tell triage nurse something seriously wrong need vitals check now heart rate ive never heart rate high even while run immediately call physician get wheel ekg nurse who kind hold hand because sooo scar test all normal after ativan felt great,2,2,High,High
alice url raise hell about europe s here s those days gasoline pour fire drug alcohol things change now machine gun anyone get day know where look unless until society get up off its politesse deal its descent back into decivilization deal epidemic fuck batter psychotizing children deal mindaltering chemicals everywhere deal our right own machine gun expect,0,2,Low,High
amaze love,0,0,Low,Low
tks abao ive struggle work cashflow while hard focus work lately feelin alone thus your calm melody rain ease mind even dont know each other always feel your soul next mine work love u,0,0,Low,Low
perform good weapon better almost every other game make view them better average ok,1,0,Medium,Low
kind feel junior which supposedly hardest grade high school run start college classesdual enrollment mid term next week shake like dog want get good grade its hard know why education system highlight grade test depict your future why show hard work doesnt matter grade how much effort put understand anyways here tell youre alone ones alone remember im proud get,1,2,Medium,High
phrasedo afraid write bible time bible thats daily reminder god live every day fearless hope help when anxiety great within your consolation bring joy soul psalm cast all your anxieties him because care peter therefore worry about tomorrow tomorrow worry about itself each day enough trouble its own matthew ask god help anxious about anything everything prayer supplication thanksgiving let your request make know god philippians therefore worry about tomorrow tomorrow worry about itself each day enough trouble its own matthew say those who anxious heart strong fear behold your god come vengeance recompense god come save isaiah which anxious add single hour his span life matthew come all who labor heavy lade give rest take yoke upon learn gentle lowly heart find rest your souls yoke easy burden light matthew,2,2,High,High
panic attack before last hours most exhaust day entire life all over place cant control lot people watch go through distress because happen our church,2,2,High,High
right like wrong about backhand there,1,1,Medium,Medium
why after years education employee now lose everything fell bad today cry scream feel pain head cant breathe,2,1,High,Medium
ex think show terrific inspiration use discuss ifs his guy friends who hope idea how real about shit call rape alongbeat along show longest time still when gramma isnt listen last time unexpectedly come across dvd set grampy accidentally leave place kitchen table yes hed tell leave where might see,0,2,Low,High
anxiety guy youtube channel step step guidance overcome anxiety naturally highly recommend him,2,2,High,High
wrap her arm around cry dear life growl him stop once scar herhe try take her as continue yell let him touch her final straw saw eye turn into fake man fell love again,0,2,Low,High
few weeks later find long term girlfriend entire time felt like such idiot when find reach last month tell him know girlfriend whole time ever saw him again literally break his nose im still furious about im angry think pull one over get away,2,2,High,High
university entrance exam th september,1,0,Medium,Low
study pharmacology atm thank your video help focus lot able process lot things faceredheartshape,0,0,Low,Low
people abrasive mean stupid shit each other all time presumptive most people live alone blame your parent blame everything fuck perfect think family definitely dysfunctional everyone elses some way another deeply love respect them truly value sacrifice make,0,0,Low,Low
good sm priceless unfortunately exception most organizations implicitly select bad sms good sm prioritize longterm beneficial aspects clean process reasonable dev workload product quality etc over managements shortterm goals want feature yesterday mgmt doesnt like always favor sm put pressure team deliver value customer ie make sure pm get his bonus year,1,1,Medium,Medium
basically same thing,1,1,Medium,Medium
email her live his hometown inperson meet possible nor think wise anonymously provide screen shots our conversations right off bat wait see request feel like may one shoot want make sure right,0,1,Low,Medium
good question one ask whenever mental health crisis mention biologically think about chemicals eat how much sleep let look behaviors beliefs culture internet local national otherwise elevate look patriotism religion familyall things use highly value value above self rise suicides symptom societal disease,2,2,High,High
yes try go er help give medication help lighten heavy breathe chest pain their look into therapy see need anxiety medication,2,2,High,High
dont feel stress emotion physical response really all tend happen blood pressure go up get migraines dont get fight flight response all its make extremely valuable crisis emergency situations brain become clear when everyone else freak then when all normal again get pressure headaches know,1,2,Medium,High
thank your kind word,0,0,Low,Low
way cope depression bible study heavy lade break depressedcome bible study robert breaker,2,1,High,Medium
relax beautiful help focus ill always come back here thank,0,0,Low,Low
tomorrow maths exam nervous wish luck praylet question paper easy,1,1,Medium,Medium
when exam anxiety during exam,1,1,Medium,Medium
read everyones comment video definitely bring back when break up ex really bad nervous breakdown didnt know go through didnt eat couldnt sleep much guilt deal someone who mentally sexually abuse didnt realize happen until relationship,2,2,High,High
finish md thesis video months agonow its still favorite when need work thank,0,0,Low,Low
basically hate school,1,1,Medium,Medium
anybody feel kinda like euphoric feel after anxiety attack sometimes when get anxiety attack feel like im die after its over feel like take some shrooms something feel great wonder anybody experience same know why happen,2,2,High,High
spend last years city first time work work first time city work go through many tragedies traumas life work city day take more toll situations past quit yesterday life job immediately relieve get better each day now know day come need leave as reflect how much feel good about where start save each month know get away lot little manage cost life here scrap together enough safely quit let whatever next transition happen little more ease as move let life unfold directions right feel stressors wont city remember like try live busy life one choose bare minimum over slave away flashy life any day one helpful takeaway experience myself least act accordance value lack clarity choices value once those become clear act even through fear dont stay suffer there much always work,2,2,High,High
credit card debt make depress its terrible today rest pay off about months until im better position get back feet im try get easy nd job itll even sooner im always shoot end hour days never get good night sleep,2,2,High,High
przepyszne jedzenie pokazujesz naomi mid nie traci na wanoci,0,1,Low,Medium
sometimes when stress much handle write story make up fictional character dump problem one them let there mentor who try resolve issue yes sound crazy help,1,1,Medium,Medium
know whats awesome when exams depression because crush exam nerve,1,1,Medium,Medium
say im fine alot there one night after get skate mom ask okay even though wasnt choke back tear say fine until let her room even when ex girlfriend ask ok say fine even though wasnt amd really bad trust issue there one person trust talk face face imma call her mon see day one step father introduce mon us didnt really trust her after couple weeks work through other siblings then find which ones like didnt like then start talk her figure nice person one thing make feel good terrify guy still hang make belive trust one person feel comfortabe cry around now ive know her about years trust her even more there one night sit ther cry talk her like hours cant whenever because still live her mom get see her weekend im still try build trust up her hope one day longer scar,2,2,High,High
well well your drug usage depress stop drug see therapist,0,2,Low,High
hope youve make decision about your job focus your health beat way feel better success follow work lmk wan na learn more,1,1,Medium,Medium
human heal yourself negative thoughts simple your breath directly relate your mind brain cause negative thoughtsstressanxiety relax life sit chair back erect hand lap palm upwards eye close still observe your natural incomingoutgoing breath entrance nostrils around minutes more let thoughts come slowly negative thoughts reduce relax mind whenever free during day night sit still few minutes observe your breath still reduce negative thoughts make habit above meditation regularly good life best wish prayers shyaaam sir counsellor,1,1,Medium,Medium
yeah see how sound way,1,1,Medium,Medium
may actually explain people call pathological demand avoidance pda autism fit profile dislike term pda dont see as helpful productive explanation reactions like explanation much better stress other people put things front even task im already enjoy become overwhelm its suddenly necessary someone hover over think about active passive may able consciously shift how think about individual task,1,1,Medium,Medium
every hit add more more screenshake tool,1,1,Medium,Medium
thank ill take board examination next week wish luck,1,0,Medium,Low
find already thank,2,0,High,Low
chronic stress while attempt fall asleep unable wake up soon focus exhale essentially meditate better worry even one get sleep all night long during day one micromeditate focus exhale count one let go whatever brain think get some walk outdoors least two hours,1,1,Medium,Medium
im depress real life,2,2,High,High
name rip his jersey hes frustrate as hell right now,0,1,Low,Medium
ive notice most people who ask how youre dont really listen answer answer course always im fine how more often dont respond because theyre listen dont care make those us who depress feel even worse because know try tell them youre okay wouldnt want listen,2,2,High,High
anxiety itself course illness automatic response some people fire false signal danger become afraid their own thoughts start fear go insane indeed scientificaly nervous disorder pshycosis neurotic problem which manage nervous system become oversensitized truth best cure stop fight intense first there way accept as solution medications bad idea first untill really accept through right kind pshychoterapy metacognitive act mindfulness cbt,2,2,High,High
study physics feel relax thank u rly want thank u,0,0,Low,Low
person like natalie perspective its almost always want burden people around its caregiver who love passionately who doesnt love themselves who good good person smile happy person who people look up whole time want alive cant tell anyone because teach those feelings teach arent worth anything arent helpful perfect smile learn how live smile worth live worth anything all most life didnt even realize felt way high mask person mental health issue lonely because love give everything natural let ourselves love know feel anything all intolerable,2,0,High,Low
unbelievable here your ipad back interest treat like criminal ill write home pen paper,2,1,High,Medium
im stress finish exams finally feel like whole burdern off shoulder again im hit reality god all wan na run away leave everything behind cant about all parent hardwork feel like im overact dont know know cant anymore everything new people surroundings its much please someone help,1,1,Medium,Medium
background didnt know much about ptsd when start date learn bottom up definitely sometimes hard way struggle ptsd as well as love someone im post some journal entries write during first few months weve together hopefully anyone read relate feel less alone maybe less frustrate maybe more patient their love one,0,0,Low,Low
fact ads like rest things use absolutely make feel happy cuz doesnt interrupt all,0,0,Low,Low
bigger our defensive breakdowns name five hole,1,2,Medium,High
study music help much study didnt notice study more hours straight without touch phone thank much anyone who struggle life good great strong better days come youve come long way ever think give up proud yourself make far hug,0,0,Low,Low
thank much video emma help gain new perspectives know everything perfect think its important speak xxx example accidentally train ourselves xxx because imply most us dont already dont realize personally make feel like dont skills subconsicou level,1,1,Medium,Medium
lady inaccurate burnout job relate over work underpay high responsibility low power change job dynamics depress angry coworkers,2,1,High,Medium
its lose thank lot,0,0,Low,Low
perhaps some one relate party drink alcohol smoke some weed both first time usuallay both good time drink really high little tipsy all sudden felt dizzy like fall every minute idea felt like super drink impossible because one beer tell friends stay because faint get some water sit down sure help sit there legs up still feel faint every second after wait like half hour force myself eat decide see paramedics who tent party nice tell them about loss vision numbness finger thighs feel faint say probably exhaust e panic attack notice breath heavily hyperventilate whichi didnt even notice think one now afraid get another one,2,2,High,High
im pretty happy ive find these videos yours because see people study make feel less lonely more motivate im study anatomy feel wrong outside lab help focus prefer study night now think im get use study morning anyways thank video,0,0,Low,Low
im senior exams start th jan hella scar,1,1,Medium,Medium
long story short im currently freshman mom make clear im kick before start sophomore year plan make way new york city live streets while look job under table hop find somebody hire constructionlandscaping job goal save money while go high school get diploma start career law enforcement course mom didnt think take note save anything such as birth certificate like,0,1,Low,Medium
im sorry lol after end andromeda zero interest,0,0,Low,Low
dont want die want stop exist,2,2,High,High
zjyf pass though right calm down regain rational think rest super important change way think immediately its kinda magical anxiety other hand terrible temporary,2,0,High,Low
depress long struggle insomnia though try hide eye reveal truth extremely tire need peace need rest die everyday,2,2,High,High
start full time job over summer financially set start june may go hard rent other bill as well as purchase groceries pay rent without any money weeks after unable buy food pay electric bill anyone help eternally gratefuli feel bad ask anything dont know,2,0,High,Low
ive depress years im years old dont know im actually depress like genuinely dont know maybe im use now im really confuse,2,2,High,High
thank much pastors wife ministry addition work mental health person who sober years october get hit crush anxiety although anxiety much better now stress level still high start day off prayer scripture after bed before get bed scroll social media news always cup coffee video helpful your channel help greatly during those months anxiousness debilitate,1,2,Medium,High
helpful lol make feel like study buddy stuff actually get thank,0,0,Low,Low
im study korean grammar uni exam days its difficult video help focus thank,0,0,Low,Low
mash im boil im stick im stew,1,1,Medium,Medium
ive follow channel while love work special education like use these videos as resources really like video gender dysphoria asd really appreciate about video think link research description least name study really enjoy read research like able provide others research use when im assert something research mention video sound really fascinate possible link research your video descriptions more least give title study look them up own,1,0,Medium,Low
name find his form again im keen see him link up name,1,1,Medium,Medium
im gon na vent little bite thats ok always anxiety really bad panic attack every day because make myself worry about all these things possibly happen like heart attack sesiue death more stuff like scar much ill make myself throw up start panic attack,2,2,High,High
name real person then change his ethnicity issue right,1,1,Medium,Medium
omg raise as man already know biggest failure life exactly behave way dr describe everything start work moment start quit didnt work even boyfriend tell know life doesnt hard,1,1,Medium,Medium
cant even talk about day leave because traumatic cant even admit myself awful beyond word cant tell anyone how see therapist im afraid im go lose shit open up about one day feel like ruin any progress ive madeim afraid im go hide forever,2,2,High,High
last panic attack felt depersonalization,2,2,High,High
walk class when someone behind their locker drop their stuff go into panic start relive trauma after go away tell friends about outside class response start jokingly throw things grind include some stuff start cry middle class one notice,2,2,High,High
something make myself less stress get work group chat,1,1,Medium,Medium
keep hold arm while talk keep say how beautiful even after finish exam another sweep his hand idk wtf check because all im almost positive want fuck touch because every chance close tear know isnt like bad girl ptsd assault end world felt gross grimy his nasty hand call beautiful,2,2,High,High
same here addict her beaus stories during their trip europe right before film season best,0,0,Low,Low
itch probably happen when your skin vibrate brush,2,0,High,Low
always soothe ears top notch video quality make anyone peaceful state arigato gozaimasu abao san,0,0,Low,Low
im ok sb bad lag bb id ok stopandgo,1,1,Medium,Medium
hope somewhat help next few months go hell write research paper while prepare tight exam shedule much more homework usual because tight exam shedule while find position social internship im pretty much force even though im interest social work tighest shedule ive ever live even teachers mention probably wont able everything short time students expect able,1,1,Medium,Medium
head galleons grave hate dagger tooth,2,1,High,Medium
suicide long escape all pain life which such hard thing bare then society sham people struggle carry want end thing unless there way make pain end tell someone remove your hope release dont really understand incentive tell someone how feel why remove your hope pain ever end,2,2,High,High
highschool normally hate get ok good mark except one class online school extreme stress laziness lack productivity school depression bad grade barely scratch through,1,1,Medium,Medium
yeah put camera ai analyze mood behavior determine best moments manipulate become as efficient tool as possible company thatll great mental health,1,1,Medium,Medium
say stress healthy diet shit,1,1,Medium,Medium
get random anxiety reasonthats worst,2,2,High,High
those all ones coherently explain ive felt extremely lonely ive crave touch more before him watch movies play game hang friends etc all distract while when stop all bad feelings come once sadnessloneliness feel hate rage anyone any way help move,2,0,High,Low
thank merve,0,0,Low,Low
beautiful vlog way capture relax atmosphere perfect,0,0,Low,Low
dude relax keep such things,0,0,Low,Low
sometimes its hard keep go study your videos make little easier thank your content,0,0,Low,Low
feel isolate work cut off people im pretty much walk alone work talk bad about ofcourse affect place find myself as home parent sibling lately isolate sibling leave alone think something wrong dont want live any more dont strength suicide want diepls dont want live cant dont therepy here,2,2,High,High
youve depress since,2,2,High,High
wow example vacation finally truly clear up im depress im horrifically burn kill sit beach week worry thank video,1,2,Medium,High
interest point anyone else try find why get panic attack try koryzary calmer ambience quick look google cant remember place now smash exclusive guide get rid panic attack without normal expense ive hear some awesome things about friend sam last get cool success,2,2,High,High
first girlfriend around months doesnt really like her current live situation suggest look together positives here get along pretty well as far as relationships go save money probably around month thats insignificant thing probably ready step im really against,0,0,Low,Low
all make sound like infinity free time money go explore all over where im go like im go damn vacation ill still spend all free time job hunt want come right back shithole doesnt want hire because im supposedly overqualified exist keep get rejections tell im overqualified except one ask fill yet another application despite hand them one two weeks ago maybe pay way then pay all months dont income come back here many time already nothing seem think im hang around fun live car unbelievable,2,2,High,High
years ive overwhelm sense doom feel fuck up hate even say consider his own history csa physical abuse genuinely wonder about dad sometimes theres awful feel hit nowhere sometimes cant breathe everything awful feel sure something happen other time feel stupid evil even think,2,2,High,High
think happen invite individual mental health issue who homeless many years move directly street into house loyd pendleton share how go skeptic believer house first approach homelessness provide displace shortterm assistance find permanent house quickly without condition how lead percent reduction chronic homelessness over tenyear period utah url,0,1,Low,Medium
somenerdguy mistake hire talent instead workers extent blame developers many guy picky who want team many team find newhires inconvenience nothing short exceptional finance dont need anything degree work ethic developers other hand emphasise talent selectivity help culture end up people who blame skill competence get job rather break system its go hard guy unite case talent continue beall endall your hire process us finance people mba class sympathy your burnout struggle developers even find ways make their own task more manageable onboard juniors hope there ever resolve burnout problem after all absurd entry requirements accross all developer roles formulate non other senior developers themselves constant blame hr product management finance section absurd set culture developers developers form their own inflate set expectations,1,1,Medium,Medium
furthest leave major party mate,1,2,Medium,High
throwaway change name etc ex date about years incredible relationship travel great sex get along each others familys get point first serious relationship steph kind girl who didnt click well other girls gravitate towards guy friends more often,0,0,Low,Low
as teacher must say exact life youre describe down student who stress since begin semester his want get into medicine all your hand discourse english isnt language teach please dont judge make some mistake,1,1,Medium,Medium
exams tomorrow havent read thing,1,1,Medium,Medium
caseworker about homeless men city number fluctuate help them anything everything our shelter doesnt offer usually know where send them find them here offer few basic tip help anyone more welcome message about any question,0,0,Low,Low
take some marijuana oil around week ago take much accident already anxious take help sleep enhance anxiety most awful panic attack around hours ever since incident non stop anxiety feel down want stop feel as though want switch mind off all ive start take some beta blockers im struggle im try best positive remind myself positive affirmations thats hard,2,2,High,High
thank much create useful channeli play those videos during study time really helpful,0,0,Low,Low
basically step dad didnt choose break his back his knees whale choose overeat become obese,1,1,Medium,Medium
amanda god help those who help themselves take some action meditation permanent cure depression anxiety because reprogrammes mind enter alternate nostril breathe meditation videos google search watch videos simple meditation minutes twice day sit chair read benefit alternate nostril breathe google search lot thoughts come initially anxiety reduce daily practice make meditation daily habit anyway loose nothing gain something best wishesshyaaam sirlife coach,2,2,High,High
cop up anxiety through faith prayers,2,2,High,High
ask him how hes fund there any bursaries how much these never give clear answer tldr boyfriend unemployed look perfect job until start his medicine degree unsure how fund degree resent him poor financial judgement daytime chill how change,2,0,High,Low
bro ive try make anxiety worse make u feel like ur trap everything get rlly loud its basically bigger version anxiety attack now everytime anxiety attack its worse use because,2,2,High,High
every single human earth anxiety its normal human emotion one cool calm collect all time unless theyre drug its matter how well youre able deal push through find ways calm yourself down start feel sorry yourself let completely consume,2,2,High,High
standstill hours end yes take hours get home,1,1,Medium,Medium
everyone whos study music checklist bottle water least liter your brain work better enough water drink help concentrate your charger sometimes dont even notice your devices battery go down better plug all time your headphones able focus more headphones because block background noise its late night study session wont wake up anyone tea coffee coffee keep awake green black tea make feel more awake as well your studywork stuff your laptoptabletphone few pen paper whatever need anything else need about heat pad blanket good lamp your pet study buddy reminder after hour stand up walk bite around better stop music put different music break open your window even its cold outside fresh air make better trust lay your head down your desk ten minutes listen podcast read book listen audiobook listen audiobook while another thing thats even better listen music while read book hope yall good day thats okay remember take care yourself try get some sleep tonight dont forget check content as well,0,0,Low,Low
welcome future kid unfortunately your mom isnt come,2,2,High,High
amazingly calmer take testsexams homework go class when go school lol,1,1,Medium,Medium
thank explain way year old who struggle ive try teach her distract herself right here make much sense struggle help her because anxiety as well im try guide her into let shut her down like ive thank again,2,2,High,High
amaze song beautiful video,0,0,Low,Low
im grateful sub really amaze see wasnt alone read others struggle accomplishments inspire beyond belief hope youre read find your own inspiration thank listen babble wish all luck your journey,0,0,Low,Low
thank ms nami always love your videos,0,0,Low,Low
cripple pain get stronger cant see cant much longer fearless drip subconscious tear hope someone see fear,2,2,High,High
excellent quality as always your videos accompany through lowest until now get dream uni everything still feel surreal now im first task uni your videos as well thank,0,0,Low,Low
dont know whether call crisis team see theyll stay phone as leave distract myself im determind as agoraphobic as stick inside trap myself yet here freeze bed scar leave case mean even start get ready go towards front door know eat anxiety part keep try convince dont need eat ill ok stay inside safe,2,2,High,High
thank video sit exams few days really help,1,1,Medium,Medium
these videos always come perfect time sit here contemplate mental breakdown im go through try resist then video come up fee,2,2,High,High
move bf fine early because love him want spend more time him move back hometown where large safety net choose apartment afford his own need know back up plan doesnt sound romantic both discuss all above both us long term planners who place backup plan place case anything go awry always relationships where still able independent unit avoid much commitment because always scar lose independence first relationship where feel like really good fit doesnt feel like sacrifice dont want make still lot things own independent person both us live our own years know take care ourselves,0,2,Low,High
feel exhaust exist know effect suicide others stay alive day day wait time eventually bring end as price bring trauma love ones,2,2,High,High
wan na know where get mental help fast ive diagnose realise ive live depression as normal day day feel most s try make appointment mental health professional tell every service call theyre take bookings until,2,2,High,High
hiii im wonder where work earn enough money want become like wellgroomed house aesthetically please grateful answer,0,2,Low,High
name again like apologize any misunderstand,2,0,High,Low
oh hey its late as hell wont get enough sleep stress oh now im stress sleep need something stop stress round loop,1,1,Medium,Medium
doesnt mean cant improve,1,1,Medium,Medium
really think about become own employer because im tire people work who let all work,1,0,Medium,Low
agree youre panic attack shortness breath tight chest constant dread apparent reason its stop friend may panic disorder like myself guy right anxiety good thing sometimes help us late workmeet deadline ask special someone etc its when your brain misfire convince anxiety when youre try watch your favorite show really seek help part help may mean medication thats okay its different diabetic take their insulin woman take her birth control because doesnt want get pregnant help trust know,2,2,High,High
anxiety really wreck up bad some people didnt want associate anymore because gpa fell pray come back life unfair meritocratic because get low score mean lazy im tire study hours day get nothing waste life away,1,2,Medium,High
knee drain after meniscus injury remain most pain ive ever felt hopefully hers wasnt bad,2,0,High,Low
come home who know where walk ask him where because start get worry mad see his eye hear his voice next thing know behind his arm around neck squeeze continue as throw couch wrap his legs around stomach,2,2,High,High
thank abao your amaze video iv already subscribe dthe moment click one your beautiful video please dont stop make amaze podomoro videos,0,0,Low,Low
im write hop help somebody feel better think think logically about cause your anxiety then ignore help lot find more ignore cause anxiety better felt key think about things help relax whatever may then your mind become quieter your think about,2,2,High,High
every day im anxious its point where push through,2,2,High,High
pursue research interest participate how much time give ask because survey might take up minutes interview take up hours prefer survey interview likely phone interview survey probably still include some openended question free leave few sentence few page worth response still hear directly feel free answer these question comment dm,0,0,Low,Low
imma edit comment as before aftet exam before exam kinda forget study whivh why im anxious im go try these as soon as get school im feel anxious excite hope dont start cry middle exam mention there different exams take today minutes pause let get,1,1,Medium,Medium
url goa gogo peters first time abroad first airplane ride day two our holiday regardless road condition drive skills lack them cow wander all over place peter poet both decide need independent mean travel take weeks hire two scooters,0,0,Low,Low
who else watch hours before exam,1,1,Medium,Medium
thank much pomodoro really help get study today break read before coffee get cold toshikazu kawaguchi since its set tokyo which think fit its first japanese translate literature ive ever read im hop read more future thank again,0,0,Low,Low
im late im nervous cause partner assignment come up friends all hate because short hair girl,1,1,Medium,Medium
now im healthy relationship man love life always push better resist sometimes ive turn him fear him dark objective dont understand all trigger all know sometimes see incredibly love boyfriend as incredibly abusive ex break heart because hes person tend well everything help always save awful relationship save life,0,2,Low,High
listen body keep score peter levine trauma lot anxiety,2,2,High,High
some free time please go follow instagram post find comment under username username give all like choose two winners one base like another creativity extra time make birthday help pursue freelance video work full time url thank internet people,0,0,Low,Low
ok question there good anxietyand bad anxiety,2,2,High,High
langar run off donate food money volunteer great place food renourishing soul dont mean religiously mean connect fellow human beings beyond physical homeless rough emotionally mentally,0,0,Low,Low
anxiety terrible absolutely body experience unchecked social anxiety ruin your life experience often find myself battle anxiety while strive merely survive through challenge common complications alive really appreciate speaker describe nightmare disorder unless suffer may understand sensation feel fall apart zero control over your deconstruction make nearly lose mind life rough deal haha,2,2,High,High
go happy when finally air scaly foot dr pimple popper episode because im tire see every five minutes,1,1,Medium,Medium
finish your book jake howre feel now its few years since your mental physical adventure still progress your mental health journey,2,2,High,High
big market privilege cause brave get fuck similar crimes,0,0,Low,Low
healthy expect all exams unfortunately im struggle pass mark moment,1,1,Medium,Medium
depress brain worst work,2,2,High,High
ive graduation few days ive anxiety see ex bf dont really wan na go idk friend want there im panic thoughts about,2,2,High,High
hello friend want say million thank about your videos really love them enjoy when study actually really work start study stay focus thank much,0,0,Low,Low
okay idiot well seem right wingers cant tell difference between strawman reality then thank confirm douchebag,2,0,High,Low
how these actorsi love them their face give joy hope,0,0,Low,Low
fix stresswalk away those hurryand fast talkers those who talk talk talkbeware these control freak who repeat themselves as break skip record,1,1,Medium,Medium
legit ive stick fuck assignment n hours now time its o clock im ready give up life,1,1,Medium,Medium
im concern as head into warmer months know need leave area thats agenda cant before summer come go currently try come up ways manage day day life work home venture outside as much as possible even ride home office enough send into spin about hour,2,1,High,Medium
oi nami ficou feliz em assistir seus vdeos muito relaxante acalma muito,0,0,Low,Low
theres nothing more despicable world carelessly brew mug chai brother got ta get program,2,2,High,High
its amaze youve summon courage go back school after years many give up reward yourself tough decision self identify anxiety its emotion youre awarenessobserver therefore full control treat yourself kindly,2,2,High,High
take child them wtf theyre dumb always secure kid seat,2,2,High,High
thank advise really appreciate itfaceredheartshapefaceredheartshape,0,0,Low,Low
see someone else all work them once try lead way youll never stop because never take over watch more more them until live your life completely them once live them become like them completely control them feel comfortable yourself,0,2,Low,High
hello use video our video presentation about stress,1,1,Medium,Medium
when world full noise these music soothe mind calm heart thank god bless,0,0,Low,Low
go take ib physic hl exam tomorrow wish good luck,1,1,Medium,Medium
thank louise,0,0,Low,Low
get midterms hour didnt study shit then why fuck nervous,1,1,Medium,Medium
gsces less two weeks use struggle focus help overcome ive finally watch all your videos thank much,0,0,Low,Low
kinda now its weird buy us match clothe try get us same shit constantly insist similar etc try hold hand when go when tell dad need her stop touchy guilt trip fuck im few days need get here feel fuck guilty,2,0,High,Low
someone else must start however sure join violent fight ensue promise,1,0,Medium,Low
corporal punishment strict parent mother domestic violence parent divorce mother leave study when young omg list long includinghealth condition cause trauma yet nobody want listen pain get over happen years ago ive experience burnouts all job ive work end think maybe im failure,2,1,High,Medium
fail test because stress,1,1,Medium,Medium
find aspect law ridiculous suppose pepper spray lethal people respiratory condition like asthma certain rare allergies,2,1,High,Medium
thank read these make happy,0,0,Low,Low
helpful im study biochem its really hard concentrate especially any other noise background,0,0,Low,Low
way feel physically eg bloat eat junk buzz drink coffee impact how anxious feel because start become oversensitive our physical sensations oversensitivity direct result regard any anxious sensations as part our illness caffeine bad diet itself cause high anxiety panic influence feel good bad our mind rest,2,2,High,High
thank your kindness your word truly touch heart encourage muchchillwcat,0,0,Low,Low
sorry insult take your post as some commie type smugly troll how stupid name,0,1,Low,Medium
idea isps once lack rule truly active make feel sick stomach cant sleep affect school life cant afford pay ransom corporate fascist thugs who wish cableize internet cant stand idea internet become like china north korea still fight im still paranoid every day get closer april rd make feel more infuriate panicky feel under attack life about destroy,2,2,High,High
depress due job loss able talk someone about able find temporary job pray god strength,2,2,High,High
hi everyone gad get much strongerprevalent when dont enough sleep coincidentally make unable sleep sometimes kinda like vicious circle normally dont really many problems start new fulltime job lot responsibility trigger insomnia subsequently all underlie fear doctor prescribe xanax as whenneeded last resort since really scar withdrawaladdiction after read up drug its call xanax here alprazolam start take mg night after really break down,2,2,High,High
explain please understand each word sentence,0,0,Low,Low
begin part video describe someone panic attack panic disorder much worse video accurate representation panic disorder symptoms panic disorder much worse feel disconnect realitlythings realwhile float uncontrollable muscle spasms cartoony vision fear pass regular symptoms mine worst feel world years think terminally ill cancer go kill because felt everyday years cant even begin tell story here suffer panic disorder deal panic disorder years finally saw doctor weeks ago,2,2,High,High
there use credit debit card lol hit instantly literally last sunday,1,1,Medium,Medium
get exam tomorrow wish luck,1,1,Medium,Medium
cant understand school work get stress because teacher get really mad,1,1,Medium,Medium
thx video today im study general history really help concentrate view absolutely gorgeous wish see live nice day,0,0,Low,Low
ironically live life center feelings others instead express feelings frankly think live happy life require suppress feelings avoid make problems same time firmly believe inner anxiety nervousness reveal try think positively force smile face hide unease pretend know some feelings discomforted which know feel yet whenever those feelings arise deny myself suffer think right way reality tell contrary become more vulnerable start use intend mindfulness playlist youtube channel get much better really work,2,2,High,High
best way discribe depression ppl who dont understand go like depression like climb stairs stumble over something extremely small situations relationships stress etc send tumble back down stairs sometimes catch yourself before hit bottom other time cant happen hit bottom its up your motivation get back up dust yourself off start climb again hope help depression truly suck something fierce there days wish go away keep progress life like normal person,2,2,High,High
yeah case take active challenge fail them get traumatise return back feel overwhelm worthless depress take more active challenge doesnt work,1,1,Medium,Medium
im piss wait long like honestly kill myself before get back know theres lot people system their fund low bullshit government doesnt give shit about mentally ill people then there honestly way less crime rat suicide rate because people get help need instead wait some bad shit happen before get help urgency there all,2,2,High,High
part make good write small specific detail little stories make up novel as whole why hop interest send stories your experience abusive relationship whatever detail choose send doesnt anything epic grand smallest segment hold significance any question about im look let know though im really look anything feel free post them here private message thank advance,0,0,Low,Low
nurse school absolutely hate every day life continue carry anyways,1,1,Medium,Medium
lose license car mom suicide years ago ive depress ever since im medication counsel give up weed alcohol still nothing make happy,2,2,High,High
call part burnout spillover effect im exhaust tank empty run fume reduce executive function capacity interact love ones im more likely get defensiveangry impatient short someone im tell myself more negative selfstories usual selfesteem start take hit im more likely issue regulate emotions whole cycle its next round about x worse im repeat same cycle every day its like snake eat its own tail,1,1,Medium,Medium
why read all these different,1,0,Medium,Low
best remedy anxiety jesus christ,2,2,High,High
know its months since youve post video want say always struggle constant battle between procrastination healthy enough mentally physically work consistently youve really really help motivate start right after school every day currently study python program calculus those two big class thank much everything your channel videos seriously best ive ever come across youtube,0,1,Low,Medium
friend who realise her s now shes go back school work where want look after herself most importantly enjoy moment,1,0,Medium,Low
as watch video slowly tear up now im floor cross legged try stop cry try fly far school point when everyday every moment something dont know some point realize didnt know anymore always give best because think best version myself dont even clear goal who want keep go parent sometimes tell smile more school army tell relax little truth dont really know how smile sake anymore people say authentic dont really know mean anymore either now land leadership school havent like single moment here tell myself go through because thats best version thats why im floor right now dont know im suppose,1,2,Medium,High
make sense republican sense hate gop most part,1,1,Medium,Medium
dont think im depress there off continuous linger long death quit although think myself ive forget such thing hold up myself strong few years then one fight hurt word trigger quickly wire back thoughts how awful im life,2,2,High,High
k comment depress lonely people around world need someone talk someone help them way their situation saviour lover healer confidential person share everything listener problem solver game changer miracle maker guess u guy find someone like him soon pray everyone who feel depress find way soon remember god as give everything u need trust know ur worth its who need know ur worth become fierce lion heart new s wait,2,2,High,High
search new place live since start month notice capable find anywhere go mainly due able afford any additional expense nor there any source receive money require since then live outside past weeks during stay outdoors currently work maintain job one pay officially book while other two serve as job pay side off book isnt easy affair either as all require travel different locations around area walk use public transportation which one expense force cover own lack sleep help matter regard performance as these job currently past weeks ive stay beach nearby old home as area where tell leave any authority figure such as onsite workers police patrol area area felt remotely safe recently weather get pretty bad place longer safe haven once,2,2,High,High
help need help anxiety,2,2,High,High
case first time youre read post look people who complete some online questionnaires about employment wellbeing which hope help us improve service assist people mental health difficulties obtain retain employment develop employment questionnaire people personality disorder however look people all background complete mean need diagnosis personality disorder need interest complete online questionnaires questionnaires take about minutes complete online your participation well donate your behalf mental health charity young mind child adolescent mental health mental health foundation rethink,0,2,Low,High
sweet thank share us,0,0,Low,Low
after recover covid september still get heart palpitations shortness breath suffer anxiety reason since many years probably because disturb childhood difficult grow up years,2,2,High,High
im year way graduate feel burn school research all stuff home worry when ill work ill same dreadful feel ive experience these past months sometimes wish wont live past cycle maybe when dog go ill follow after them,1,1,Medium,Medium
really thats why im type post want know certain witness domestic violence incident feel free delete post otherwise again throwaway dont mind theres anything andor differently there theres anything help case happen again which know job im wonder slip her info hotline lie about call police something back mind keep tell myself there something here any ideas edit case isnt clear call police didnt inform them domestic violence suspicions until arrive due happen between call their arrival,2,2,High,High
idtg love comfy peaceful environment tysm,0,0,Low,Low
exam come soon able study due stress,1,1,Medium,Medium
need videos guise us stop procrastinate right away explain make one,1,1,Medium,Medium
may go where live depression anxiety learn hide pretend everything ok when know though years believe go get better feel like get worst feel like live depression long become numb point know there,2,2,High,High
investmentsmoney any responses survey below much appreciate youll enter into prize draw expect many reply either youll pretty good odds url happen any friends family who might want chance win some money while help desperate student please share thank advance,0,0,Low,Low
when know nothing about happen then seek therapists help dont really know why feel continuously depress talk like one who look optimistic people who look optimistic depression,2,2,High,High
remember need know tell people about your plan absolutely need know trust limit number people know your plan even trust them may trick into give up your location careful your browse history most browsers keep record websites visit,0,0,Low,Low
panic attack usually occur late day always around pm feel like im go crazy until finally calm down enough fall asleep when wake up mourn its go doesnt show up until late day again go weeks months time,2,2,High,High
sorry man cant watch im blood pressure spike,1,2,Medium,High
feel sick work tire all shout didnt want close next step get slingshotted back because something didnt know come know its fault know shouldve more careful more prepare cant boyfriend beg keep baby make feel tear,2,2,High,High
shes focus omg literally attention spawn minutes,0,1,Low,Medium
thank take time write your word powerful deeply comfort hope anyone who read feel little less alone tonight send love strength,0,0,Low,Low
exam hours,1,1,Medium,Medium
study physics chemistry right now since get exam tomorrow your videos relax keep focus wish luck exam tot,0,0,Low,Low
glad call mba project managers stress,1,1,Medium,Medium
well really sad depress stuff parent get into therapy diagnose mild depression general anxiety disorder,2,2,High,High
hope everyone achieve his own dream feel sooo depress ur videos give motivation complete task thank,0,0,Low,Low
make things clear,0,0,Low,Low
once accept anxiety as natural human experience treat as enemy as trust friend their stop feel anxious about ourself always remember those experience anxiety today always remember your crazy your healthy need hear yourself treat them nicely dont worry youll get through believe usually teenagers face many them overcome live normally how realize how important our mental emotional aspects our live godbless stay strong,2,2,High,High
im always late everywhere like always im time blind its interest see such different experience your ability maintain strict early routine like life parrarel universe dont think ever able live like youre definitely welldone keep up,0,0,Low,Low
yeah tis market tweet melbourne aflw team about their captain seem like market push down throat wake af,2,1,High,Medium
relax inspire,0,0,Low,Low
thats sad depression intense feel hopelessness despair last weeks even months time,2,2,High,High
take board exams guy wish luck pray please,1,1,Medium,Medium
comfort enough survive semester lol stay strong guy sleep well keep go healthily well make semester tons blessings hug joy yall,0,0,Low,Low
as medical student need speak loud word move around gesture sit calm sleep,0,0,Low,Low
back when still hope future synthetic organic chemistry test best subject really love especially because other small personal circumstances feel like need score high as result couldnt sleep night felt sick tire turn ace test never ace test before usually score solid how,1,1,Medium,Medium
want chat about anything visit support forum hang around find member support staff such as myself who their best support through whatever go through base dundee scotland uk support survivors all over world those who local make trip centre dundee where talk volunteer support staff person hope all find peace look ross,0,0,Low,Low
there time difference hes busy dont worry about winteryokohama there crazy brain think him try never talk again end things drive myself crazy im sick spamming him texts give him space try let him enjoy his trip your thoughts reddit,2,2,High,High
how take pause during oral examination,1,1,Medium,Medium
ap geography exam minutes wish luck im literally shake edit guy pass,1,1,Medium,Medium
its true stuff others mind help certain fact develop anxiety while work as volunteer,2,0,High,Low
ive read two josh book listen few podcast how make feel particularly insightful entertain mostly agree his advice acceptance become comfortable whatever trouble big part condition brain sound off false alarm though think selfdirected neuroplasticityrefocusing techniques meditation techniques deliberately live healthy lifestyle important least accelerate recovery common denominator seem fight empower accept without judgement let dissipate any case josh seem fresh perspective great presence mental health community,2,2,High,High
think morning remember last time truly happy type why people depression dont talk about depression grace god video appear about mins jake already mention same think as well felt overwhelm recognize underlie sadness others wonder why one else see sadness myself as well like question how everyone because any give day circumstances change never fully know someone go through need kinder ourselves others learn ways manage depression manage depression overwhelm overwhelm want overwhelm others know nobody understand anxiety unless experience anxiety nobody want talk about depression however need,2,2,High,High
next couple days mostly normal large group friends visit good time episode make slightly anxious every now then prior history anxiety disorder mental illness all know episode anything nothing remember feel strong sense anxiety during tram ride time attribute little paranoid pot wasnt concern until start lose vision,2,2,High,High
study hours cant even complete ch ton backlog,1,0,Medium,Low
therapy expensive their even any free mental health diagnose,2,2,High,High
all money go rent utilities credit card delivery food few time month when im beat cook boyfriend nearly break as lean credit foodstamps time time leave significant debt break up after five years because pelvic organs collapse downwards make painful sex hang there three years sexlessness cant fault him hes leave next few months as soon as get money move ive get figure shit,2,2,High,High
sats tomorrow im scaredwhat fail know its as important as gcses still much pressure,1,1,Medium,Medium
pass th grade without give exam choose stream new school attend online class without know single person make any friends because there way get contact pure torture,1,1,Medium,Medium
might sound bite bridezilla here im extremely annoy set our wed date last august july th specifically pick date after look average temperatures date last years determine highs about degrees cooler follow weekend july go th wouldnt know fmil book their family vacation july,0,0,Low,Low
grow short stubby orange haired freckle face awkward boy into seemingly strong tattoo pierce tall ginger man think always want time think love didnt know why tell often phone through letter girl think never get his league his word,0,0,Low,Low
productive view picture helpfull perspecrtive though myself say there truth its one factor important put way video put make impression shoulf never rest need always fight stress stress person let say burnout preasure stress problem things like dish etc full day good sometimes exact opposite really good day there deeper problems such as los self esteem people depression simply need much deeper treatment dish stuff like fact something like lead increase motivation increase action able fit goal because depression beeing more depress even lower self esteem think man cant even dish prick fact halmfull point productivity matter eary many people depression cleanest dish ever see as say get point truth its truth important person depression etc definatly view,1,2,Medium,High
most recently stay his apartment week as mine get renovate express him didnt want our week live together rock boat say wouldnt go over there other day say need space basically tell leave feel like im suffocate him hes never express medication hes before know hes off them ever since move,0,2,Low,High
ask someone somebodys help rest repair cost repair dollars about currently need get soon before stick side road break down vehicle spend unnecessary money ubers lyft im pay back monthly acceptable interest until its pay full get pay biweekly full time job thank advance,2,0,High,Low
really dont see him surprise,2,2,High,High
u guy r gr n u make feel better cause use feel most insecure during exams,1,1,Medium,Medium
reality bend,2,1,High,Medium
since start exam cant sleep,1,1,Medium,Medium
hey yall want update turn major issue grade when write currently drop college due insomnia swallow disorder really sad things turn way,1,2,Medium,High
btw sunrises tokyo re amaze romanticize allnight study view im afraid wouldnt get up table,0,0,Low,Low
oh thank last night review areas gratitude practice breath work fell asleep wake up brain go solidly negative ruminate all worry spend remainder night nightmares wake dispel those feelings awful morning here your conversation overwhelm first three bunch anxiety unhealthy stress together eye opener begin put some new active positive practice life issue aware clarity issue undermine enjoyment satisfaction efforts thank again share pod cast,1,2,Medium,High
may all strive like man,1,0,Medium,Low
id say its least little ironic give artifact model closely price model mtgs cardboard edition,1,1,Medium,Medium
deal break generalize assume part loud vocal minority,1,1,Medium,Medium
ive software dev years feel like cant anymore like im make negative progress learn there company provide therapy available which take advantage after sessions cut off because hit some sortve quota alternative offer moment im try work way move nondev job even cost paycut cant make things work financially its all really stress message few time about organise sessions dr k seem super busy people suggest may burn maybe dunno seem like ive fall love which cant reconcile since love idea dev until about im now its seem downhill there more personal project enjoyment its all slog,1,1,Medium,Medium
really love these conversations include discussions how improve whatever cause us all depress,2,2,High,High
casually watch night before exam,1,1,Medium,Medium
feel like slight panic attack every night before school always make up excuse go,2,2,High,High
anxiety suck ive deal month feel like lead depression point where dont feel like get bed point where dont go work anymore because get bad anxiety attack which make worry im get heart attack its heart attack its anxiety attack make feel like cant get off mind,2,2,High,High
thank much likely haha,2,0,High,Low
damn really bad when say answer question actually want die want feel way anymore first answer,2,2,High,High
one master procrastinators herenevertheless im quite lofty goal enter indian civil service through prestigious upsc cse go nd attempt st attempt manage clear prelimsbut get overwhelm during preparation mains stage time prelims go well some difficulties resume prep post prelims thats why come back amaze gem hop turn around fortunes time,0,2,Low,High
im stick college help im gon na need internship after sem,1,1,Medium,Medium
hi zeliha read want let know your videos motivate study lot thank much,0,0,Low,Low
anyway quit antidepressants several months ago because good place now survive without them find thoughts like still present difficult deal never apologize facebook tldr want apologize facebook normal awkward af,0,0,Low,Low
cool wish come anarchopulco year fun,2,0,High,Low
time really fly amaze fly while study,0,0,Low,Low
know there talk about its doubtful,0,1,Low,Medium
currently s constant state anxiety heart palptations wake up morning panic attack break up months ago happen suddenly over text as relationship shaky there anything about conciously im try think about situation unconsciously still physical symptoms anxietypanicheart rate palpitations,2,2,High,High
advice how deal friend advice about how deal impact myself selfesteem hit new low already felt really humiliate about assault before want tell friends stop feel bad about able talk someone days when ptsd get really bad now feel even more humiliate about feel like anyone know go see as damage theres lot shame im terrify talk anyone else about,2,2,High,High
completely give up hobbies interest outside work time engage them things normally relax like exercise yoga absolutely question because work hours day frequently sleep deprive due work hours,2,0,High,Low
hard write about attempt describe ive through cut really deep down spin through flash pain tear deepest depression really feel kick when im already down please forgive wind intro shake write style honestly take week get point,2,2,High,High
thank lovely advice mel appreciate alot love your psychological theory difference between stress overwhelm whenever feel overwhelm bite fun add brain distract trauma im go through as say your past videos always apply ourselves bite fun feel like video huge correlation towards video fun youve make life get leave challenge youve set behind focus later whenever feel ready meanwhile good apply yourself fun your moment always ask,1,1,Medium,Medium
im night owl prefer study night cause like how quite help focus morealso brain work better during night,0,0,Low,Low
yet nobody bat eyelid when name who pal around name wonder why,2,2,High,High
everysingle time hear word call exam result mt heart beat soo fast,1,1,Medium,Medium
bottom line first situation long while cause really get anxious im think about most time waffle about today get invitation start look into flight transport im overwhelm im age where travel alone shouldnt big deal never travel alone aside handful hr bus trip ish any advice,2,2,High,High
hello all im yrs old male kg cm one year half maybe im suffer chronic daily headache dull behind leave eye pressure like when try think remember something seem get worse,2,1,High,Medium
rain light thunder calm piano something else thank make these beautiful videos,0,0,Low,Low
im panic dont wan na fail,1,2,Medium,High
nothing kick door kick again until sure his foot bruise calm down,2,0,High,Low
truth nobody want know truth ok seperated wife once yell say im make everyone else depress im infect rest family im lazyest person ever know then few years later leave son im disable service connect air force veteran,2,2,High,High
some people shame sense selfworth its sad,2,2,High,High
nervous breakdown sister lie cheat steal plot against her sibling,2,2,High,High
mental health lens tricky,2,2,High,High
stress focussed cause causeof psychological depression,2,1,High,Medium
study chemistry study amaze music really help revise whole syllabus,0,0,Low,Low
any advice oral exams argentina finals oral final grade stay record,1,0,Medium,Low
hope everyone who anxiety manage,2,2,High,High
hopeless life need son life wife block abandon want talk son dont know how helpless right now feel worthless want son,2,2,High,High
say panic attack cant diagnose about panic disorder diagnose experience never afraid possibly panic attack never causetrigger mine sometimes dont peak minutes couple hours before calm down exhaust days afterward,2,2,High,High
asapscience forget when english exam,1,1,Medium,Medium
im take online class year college class fine im still highschool college concurrent class get stress point where give up last second,1,1,Medium,Medium
even read article its anecdote want return because miss her family,1,0,Medium,Low
spot favorite burnout scenario work product team make product work ooooo cancel project day youre deploy after year work ooooo publicly state thing youre work deprecate internally everyone know,1,1,Medium,Medium
thank lately deal stress anxiety believe reach break point need help watchinglistening your video relax tip give things want try,1,2,Medium,High
your videos literally help want love myself more subscribe thank insiprational relatable us girlies who suffer depression anxiety,0,2,Low,High
really resonate use love math things get hand without realise however now back enjoy maths these videos kind like incentive let give our best subject love thank wish im sure youll get back track time,0,0,Low,Low
public speak class frequently reduce tear front class think nothing else weeks moment assign even listen other people conversation tire even im active participant as kid never want friends over go their house because full day school around many people exhaust true today work want go home myself when say something stupid awkward think about weeks still berate myself things happen interactions people ten years ago any ring true those diagnose sd,2,2,High,High
im scar yall say undo,0,1,Low,Medium
its slower take more calculation thats why practice,1,1,Medium,Medium
anxiety lovedand attempt exam,2,1,High,Medium
really hope wont chance enjoy them because man didnt like them anything,1,2,Medium,High
rather kill myself hurt other people why fuck even occur therapist tell im mean alive hug dont even know why because how mean alive thoughts like whats point honestly feel like depression ptsd whatever strip normal human emotions humanity im like vacuum move around undetected people like therapist fail see awful unlovable unfixable dont feel anything conversations trouble empathy sometimes,2,2,High,High
school never really teach us how learn our failure want u pass all time thats why everyone scar fail chance get depress ur failure because failure greatest lesson success,1,1,Medium,Medium
express enough how much hansenrosario mushroom change life struggle anxiety depression years try countless medications therapies nothing seem work as soon as start take mushroom immediately notice difference mood overall wellbeing anxiety depression symptoms once face daily basis now become manageable highly recommend hansenrosario mushroom anyone look natural effective solution improve their mental health,2,2,High,High
how much hours sleep get thank your motivation videos love them all,0,0,Low,Low
thank man ill try stay strong,2,0,High,Low
as someone who diagnose severe generalize anxiety disorder struggle make food leave house even try reach goal as animator heavily relate all odd someone like say eh go figure,2,2,High,High
theyre here buy properties their family mean study theyre here study,1,0,Medium,Low
youre good cute nice lifestyle mr daniel simmons,0,0,Low,Low
beat nerfed name sound like tier list matter,1,0,Medium,Low
thank im sorry happen,2,0,High,Low
study as relax as,0,0,Low,Low
im study science exam tomorrow,0,0,Low,Low
hey first time post here live car brother cat since may feel extremely depresseddefeated right now hence why im post here ill start begin,2,0,High,Low
experience new toolsframeworks more stressful when job hunt once company its because its enormous amount work decide business people dont know effort take meetingsmessaging much day,1,1,Medium,Medium
man suicidal depress feel like shouldnt though dont know why ive try many things nothing help girlfriend feel like get way our relationship doesnt truly know how feel im feel as every time try tell her sugar coat because dont want her stress over problems its hard because easily alone all because thats thing past years alone cant bring myself throw problems onto her everyday im manage both our problems protect her healthy relationship problem im unhealthy im years old one go through much less anyone age most days want die remember amaze girlfriend hope day tell her everything about day start get better,2,2,High,High
cant believe find about wow second videostudy session today love new work study habit thank much,0,0,Low,Low
love new intro song,2,0,High,Low
im sure reaction count as stress response realm psychology think another one faint faint kinda similar freeze more extreme want share love your vids,1,1,Medium,Medium
think logic dictate able type anything chat your ingame avatar say,1,1,Medium,Medium
look nothing like growths tell misdiagnosed didnt std sebaceous epidermal cysts never awful sex then never think growths scrotum stds,0,2,Low,High
dont understand football fundamentals play name short want someone identify,1,1,Medium,Medium
puta pinost niyo kung kelan kakatapos lang ng exams namin,1,1,Medium,Medium
like every illness its worse when dont know when anxiety ocd worst when didnt know all obesssions felt real when depression worse when felt life inherently worth live fact,2,2,High,High
im constantly exhaust chronic fatigue go try insert mins check body brain always feel like its hyper arouse,1,1,Medium,Medium
definitely use calm technique here always speculate sure procrastination symptom bigger problem life,1,1,Medium,Medium
zheng oh god find good way reduce anxiety before exam please please let yourself down aim best grade stay confident even tho there may enough time solve all question even dont know answer dont leave them unsolved breath every five minutes reassure yourself tell yourself go ace exam hope well,1,1,Medium,Medium
amaze view video thank share,0,0,Low,Low
id wake up middle night him feel ass masturbate scar didnt know pretend notice cant even remember how long must go soon enough decide put pillow other side mattress because hed touch when sleep side think put pillow other side bed help because as fall asleep turn leave side back towards wall wont able reach even remember him ask next day why id decide move pillow other side mattress,2,0,High,Low
help psychgo im philippines feel depressionstressmental illness emotional depression bad memory ralationship every night long time ago feel painful normal hobbit like draw infect emotion struggle cant think better how help,1,2,Medium,High
yes im currently board school its first day,1,1,Medium,Medium
mentally strong make world its cold cruel world here youre situation its cause stress cause yourself need either get away person situation mentally healthy thats main thing life peace mind,2,2,High,High
basically why anxiety its okay badly first time well parent gon na kill want perfection nothing less forgive yourself its difficult im try best though hurt much purpose life im constantly remind how much burden earth every day every second life cant escape matter how bad try trust want get better dont want feel like cant escape feel hatred more overpower when hat people who suppose tell love feel bad,2,2,High,High
feel like im die know im feel like im end cold cold sometimes make up head actual cold stuffy nose chest congestion scratchy throat,2,2,High,High
u wish luck exam tommorow dont even study anything yet,1,1,Medium,Medium
panic attack feel as though all wall close begin feel light head unable focus palm get sweaty hand legs start shake feel constant need rub hand legs together feel as im suffocate start hyperventilate,2,2,High,High
help study keep track time rain sound help focus its way better silence ill use your videos help study now thank soo much,0,0,Low,Low
ive get history exam tomorrow hate lol im happy focus revision hour straight even though kinda open phone see some noti cant wait science exam anyway love science most tt,0,0,Low,Low
sure why im really off today cant stop feel like screw up even though ive really nothing wrong today feel like might trigger see old family friend who ask how abuser because injury flare up after really well feel useless unlovable convince myself even husband doesnt like,2,0,High,Low
disagree depression mental illness its mental its emotional feel down depress nothing mind its entirely emotional mental,2,2,High,High
since know him havent active suicidal thoughts even now hate how wish die right now dont drive myself anymore how leave him know life without him worse circle hell fuck fuck life money id hire hitman,2,2,High,High
still wake up nightmares about beat adams head through wall its last thing think about before fall asleep first thing think about when wake up want stop think about nothing seem work feel like im prisoner own brain literally any advice personal experience welcome,2,2,High,High
try attend procrastination help group well couple years later still havent meet,1,1,Medium,Medium
why doesnt anyone talk about burnout as parent u reevaluate your job after covid two hurricanes here there ton parent burnout cause there seem relief couple guilt when u see ur sweet kid smile,1,1,Medium,Medium
say shes sorry never take physical place completely reject first coworkers request take further however continue talk him continue talk flirt second coworker when know romantic feelings say shes sorry addiction desire tell her its fair men shes lead agree try convince stay her,2,0,High,Low
intersection quiz hours team select yesterday super stress,1,1,Medium,Medium
study months math when write exam totally forget everything,1,1,Medium,Medium
get breakdown since july still recover suck,2,2,High,High
eventually vision start fade start lose feel hand feet mind start wander off things other struggle air one think stick sun really bright warm face think close eye tight felt strength start leave arm felt chest abdomen twitch try expand pull air think myself im go die dont want die,2,2,High,High
when pregnant panic attack,2,2,High,High
lol build your own make some tweak printer,0,0,Low,Low
watch video last week days after video post take chemistry test which fail because anxiety attack,1,2,Medium,High
im start really believe brain problem here trauma everyone think im dramatic slut anyway even matter like maybe right feel like im embarrass even go back psych now today seriously look like total basket case,2,2,High,High
welfare office foe county far cant get there without transportation ask help dont any friends family take cat get rid cat because esa thing keep sane point when feel like dont any other options even though fault because im idiot,2,2,High,High
want drop college,1,1,Medium,Medium
unnie study quietly peacefully shout oh gosh dont know im savage,0,0,Low,Low
thank make such soothe video please give house tour your new house its always excite see new house love india,0,0,Low,Low
ive put family through many time its put strain relationship im who use because im afraid people go leave partner especially hes see go through before im afraid hes go give up,2,0,High,Low
before mom put her foot down keep go back abusive stepmom something equivalent spill milk stress response kick even though mom never hurt call horrible things still freeze wait abuse day still freeze as often as use now scream when mom walk room randomly start conversation its annoy frustrate shes try everything still jump,1,2,Medium,High
explain anxiety show us how cope,2,2,High,High
same use controller pc dark souls other rpg game,1,0,Medium,Low
one time panic attack instead afraid death felt control afraid all felt like own death choose who die when didnt fear,2,2,High,High
couple weeks ago when really stressful week lay bed couldnt sleep because legs felt numb didnt feel right still cant explain these thoughts fear when finally go sleep then morning ill able move legs something like know feel numbness because ive them before couple time didnt know these mean mom panic attack few years ago sister confess them months ago kind inherit thing still cant belive though these panic attack because dont like diagnose myself something may,2,2,High,High
severally bully kid there dad manage prove wasnt part robbery get foster care drive up oldest brothers house live directly across water seattle tell hed back three days pick up never come back,0,2,Low,High
music choose amaze illustration beautiful great combination transport us another world,0,0,Low,Low
helpful vid doc even come someone another officeremote work field like myself social work specialist relate love see deep dive into other professions like own talk more about escape work happen find interest social standpoint,1,0,Medium,Low
love how video subtitle translate finnish someone translate burnout burn as skin injury cause heat,1,1,Medium,Medium
try all section facilities north texas area all tell us theres year wait list understand theres vouchers low income house program inform these low income house still require proof income sure tenant pay rent cs doesnt count as income im look any loopholes system any program place help anyone any information insight truly appreciate thank reddit,0,2,Low,High
omggg board start feb already exhaust because cant study more hrs because think dont time,1,1,Medium,Medium
panic attack please stop drink take any products caffeine panic attack everyday notice after hour two after drink caffeine attack ive pass information many panic attack suffer people cure all people share solution,2,2,High,High
suppose completwly vent against betrayal may option most relationships maybe breakdown effect trap unexpressed outrage,2,0,High,Low
hurry still catch heroin craze,2,1,High,Medium
far best video watch reduce stress anxiety,1,1,Medium,Medium
help study more focus semester exam love promodoro technique btw,0,0,Low,Low
fear bad grade overcome fear anxious while try make,1,2,Medium,High
worse animals years ago js,1,1,Medium,Medium
amitkumardcch same bro practical exams,1,1,Medium,Medium
end think want move socal because like warm weather huge fan cold andor perpetually rainy place family support im find really hard get gainful employment like able get feet need government assistance pursue art least say years work experience thank,0,2,Low,High
suddenly snap go fuck hate brother biggest piece shit ever couldnt care less about him start go off now know her brother pretty psychotic shes tell clearly anger issue rest her family keep ignore sometimes even enable minutes into her explode start cry because apparently her brother tell their dad something dad call her say doesnt trust her anymore whatever upset about dad thing because shes close her dad shes her dads favorite child tell himself when speak him didnt want pry much because felt like isnt exactly business their internal family issue girlfriend screenshot text message her brother send her comprehend how human especially sibling say someone,2,2,High,High
its hard deal anxiety own fact own family doesnt even seem listen all make hurtful because im cry help yet nobody want there anxiety give physical symptoms make believe im heart relate problems once im medication everything go back normal chest pain nothing lately its many up down sometimes when feel down feel really down point where dont even want get up anything all its hard deal anxiety daily basis wish someone understand,2,2,High,High
most some some people actually think depress even which mean arent attention justmconfused,2,2,High,High
sex everyday yes both work its problem change say im usually successful time attempt initiate want make sure still cross dot ts end ask her theres any improvements make tldr most relationships die down bedroom after while,0,2,Low,High
track much more suitable kind recklessness keep kind dangerous drive off public roads,2,0,High,Low
great comeback win think name goal give boys confidence need rd,0,1,Low,Medium
dont agree im overwhelm things need doable still control dont want,1,1,Medium,Medium
ive stick fuck assignment n hours now time its o clock im ready give up life,1,1,Medium,Medium
sense discrepancy between video vs video talk about how stop procrastination,1,1,Medium,Medium
burnout sure im sure ive ever free burnout consistently since hs its much sometimes wan na free everyday responsibility,1,1,Medium,Medium
true get overwhelm things choose,1,1,Medium,Medium
hello comment section happy love nonstop positivity here comment section im gon na need calm music like all genres stay sane during college journey lol thank all who drop some advice wish best pray best everyone here jesus name amen,0,0,Low,Low
before diagnose yourself anxiety depression first make sure youre surround assholes,2,2,High,High
opinion control anxiety lifestyle relate one experience lot less anxiety when eat healthy prioritize exercise as well as yoga meditation blood sugar roller coaster play emotions lot more,2,2,High,High
ive panic disorder whole life anxiety panic attack get much worse quarantine its definitely mix cabin fever general uncertainty bad energy air get through,2,2,High,High
fact common these number where come tldr unable overcome girlfriends past two mind regard break up say die without already pop up cocktail pills once nothing happen,2,2,High,High
help guy answer tgis how cope up your stress problem life,1,1,Medium,Medium
think competence confidence lower level anxiety,2,2,High,High
panic attack two weeks leave moms house sit class them since pass dont luxury see mental health professional dx ptsd agoraphobia im try move try cbd oil thank read,2,2,High,High
nice like know few more great youtubers suggest jonna jinton sweden kahvihuone finland concern paint pro yet mention few shelterin,0,0,Low,Low
there lot us there similar experience emotions its ok him make assumptionsstatements somehow man struggle know numerous women same boat,1,1,Medium,Medium
find all your examples stressful,1,1,Medium,Medium
its couldnt get myself sleep feel good hear calm music where escape bite our struggle know everyones go through lot lately yeah definitely head forward u want succeed sacrifice,0,0,Low,Low
great love moment silent study thank much happy stud everyone,0,0,Low,Low
all these college students stress about exams realize something almost everyday every task give your boss exam even your boss market customers your competition test your abilities when look back college years exams one true negative fail highly unlikely study may get pass grade your job successful years bad quarter bad day your terminate income yourself your family,1,1,Medium,Medium
start cry while read your comment,2,0,High,Low
once when open up about clinical depression office because take many days off look disgust disappointment think maybe theyd understand say happen manav its funny sensible guy like cant handle these small stressful situations mean when your age realize make mistake thats reason people often hide their suffer adversities because society mock dont understand,2,2,High,High
last year hop id get hit car get kill because how stress wish luck year,1,2,Medium,High
help get work make feel motivate someone else,0,0,Low,Low
take away snow look like iu home game damn name,1,1,Medium,Medium
some reason im cry while watch,2,1,High,Medium
ohh love bag design,0,0,Low,Low
thank im try get through last year high school,0,1,Low,Medium
exam tomorrow bro,1,1,Medium,Medium
get dose fear fail fear complete suppose per day such things make brain watch youtube time pass irritate still watch loop want student now bore take up notebooks study write own literally bore myself ashamed dont see any change keep body awake late till nothing huge dopamine waste,1,2,Medium,High
these thoughts always great source frustration especially when im close artistic deadline like gallery exposition come soon im never confident enough show even minister culture country make some positive criticisms about mind always go back think those people say these things nice honestly anyone else feel way when happen,2,2,High,High
hey wonder anyone between age find easier talk people around age im want join reddit chat group people who introvert suck socialize like dont worry want listen thats fine some things like soccer tvmovies music,0,2,Low,High
distract while drive us place until one point back into park truck never cause accident before after allow drive own car allow drive own car all after unless find key sneak away which oftentimes difficult summer force move him into terrible run down duplex off campus keep his mother pair small under socialize dog who housebroken his sister who her husband begin college class same university fall foist her hyper pound mutt top burden as well lie say cleanest person earth,0,2,Low,High
why happy lockdown able work home break people huge weight off mental health first time years breathe,1,2,Medium,High
omg think paraphrase im happy those exact word say,2,1,High,Medium
hi lena wan na say thank because ive watch your videos age youve inspire much ive grow much your videos your role model tysm lena,0,0,Low,Low
hi zeliha thank your videos motivate study lot really like your model notion tell about how most use notion,0,0,Low,Low
know old video come across maybe some people feel shame dont wan na tell anyone fear get judge know its always shame its feel hopelessness like why tell anyone one help its useless mention anybody itll waste money go therapist doctor theyll let talk talk while nod take all money why say anything friend love one theres point theyll pretend listen care suggest see therapist its feel every day all day,2,2,High,High
calm havent see your video long time cuz get new ipad,0,0,Low,Low
your view amaze create study videos incredible view while travel caravan,0,0,Low,Low
ive probably least panic attack,2,2,High,High
short term plan nothing long term all im assume shes go shut off phone next hours ill access texting call service until fianc afford put his plan unfortunately may lose his job because live mom today really bad fight shes home while im outside dont think go back anymore nowhere go little money vaguest sense,2,2,High,High
ive search videos try help understand im go through dont know its really relate specifically work feel like life burnout sit agony because dont want breathe live eat shower think about things im tire move theres like deeper exhaustion make tire still make any sense blink exhaust let alone work sense cant work move clean shower anything any amount time live hell which make feel even more exhaust ive try medication multiple kinds last couple years ive try multiple therapists psychiatrists seem get worse nothing help depression free since child feel like there other possible direction go then lay down wait heart stop,1,2,Medium,High
thats doingits like get relatively good study guide then im like study all stuff didnt even know then look all material get overwhelm then try distract myself make worse,1,1,Medium,Medium
good luck ur sales get ig page go backpack off thugpug hashtags lot easier then here,2,1,High,Medium
hi really weird panic attack when little them whenever hear sirens drum fireworks palpitations before get better now dont understand why get intense panic attack when hear sirens firetrucks alone,2,2,High,High
guy spot order accept anxiety as normal part life understand symptoms how manifest once understand get easier accept as normal part life come reduction intensity symptoms there techniques like deep breathe meditation help cope while youre work understand anxiety try reduce your stress stay away negative people situations spend more time things enjoy,2,2,High,High
like distraction peaceful environment,0,0,Low,Low
there laugh affectionate your newest victim same dark hair same bubbly personality shes prettier skinnier version everything make believe need never change visibly shake as try remain calm front new guy date,2,0,High,Low
ive anxiety years lose dad recently tip over edge best friend miss him alot chest feel like its cave feel drain heavy its fear heart attack stroke even see them worlds make panic really wierd know say when your heart attack stroke your leave side go funny thats anxiety feed up feel way sorry need somewhere get,2,2,High,High
good job clemson youre become new name,0,1,Low,Medium
dont worry wont long,0,1,Low,Medium
shit one doesnt exist there isnt something like how guy cope manage research how where bring selfcare kit any information experience hear great thank ahead time,0,2,Low,High
use second break tell help break executive paralysis assignments due tonight less hours leave procrastinate much because adhd wont able finish all which make blockade even worse thankfully find really nice video really help really like text message pop up comment positive,0,0,Low,Low
her mother who fulltime elementary school teacher years her primary caregiver when mother work as teacher amaze lady need license vocational nurse lvn assist her her adls health need mother provide family income her lvn attend her physical health need everywhere go during day home her college class community her volunteer sit good luck lvns her last lvn unfortunately longer work her since december since november her family post job open six time online ask all local vocational nurse school post job countless people post job open social media one apply enjoyable position except one last four hours decide didnt want job after all,0,2,Low,High
completely despise bixby intensity sun,1,0,Medium,Low
watch make feel depress,2,2,High,High
one feel ashamed their negative feelings top already those feelings compound anxiety pain,2,1,High,Medium
want say thank much make such wonderful videos love them much even when want study another video someone else couldnt stand come back your videos please make more videos,0,0,Low,Low
brain shut off between pm m sceptical about whether wake up around pm now think work harder wake up,0,0,Low,Low
live outside group often come far away go group try friends them feel like theyre go want hang dorky year old idea wed even anyway try bumble bff make friends find constant swipe texting really bore depress theres much bland small talk person make,2,2,High,High
software developer struggle control stress able relax even weekend because mind keep go monday stress,1,1,Medium,Medium
good thing realize pointless before resign his state senate seat s,0,1,Low,Medium
cant talk like put hand shoulder smile say sure go circle make feel better there affirm think im worthwhile great thatll probably get his nerve,0,2,Low,High
believe shoot him through door back,1,2,Medium,High
ive couchsurfing now days life get harder time as money sink get into bad think loop decide write blog allow express sadness through more happy word currently two post first one url about how end up situation describe overall how latest one about last week how mentally challenge sick as homeless person url,2,2,High,High
see two possibilities middle play advocate play devil,1,1,Medium,Medium
oh mel nail examples experience numbness twice,1,1,Medium,Medium
best ever really help productive revision session view amaze,0,0,Low,Low
well im follow your videos mental health issue know well panic attack ever since baby know ever since remember im get panic attack as result some big trauma example lose mom recently constant panic attack cry dont take some relaxant medication here title question why get them didnt hear anything about ptsd as cause anxiety experience anxiety life wasis always result some serious big trauma didnt hear mention even next video tip anxiety trauma loose someone beyond precious traumatic way which happen quite few time last few yearsand theres nothing mention connection experience death n,2,2,High,High
eventually less make direct eye contact when seduce mother which fill much rage happen throughout adolescence act hurt offend because always guard up around him after move go college let know wasnt welcome stay their house anymore because treat them like shit,0,2,Low,High
view really cool love thank video,0,0,Low,Low
dont play unless know how play nbsp weaponize mental health addictions appear par course north american media recent election doug ford leader progressive conservative party ontario see great wave weaponize addiction post his brother who famously addict cocaine doug who use deal drug lampoon media who next breath kid say things like addict people addiction doesnt lessen somebodys humanity,0,2,Low,High
case feel like help person need short responses complete thesis data about content cocreation game enviromnet take about min without respones finish work oblige pay extra semester university fee please help get desperation thank appreciate every fill survey great fill share as well your friends url,0,0,Low,Low
tell year old brussell sprout top vegetables hed laugh face,0,0,Low,Low
hi thank share motivate lot please keep,0,0,Low,Low
like alien come planet take as pet then surround mannequins id freak,0,1,Low,Medium
get fuck fuck chair something avail,0,2,Low,High
control depression speak share experience help others set up new podcast help others speak about their mental health please check provide any feedback,2,2,High,High
meet great guy connect immediately due same interest like him lot like go few date everything go smoothly conversation still heat guy still show enthusiasm regard go general after few date end up either sex something sexual then all cool down conversations go much slower pace up point where stop talk all,0,0,Low,Low
rtt rapid trqnsformational therapy miracle answer anxiety panic attack treat anxiety one session rtt,2,2,High,High
blame him people who abuse some most manipulative believable liars say parent child who go extremes say show their disapproval person listen them children fuck know your responsibility ensure their safety happiness satisfy your own their cost,2,2,High,High
wow really feel way right now hopeless ineffective anxious try stick few more months work thank share honestly give hope,1,2,Medium,High
example im sell something thats worth hate want cry ive items list about weeks theyre all responsibly price under im accept low ball offer as other choice never let myself million years wasnt homeless clock tick need move,2,1,High,Medium
ive learn english watch your video british pronunciation love your accent thank,0,0,Low,Low
yes im here cause im cubic hair stress,1,1,Medium,Medium
good luck everyone interest leave comment youre study achieve im currently pharmacy school first year,0,0,Low,Low
cant believe talk get flag maybe speaker bite naive about depth complex nature procrastination mistake make growth like journey combat procrastination,1,0,Medium,Low
youre think name name senator since up reelection,1,1,Medium,Medium
presentation give wednesday as part biology course its myself ive already jump bad didnt because think feel worse miss towards module cant see doctor before then because theres appointments try get appointment counsel service uni offer havent get back yet heart race every time think about,2,2,High,High
more go about depression more depress people its self fulfil phenomenon,2,2,High,High
since over summer become homeless get into drug live his car jog one even approach confront scar kind stand there insult call every name book try get use phone call mom deny his request say dont let him use phone hes go stab,2,2,High,High
know after talk ill able speak fred ginny theyre exactly objective observers anyway thank everyone who comment especially those who say really need talk ron know obvious guess need push thank those who give push really thank everybody who comment give comfort compassion stranger internet,0,0,Low,Low
struggle anxiety scar talk someone here,2,2,High,High
cut your nalis hate,1,1,Medium,Medium
improve your mental health free course,1,1,Medium,Medium
give meeh peaceful vibes lovefrom india,0,0,Low,Low
togo legit rep look nice af,0,0,Low,Low
finals next week literally feel like die because well oral exams idk how im gon na,1,1,Medium,Medium
recently start make videos anxiety relax noise videos help work all timethanksdoc,2,0,High,Low
acknowledge his invite come down christmas then go trip days later everything peachy keen her car break down dad lean her moms car still say need quit refer as moms carlike legally its moms car shut,0,2,Low,High
grateful pray her our family during time anyone familiar type serious health issue glad hear about know more about fight tell us culture come back streptococcus pneumoniae one most common form strep thank read url,0,0,Low,Low
great video start panic attack around two three years ago idea become severe parent bring er doctor offices couldnt sleep anything really video like helpful parent begin hopefully youll help others,2,2,High,High
thank your useful videos whenever need focus work study open them really help lot enjoy feel peaceful music your videos,0,0,Low,Low
more million sub short concentrate simple yet deep hopeful future gift great editor,1,0,Medium,Low
theyre both good towns personally prefer westfield better downtown better school traffic less awful,1,1,Medium,Medium
im medical student france really help stay focus thank,0,0,Low,Low
spend one hours write activities relax every time look u feel im alone im one who work hard thank u motivate pretty your detail soo pretty,0,0,Low,Low
neosporin ace bandage one start bleed life lesson dont let your dog run wet concrete let vet tell worry about think your worry sound ridiculous probably bonus molly need lose pound because hat rain doesnt want walk lol,0,0,Low,Low
as leave tell now go back there again as sob didnt know say help everyone ive talk as tell shouldve get her phone number because look her phone number up through our receipt membership file invasion privacy miss opportunity help her ask her phone number sorry sad story dont know its painful think happen her right now,2,0,High,Low
same even when already study hard enough still get low score feel enough because why get cant btw how now hows school doin,1,1,Medium,Medium
understand possibly someone sensitive natureegshyintroverted heart sleeve type expose adult pressure lifeworkand familythe ability cope weaken nervous system end full blow emotional anxiety disorder physical symptoms fatigueheart palpitationsburnout feel like blow fuse nauseainability sleep complete balance nervous systemand become permanent condition either fate series ongoing stressful eventseveryone something weak some kind deficiency our human conditionthis someone nervous disorder mentally soundi say its organic nature modern life bring illness one live,2,2,High,High
come here little anxiety go depression wtf why tell stuff need solution expose promote anxiety,2,2,High,High
name name back leave finally please take chance name,1,1,Medium,Medium
im study political science online exam next monday,0,1,Low,Medium
strawman purpose anxiety four years ago didnt know go dr first thing order complete bloodwork make sure wasnt vitamin deficient some kind thyroid issue,2,2,High,High
feel sad down dump about year before finally reach professional help last summer start take medication first one give horrible side effect switch new one which way better go see super nice psychologist know really help start feel better better learn myself trust whatever happen then stop take medication cold turkey style stop see psychologist spring since felt better during last few weeks ive felt negative thoughts feelings hopelessness come back im pretty bad place time understand there help things feel down lose dark reach help make efforts improve your situation guarantee find something work all deserve feel experience life again after depressive episode believe yourself your worth after rain come sun take care yourselves reach save your life,2,2,High,High
tear dress better eat better lose weight date little save some money way pit now nothing seem matter everyone else far ahead finally felt like make up grind people around take off kid gloves theyd use around little bite share more their live realize how completely inadequate compare them how far behind really life,0,2,Low,High
well least there summer school,1,1,Medium,Medium
try venezuela its your communist utopia action,2,1,High,Medium
posttext dont bother part thats cross wasnt think clearly bother later part either dont know postposttext delete main account reposting alt because make nervous connect myself sorry,0,2,Low,High
feel attack exams next week,1,1,Medium,Medium
good thing find week before exam,1,1,Medium,Medium
work same company years as management years old never felt way feel think combination both depression burnout over active mind beat hell myself seem recently own worst enemy because really hard myself ive hard worker whole career recently feel nothing more give really really down thank share,1,2,Medium,High
im study final exams school decide whole future really nervous im work really hard hop enter med school outstanding grade god wish luck everyone stay safe ill make sure come back tell u how get into med school edit im grateful get into med school now im look comment get emotional because few months ago study high school subject now im study med school anatomy thx abao ur study sessions pomodoros help lot,0,0,Low,Low
ms cant control stress general emotions somebody please help manage accept any suggestion,1,1,Medium,Medium
prepare bad news case,1,1,Medium,Medium
watch cos tomorrow trial exam start worldwartrial,1,1,Medium,Medium
watch youre video friday mention panic attack go find some research learn more about look down computer see video,2,2,High,High
im our room watch some relax youtube videos try cheer myself up boyfriend want come weekend stuff energy high there think itll set off attack want bad help doesnt know how dont know how either,2,2,High,High
want add one more point here one critical oneself because cause anxiety itself one feel every time feel low self esteem ok everything gon na fine,2,2,High,High
feel bad about myself right now suppose study chemistry test tomorrow cant focus anxiety because fail chemistry rn,1,1,Medium,Medium
go hot tubsuanasteam room then take cold shower take restsit still mins wind up swim helpful routine as part exercise relax somedays im completely different person feel calm relax both physically emotionally after excercise,1,0,Medium,Low
best friend nearly years deal some anxiety around personal issue shes remember some things her childhood help her therapist try process heal dont live same area when get together about month ago fill some those issue about week later tell take break electronics order try process heal her therapist talk about while say put her phone airplane mode shed check few days shed check her email about once week,0,0,Low,Low
really like op go start something similar thank,2,0,High,Low
now regret find your account earlier ive never think study method really comfortable relax thank much make video keep fight,0,0,Low,Low
im study chemistry relax really like view dark light,0,0,Low,Low
introduce portaboobies boobies when need them,1,1,Medium,Medium
instead wait long turn heat consider buy room heater use one old apartment since stay room majority time suggestion case havent think nice video,0,0,Low,Low
thank give us kind music relax emotions keep calm while assignments exams come week feel relax feel like pass,0,0,Low,Low
think court rule release money them fake something,1,1,Medium,Medium
far best choice those study videos abaos videos help focus study which help brain calm give chill sound focus keep up good edit choice instrument music view as well which sometimes find myself star instead study because help chill,0,0,Low,Low
insightful mother senior citizen some trouble something like give official diagnosis often think shes breakdown unable put any other term video help lot,2,0,High,Low
know video years old im now find search up its year half now since ive struggle chronic anxiety stop many things life make feel light head dizzy like fall over time even feel like cant move legs arm things feel super heavy then next day feel fine try lexapro months honestly make worse want feel fine own im constant battle everyday cant take much longer suicidal some days feel like normal self others most days person dont recognize almost feel like something else wrong people around say its probably anxiety nobody feel feel,2,2,High,High
think navy blue really nice maybe target some more male demographic,0,1,Low,Medium
where guy go college,1,1,Medium,Medium
its happen twice happen when drink love him dearly want helpsupport him cry say hes sorry admit aggressive when drink im heartbroken dont know even consider domestic abuseviolence,2,2,High,High
hey video anxiety attack know two different video explain similarities differences between anxiety panic attack how deal anxiety attack make day,2,2,High,High
dad leave ever since dead beg god bring him back arm want see him mom happy hug each other its week already think commit suicide still depress cant talk mom since shell get mad abt talk abt get sad ive cry over over again blame myself lose dad hate myself want dad back,2,2,High,High
past saturday cold morning new york city watch your vlogs nami remind anything own thank hope wonderful weekend japan,0,0,Low,Low
know cheaperbetter items add please let know like minefield try find nonprime pantry items happily accept gift card grocery storerestaurant something another way assist where know sure its go towards food full disclosure active account months purely because use username primarily least months,0,0,Low,Low
funny enough mother why depression shes covert narcisist im scapegoat family abuse take huge toll develop social anxiety remember when around years old talkative make friends wherever go mever know understand happen why change become antisocial anxious person thats why dont get excitement mother day like other peer because mother never love never her im servant her need want extension herself ill never full blow human his own personal thoughts emotions,2,2,High,High
father one most notable family lawyers illinois work his case justine afford lawyer follow through her treatment ppd psychiatric evaluations physical home visit prove provide safe love home her child over year justine fight merely right even see her child shes issue skype visit,0,0,Low,Low
attempt suicide almost months ago obviously fail hurt all time entire life its hard especially since people dont deal simply dont understand furthermore cant things better now its still hard,2,2,High,High
dominick take some action god help those who help themselves meditation heal anxiety as reprogrames mind watch alternate nostril breathe meditation videos google minutes possible twice dayonce before sleep sit chair grind inhaleexhale slowly feel relaxation flow through your mind body negative thoughts reduce shyaaam sir mentor make meditation daily habit enjoy life,2,2,High,High
im ill leave home first time point see dad like collect things like our house look like episode hoarders yet fast forward months im transfer college closer home between travel able find job barely populate conservative town best interest key point change major veterinarian bio general psychology since hometown college didnt vet bio,0,2,Low,High
video full positive energy which encourage study more focus thank good luck,0,0,Low,Low
same here burnout four people work alone weeks end nonexistent boss toxic coworker bad payment find better job leave,2,1,High,Medium
after nine months able one hour focus study couldnt any longer though,0,0,Low,Low
thank small reward,0,0,Low,Low
watch year ago while inspire still continue stay up late weeks ago start sleep pm wake up its honestly better love quiet peace feel less anxious more motivate while still struggle convince myself stick new routine during exam get obgy post end tomorrow im sure ill make habit even during exams,0,1,Low,Medium
quite frankly him nonchalant about whole thing kind baffle trust her much trust his reaction lack one keep make think overreact read much into things see fred certainly think mess up even half conscious,0,2,Low,High
diagnose anxiety years ago really horrible episodes where sick about time last week really bad stomach bug now im worry about again its christmas next week dont wan na ruin day everyone ill wan na change wan na get over feel main worry bad day anxiety next day worser point where im ill im sit toilet worry right now try find videos how cope dont know its work overcome before sometimes havent respect everyone there same feel as youre alone youve get im give up believe myself still spark faith love all im go try ok improve myself,2,2,High,High
first depression about yrs after death our son husband ill mother nd surgery cancer return father sm heart attack sleep get down hrs day worst nightmare all go into hospital same time all die all go hosp sun night tues mom die father go home husband come home saw doctor depression parent think depress people weak discuss subject all like leprosy vd since then recurrences keep go see kind quiet psychiatrist some think much now talk openly about people need help condemnation,2,2,High,High
nobody talk about official exam stress,1,1,Medium,Medium
learn emma each time watch her videos work mental health field amaze,1,1,Medium,Medium
iiiif wake up then sleep hours full sleep need go sleep pm its possible school end pm,1,1,Medium,Medium
education people fuck school c student didnt pass your exams,1,1,Medium,Medium
dont want die feel nothing kill,2,2,High,High
dream keep tell as cut himself deeper deeper his arm then say im gon na all because deserve die then end dream keep hold down put knife against throat say how end yourself look into talk someone somewhat relate talk your friends about typically doesnt help thank listen,0,2,Low,High
its lexi dont care figure why stress stress deal resolve,1,1,Medium,Medium
make wan na try your routine week see learn take work thank content daniel,0,1,Low,Medium
really need bud thank lot lot love,0,0,Low,Low
its pain itll cause family thats stop its may successful kill myself its dont want feel way anymore actually want die,2,2,High,High
im stress cant sleep even im tire im worry future malaysia must know how fast matriks when come learn because one year im cry class im shake dont mood want die,1,2,Medium,High
give them much money,1,0,Medium,Low
witness panic attack classmate really heartbreaking watch educate myself now identify future students study teacher help them important lesson everyone watch hope anyone who get panic attack feel better get through,2,2,High,High
thank kati bring up fawn believe leave quite bite t need more attention tell fawn how deal stress want know more about thank your book as well,1,1,Medium,Medium
suffer anxiety find channel today try listen him his voice advice relieve,2,2,High,High
science test tomorrow soo m study chem,0,1,Low,Medium
need name review,1,1,Medium,Medium
people whit anxiety get watsup group talk about,2,2,High,High
cut yesterday parent book emergency appointment dr because anxiety depression bad function day day spend most time stick bed panic prescribe mg valium go alongside antidepressants take one within minutes go severe anxiety complete calmness well here come paranoia associate bad cannabis trip years ago freak,2,2,High,High
hi iama girl because thank all your videos thank again,0,0,Low,Low
as online student who struggle school alone amaze extra motivation study even though one really,0,0,Low,Low
link gofundme campaign url include video gofundme which explain whole situation think record better write down thank god bless,0,0,Low,Low
lmao imagine actual poor children third world countries go through myself come one someone get depress comment youtube boy life get harder older get doesnt get any easier year old,2,2,High,High
name scar there didnt want ball,0,1,Low,Medium
his refusal admit anything though worry part ongoing deceptioncheating when completely deny know anything about dont know feel like options get over itgive him benefit infinitesimal doubt leave him over infer deception guess mostly let go then every often remember about cant help wonder colossal idiot take ride tldr find okcupid profile husband deny know anything about,2,2,High,High
such satisfyingly nice longform vlog thank take us calm relax ride day your life vicariously feel more more accomplish watch hope youre feel healthy happy,0,0,Low,Low
want die dont want leave sister,2,2,High,High
turn procrastinate alot decide study night before suppose study right now luckily sister load help little dont pass atleast stop play soccer summer cant fail guy procrastinate like try study hard though teacher take all note class tell days before exam guess pretty well even get,1,1,Medium,Medium
how make all these techniques failsafe,1,0,Medium,Low
felt unmotivated decide romanticize study use playlist its work feel amaze,0,0,Low,Low
ban post about him now hes predator make sad now idk about anyone else,2,2,High,High
topic feel super complicate im glad cover connect lot stuff like ego intrinsic motivation feel like im barely keep up all think understand youre say bite about involvement tie together nicely,1,0,Medium,Low
college overrate because know welder plumber thats make k,2,1,High,Medium
love music much trouble focus keep accountable because really feel like study buddy currently last semester nurse school really help stay motivate wish find sooner hey better late never thank awesome content,0,0,Low,Low
want kill myself cause live disappointment people around best things still disappointment wasnt bear maybe happy without their picture,2,2,High,High
all guy ask bronie im understand hate,1,2,Medium,High
go some pretty bad school grow up nine them fact bully beat many time body cover scar stil neck problems when beat unconscious after homeless deliver pizza project where rob gunpoint several time wasnt anxiety constant vigilance wouldnt survive guess purpose life much different few months ago attack pit bull thing attack several time put er twice its get anxious cant sleep im afraid mow lawn take trash,1,2,Medium,High
go homeless soon reason cant stop roughly cash around possessions such as pc second pc headphones etc etc etc first thing aside find job get idea go hr gym rent storage unit want store belongings aside there anything guy recommend edit thank all your help give idea,0,0,Low,Low
man czech republic cant understand why name common his neck woods common elsewhere,1,2,Medium,High
claim because woman nobody believe im exactly sure herself when police come claim hit her flush cheek show fortunately police able put together actually happen base blood trail thank god sit when hit blood all around prove otherwise jail something didnt things escalate while second time arrest past months assault,0,0,Low,Low
im study chemistry rn use depress while im heal now its still hard focus homework try best even tho sometimes really want give up never these study vlogs help much keep go thank much,0,0,Low,Low
take some action god help those who help themselves meditation heal anxiety as reprogrames mind watch alternate nostril breathe meditation videos google minutes possible twice day sit chair grind inhaleexhale slowly feel relaxation flow through your mind body negative thoughts reduce shyaaam sir mentor make meditation daily habit enjoy life make deadline one month improve after daily meditataion,2,2,High,High
why feel like nobody know anxiety,2,2,High,High
own sleep issue cat sleep anywhere anytime brief most minute slot time know lean against wall fast asleep minute taxi ride boom,0,0,Low,Low
alone our store finish close after felt heart start pump loud fast then lay down bed felt somethings wrong something gon na go wrong tear start go down try relax myself because know myself theres nothing wrong while try relax all hear heart pump loud fast then all think rush thru head nothings clear tought everything life its like overthinking everything life panic attack heart start raise without even think anything start,2,2,High,High
best study video major medicine need keep go long hours thank lot,0,0,Low,Low
every minutes phone itself source stresswhy want yet another reason glue,1,2,Medium,High
thank your videos im argentina love japanese culture,0,0,Low,Low
cat both inside didnt stop brain work overtime even listen passersby say case find dead cat get bed look window hear sound doesnt sound normal example trailer back car bang boyfriend put kitten videos soothe all think about all go die how sad dont say anything put most convince smile go along,2,0,High,Low
im depress years try everything want accept depression as natural state,2,2,High,High
keep come back help study any subject enhance performance med school thank much make,0,0,Low,Low
hi dear friend thank your efforts thank your interest relax videos atmosphere your videos natural calm calm orderly kindi try give positive energy everyone like good luck dear friend,0,0,Low,Low
stream video since last year hasnt get old since its relax improve concentration level which help complete work without any problems love study while stream pomodoro videos piano bgm funny thing like whenever sit study stream video least one time many videos help achieve kind concentration level which help barely count one hand see how amaze thank much make video abao tokyo,0,0,Low,Low
cry when saw your comment realize life go thank much your warm heart good message,0,0,Low,Low
terrible study slump these days watch least help myself ever youre same situation move past study ace quiz exams ahead us im root goal study session airway clearance therapy remain lung expansion therapy return demonstration oxygen administration good luck everyone edit bad,0,0,Low,Low
currently study fourth year animal nutrition love study sessions dont comprise myself since discover channel worlds students join thank guy xx l,0,0,Low,Low
thank really need information go start use these tool manage stress,1,1,Medium,Medium
look mirror all see fat even though im smaller lot people secondly sister decide let ex who break up move her his new boyfriend intentionally tell brother tell about situation then say wouldnt upset didnt love him still im upset because still love him im upset because shes sister,2,0,High,Low
big test today felt anxious start cry everyone saw couldnt answer any question im sad right now,1,2,Medium,High
hear picture something about innocence make cringe,1,0,Medium,Low
hey there rassistance sure right place post here go im currently student intern sandia national labs work survey help improve our market outreach efforts many school recruit around country look current undergradgrad stem students youre stem student know stem students greatly appreciate help take pass along short survey as thank everyone who help take survey enter draw chance win one three amazon gcs,0,0,Low,Low
privilege see live recently lose two people suicide tear stream after hear dont want die want live forever powerful well jake,2,2,High,High
anyone else here obsess hide time wealth its like discover secret formula beat procrastination,1,1,Medium,Medium
ive study biology genetics exams daysi didnt even realise finish entire chapter much concentration vibe atmosphere create video really help thank much,0,0,Low,Low
some exam scopes utterly insane talk about chapters each slide sometimes its really inconvenient give such load stress anxiety avoidable exams its all hard work practice bring ease pray before write believe yourself go show paper who really run show,2,1,High,Medium
ive panic attack past three years never get better constantly go through life work wonder when next ones go strike sometimes wake up them start cry immediately because im panic like why ive get use them sometimes dont even react once work hand shake violently hardly hold anyting one around notice one anymore ive try medication nothing far work act like im fine mom,2,2,High,High
right mom literally never forgive bitch,0,1,Low,Medium
didnt hours hw day as stress take regular high school class aphonors class,1,1,Medium,Medium
mental breakdown few days ago video come up time thank,2,2,High,High
use his full title when introduce himself cause sweet,1,1,Medium,Medium
physical abuse wise dad beat several time never really understand abuse until long ago things like hit legs together seem like as hard as hit face as hard as threaten choke etc overall make feel pretty disassociate didnt really understand why though relationship parent become extremely hollow thing felt like obligation rather genuine parent as get older become increasingly mentally abusive top age dad find im trans look computer scream hour threaten hospitalize didnt know mental hospitals wont hospitalize people mightve end up try put into conversion therapy something around where mental health completely snap go into th grade hit age start become extremely suicidal think about hang myself school stab myself become much bear able openly trans beat feel edge non stop feel completely invalidate core who as person become morbidly depress stay way then,2,2,High,High
its good thank,0,0,Low,Low
good luck your exams,1,1,Medium,Medium
thank lovely video share yummy recipe xx,0,0,Low,Low
years depress start since covid come nowhere hat eat couldnt hang friends thinkin about wrong shouldve when try go sleep year later drug come into life take perc s grams paracetamol hook then start drink then find australian girl exact same as suicidal drug addict survive overdose perfect basically find life know couldnt date because us austrialia teens money travel love her much everything couldnt her then slowly stop texting then become more depress here guy friends stop close girl friends then stop texting maybe im curse maybe im something disgust people maybe something wrong its like im try find answer question cant find them cant cant anymore one here,2,2,High,High
think about brain like ship literally change life captain always there talk crew make ship run dont listen them go where once theyre happy captain come really take place everything take mind off anxiety tv youtube value video game etc all tie up gag crew never stop yell ship mean sit harbor your captain crew want whats best let them take place never think youd see,2,2,High,High
im gon na sit down cry now,2,1,High,Medium
hes one who manage anything positive game,0,1,Low,Medium
thank dude need hear,0,0,Low,Low
talk her there her important understand her there many things cause someone depress doesnt mean there wont ever way please urge her seek some help tell her how much care her because clearly please tell her see hear please get her necessary help need,2,2,High,High
ive literally make page google doc outline summerize most your videos ive watch cant wait ace sophomore year college,1,1,Medium,Medium
spend next few years extremely reckless impulsive home life never easy odd relationship most relatives except mom who probably reason why even stable day brother always see as golden child as problem child constantly sham extend family impulsive reckless which all know common sign ptsd adolescents think mom ashamed initial assault though able get help never allow tell anyone about lot extend family didnt even tell until last couple years leave strange dynamic know how feel about tell people story desperately want share finally meet husband who reason im even as successful as today,2,0,High,Low
exam today afternoon,1,1,Medium,Medium
think im one who struggle idea why im depress send virtual hug who survive until now,2,2,High,High
list maker as well find highlight few task plan day still give stress because still see all other task one things rewrite those few things then put full list sight,1,1,Medium,Medium
haha finish work homework hours straight still stuff doits due two hoursand im watch bc its stress outbut stress,1,1,Medium,Medium
last time know steal post other people wasnt rule,2,2,High,High
let adopt way release stress appreciate,1,1,Medium,Medium
people era maybe more appropriate say dont anxious about next hour next hour its own anxieties each hour enough trouble its own,1,2,Medium,High
cross fuck off its f all winter wisconsin,1,2,Medium,High
walk our dog valentine train her practice yoga valentine your pet room while yoga meditate etc really help because their energy calm your pet isnt calm full energy highly string youll find theyll become calm such calm environment its always something work together listen marisa peer help end love your voice advice love her hypnosis meditation videos her advice youve both help become better person skills help husband deal stress work thank lovely lady xx,1,0,Medium,Low
thank much write worde math exam thursday anxious scar now feel less nervous,1,1,Medium,Medium
guy go through tough time before year think gon na last whole life month until find keep things arent part your daily routine youll get over exercise keep yourself busy physical stuff like luandryroom clean exercise youre student like make routine keep yourself busy all dayif cant sleep then dont sleep day reboot your sleep cycle keep alarm pratice deep breathe listen mind relieve podcast cartoon whatever keep away overthinking youre anxiety attack breath breath its end mental pain real control ive through believe get find half youtube research half myself hope help guy lot love,2,2,High,High
great video thank share,0,0,Low,Low
overactive bladder because stress feel like make stress even more now its confirm,1,1,Medium,Medium
how embrace when panic anxiety drive highway difficult,2,2,High,High
snot slobber uncontrollable sadness about explain her back later night good wed bring her treat mom scoop her up coddle her like month old who cry because bite cranky,0,2,Low,High
ur cute thank,0,0,Low,Low
any videos relate financial stress,1,1,Medium,Medium
drop link where get your bright light thank,0,0,Low,Low
always make things clear,0,0,Low,Low
fair world especially politics kind shit show since,2,0,High,Low
go lately constant travel drive meet people demand cook clean wash im head burnout need say take time cant run empty,1,1,Medium,Medium
get lot anxiety feel like im stick problem dont know how get worry over things lot cry lot because anxiety when happen make feel worse helpless one understand feel pain one pull like im all alone,2,2,High,High
your video make motivate,0,0,Low,Low
thank dude its honestly hard distinguish because its felt like who long,2,2,High,High
meet girl work convention really hit off start date really move fast felt like true love sex awesome sweet few months start zero anything like use anything against ignore texts periods time our sex life go down,0,0,Low,Low
alright these word need these word logic solve procrastinate,1,1,Medium,Medium
thank share all detail keep post videos,0,0,Low,Low
exam anxiety lmao know all well back muscle tense during first biology test other day ugh,1,1,Medium,Medium
dont know why currently im anxiety attack without know reason its weird im unable make calm,2,2,High,High
thank much beautiful sound cosy place love your channel videos study productive deserve lot subscribers,0,0,Low,Low
ive two exams tomorrow struggle focus keep come your videos because help lot make your videos different everyone elses ambiance absolutely delightful view look forward message put up during break force look up book note thats one reason play these repeat thank abao im study literature two different aspects today one indian write english other modern age literature get little suffocate read much oppression injustice ambiance keep sane today hope everyone else thats study appreciate yourselves hang there im proud yall,0,0,Low,Low
people who suffer anxiety every day suffer anxiety whole life now fine thank indian ayurveda because accord ayurveda mental health issue like anxiety dipression realted vaat dosha gas bloat people who dry skin like nose get block dry air weather vaat prakiti their body nature need put some ghee clarify butter some nice oil drop both nostrils its moturise their whole skull face head definitely relief ur anxiety dipression nd u problems gas bloat hopefully everyone get better love india,2,2,High,High
shoot darn win again,1,1,Medium,Medium
like comeback tho,1,1,Medium,Medium
wow atmosphere absolutely fantastic calm jazz view somehow make feel like ill study better im get great energy right morning,0,0,Low,Low
thank much kati love prrsonal examples make listener more engage listen,1,1,Medium,Medium
honestly quadriga pretty decent cant fault them bank struggle thats how canadian bank towards space,1,0,Medium,Low
glad those underprivileged west loop kid finally something nice take advantage,2,0,High,Low
dont know how tell parent about some thoughts ive think im lazy say your dramatic your lazy make yourself food your hungry im try starve myself appetite then feel hungry im shake im lazy dramatic want alone because when talk regret want help idk im kid,2,2,High,High
soothe neat tidy which city,0,0,Low,Low
heart go those people who suffer anxiety couldnt afford therapy,2,2,High,High
exams next weeks wish luck pls,1,1,Medium,Medium
everything normal until covid anxiety couldnt walk without mask public college make sick now whenever think remove mask college get anxious about people think about face how react,2,2,High,High
answer million dollar question everyone how happen someone who outearns her abuser factor wish people talk more about other side financial abuse hear all about men who financially abuse their partner prohibit them job deny them access bank account sort thing theres side where monitor every account become completely terrify their higher earn partner much as buy one cup coffee didnt approve spend all her money random crap pass off as household expense,0,0,Low,Low
discover study long periods without these clip thank these videos,0,0,Low,Low
tw physical abuse dad scream today start cry fear course household cry allow hence physically hit try cover mouth which lead hit him back defense gum end up bleed dont think anyone else concern about how feel think overreact stuff,2,2,High,High
know gay humiliation try bring up dad say wouldnt care his son fudge packer nor care bout son anymore then speak bishop church tell him about possibly gay dad back room another man never meet wa sit next him ask ever any gay encounter,2,2,High,High
problems much study family expectations want become doctor dont passion actually want become dancer singer because im good both cant because famuly strict asians,1,0,Medium,Low
thank day get better medicine take alprazolam go store try find dress upcoming wed party luck dress room lady rude as hell first time didnt really put up,0,0,Low,Low
im about get exams week presentation week write test major exams get into highschool im desperate tip,1,1,Medium,Medium
recommend perfect time try distinguish burn depress recently discontinue antidepressants guidance doctor feel present again believe ive experience burnout,1,1,Medium,Medium
dont know how mention without seem like mulder edit clearly need talk her about couple examples mind drive point home mainly first night introduce everyone house warm go,0,2,Low,High
great talk anxiety normal feel s red flag signal something important handle resolve trigers fear worry hence s best face head any situation which potential cause worry fear procrastinate ignore important task braveetc,2,2,High,High
tell man get anxiety attack ask inappropriate question ask tie down bed when get way use regular panic attack years like say happen after calm panic two weeks when teenager think hopeless case now consider myself recover woman panic disorder always worst problem hard around people fear act public feel like really understand work job thirty years sometimes incredibly uncomfortable horrible emotions work coworker say problem emotions,2,2,High,High
trouble begin when confront her about withdraw large frequent amount cash her account ask her spend all money when wasnt pay siblings ask her year old sisters dad number bring up her spend child support money receive sister refuse give his number since then even talk her even tell take sister brother because say money pay back mention anything about spend them say need see receipt when ask buy anything them show receipt say course dont keep them,2,0,High,Low
ive find severe sleep apnea use cpap machine think burnout probably sleep apnea contribute significantly physical disability chronic pain im always mask other people dont feel alienate its exhaust few people understand,1,1,Medium,Medium
interest person,0,0,Low,Low
saaaaame its worst when oral exam cant speak because run breath,1,1,Medium,Medium
mental health nonexistent household dad dismiss as nothing tell these materialistic things grateful im nothing make happy anymore its hard school mental toll put students absolutely ridiculous cant even motivate work procrastinate constantly hurt much know cant fix its like im limit own potential,2,2,High,High
think these study videos help lot because know somebody else work get good education get work make moivtated yourself help study up come history exam pass order move next grade thank,0,0,Low,Low
its sad yes zero,2,1,High,Medium
amaze how strong neurotypical bias youtube mental health videos id take misogyny freud over any day,1,1,Medium,Medium
keep repeat while study exam calm down thank much btwim glad share pass discipline agile senior scrum master exam,0,0,Low,Low
mine more anxiety base hell weeks last night breakthrough moment where anxiety subside normal thoughts emotions start come back happy feel fragile like ive through massive trauma step right direction,2,2,High,High
thank need hear,0,0,Low,Low
hit decline button opt meet tell them youre busy work deadline,1,1,Medium,Medium
dr jubbal enrol class easily get overwhelm class month semester wonder feel stress,1,1,Medium,Medium
exams week,1,1,Medium,Medium
yeah either mobile same enough internet thoroughly disappoint,0,1,Low,Medium
aw thank indeed great help,0,0,Low,Low
edit complete congrats username ill pm about ship really hard read all reply wish help more people hear break everyone share their story here select winner felt like most unethical thing who weigh one persons suffrage against other,0,0,Low,Low
insurance get expensive test run confirm seizures when therapist suggest crystal heal leave go another one after over six different therapistspsychiatrists receive yet another diagnosis ptsd schizophrenia mania anxiety disorder depression meds work live small town where mental health access exhaust last therapist tell after one visit arent really equip deal people like,2,2,High,High
now six weeks ago ask contribute household great issue now suddenly happen space hour yesterday never discuss rent double boyfriends triple as full time student who pay every single bill herself include school pay amount now heres some backstory house go foreclose due one pay mortgage bfs mom sister insist want stay keep huge bedroom house refuse rent extra room help,2,0,High,Low
listen playlist study make feel like all pressure these days suddenly disappear thank all your good songs beautiful view abao,0,0,Low,Low
really need space homework thats perfectly fine best assuage her anxiety wed postpone another week another day either night before morning shed cancel visit again again again put little strain our relationship want see each other,0,0,Low,Low
saw them free concert campus good,0,1,Low,Medium
big hug back covid survive everyday think go die think last day months later im still here over come covid fully after weeks god worst anxietypanic attack now think go die watch videos see comment calm down few notch ive suffer off years feel crappy low im peace when sleep hope over come,2,2,High,High
etc etc etc brain take one little choice go back water blow up big spend minutes try figure end up freeze unable make any decision happen anyone else how deal,2,1,High,Medium
love video because nice view beautiful melody congratulation reach million view,0,0,Low,Low
im professor local university chile relate imposters syndrome gettingthelessonsready stress consume energies thank playlist exist,0,2,Low,High
society particular mock men when come emotions mental health its often people who act compassionate its often perpetrate women social media show how women tell men open up use against them later relationships its abuse thats another topic,2,2,High,High
nice time exam like hrs away,1,1,Medium,Medium
love baroque style as well all church ever saw mexico especially cathedrals simply amaze,2,0,High,Low
depression easy handle lead suicide gods mercy kind illness all people experience depressions some feel depress pretend depression use video use itspread help people where advice those who didnt know depression some people experience depression joke serious thing cant ignore,2,2,High,High
omg get classics exam ty,1,1,Medium,Medium
stay discipline limit distractions set aside time read comment study every minute count towards success keep focus goals stay motivate push forward achieve your dream good luck your journey success,0,0,Low,Low
anxiety believe come as child abuse mentally physically bull ever feel good about myself,2,2,High,High
dont know much about graphic design tell one big thing bet different software engineer doesnt make tangible thing dont make picture make process things teach robot how process achieve someone else want amount work require highly unpredictable its like principal school change school curriculums criteria weeks before end year now teach students how everything need meet new curriculum then students grade become teachers grade teacher software developer now student robot fully logical robot really stupid human standpoint need full explanation every tiny detail never go home figure anything its own teacher must walk robot through every tiny detail make robot mathematically impossible instead dont understand why cant tell next hours free your schedule go take while explain,1,1,Medium,Medium
thank try look into possible cause,2,0,High,Low
im both overwhelm scar safety,1,1,Medium,Medium
actually more fear wont able sleep exam actual stress about exam all exams since childhood ive sleep hrs due severe anxiety ive well dont worry stay calm exam centre thats key,2,1,High,Medium
different other occasion such as peopleobjects remind moreless extreme etc hope question dont come across as confuse like last one isnt bland survey feel free comment anything outside ask think might important character im write again mods isnt appropriate let know andor point better sub,0,1,Low,Medium
u idea how much appreciate add celicius temperature,0,0,Low,Low
love appropriate football nowagain,0,1,Low,Medium
ive struggle depression years feel dont anything live dont want die feel nobody care live dead,2,2,High,High
hello massive anxiety attack over feel nauseate hate stomach flu its phobia mine even meds dont take anxiety away completely dont even help lot honestly celexa medication where dont get side effect sometimes even clognezapan kick when im panic attack work focus all im scar hate nausea hate,2,2,High,High
thats why need much sleep plus pot thank much information actually genuinely female life change,0,2,Low,High
some ways handle more average person who hasnt go though such trauma sometimes its hard remember though when youre break down over some otherwise harmless feedback im tire people misunderstand im tire feel weak break im tire,2,2,High,High
same omg especially when im go sleep im stress idk about like always think im sick idk,2,1,High,Medium
hello first time post here im entirely sure protocol requirements say rent due three weeks im worry wont make time im here explore options see assistance any get make next month share apartment brother denver who somewhat stable job able pay his rent,2,0,High,Low
save one most useful guess im less overwhelm because all ways which challenge myself actively like challenge myself even more,1,1,Medium,Medium
im sorry hear might want listen interview few weeks ago woman name penny gray podcast selfwork podcast talk openly about her husband suicide,2,2,High,High
breakdown happen when get kidney stone while forcibly promote position didnt want deal year old injury wouldnt heal give up everyone lean into medical help best choice life find psychiatrist find im mentally disable then get worse might dead hadnt break down cry work day,2,2,High,High
study science exam hope get,0,0,Low,Low
mugi ruffy dont know help usually think homework nonstop minutes go home school as soon as get home walk around house until feel like think walk prepare yourself task constantly think make eager finish hope help good luck,1,1,Medium,Medium
ive always anxiety feel overwhelm these past couple days moment ive sit bed try video thatll take about minutes record playstation re over over again something dont much ill run around game try focus different things ive about two hours couldnt even eat dinner now two video ideas need decide scrap one ive try now currently game menu anxious even start focus,2,2,High,High
dont feel overwhelm much feel when things your control note cognify distinction change everything,1,1,Medium,Medium
im get kick grandmothers house spur moment idea why refuse tell start throw things tell its safe there still car job afford question how legal its small car im doubt ill get much sleep anyways wouldnt want get wake up police tell move worse get impound something,2,2,High,High
realize now stress over year now recently really start hit feel like everything come attack mind constantly hard face now find video think face ot thank,1,2,Medium,High
worst feelings ever when anxiety depression feel like youre fake attention even though its true dont know its real anymore narcissistic parent feel like youre narcissistic one good parent like yours dont deserve bad child like even though non its your fault start question youre actually victim narcabuser your head hurt because confuse feelings thoughts want all stop one hear understand yourself hear your thoughts decide want end all finally rest these feelings thoughts stop hurt your head decide continue live because little hope leave hop maybe one day everything change go better dont know when wait suffer silence,2,2,High,High
hi thank accompany molecular biology study block reason why didnt chuck everything window its crazy how much motivate how because able see study as more annoy taskthank much hope your preparation go well,0,0,Low,Low
while interest idea id rather scepter more like dota upgrade passive andor signature card,1,1,Medium,Medium
play really loud music speaker get bad when throw live room table get kick least apartments point homeless wouldnt get job want get hold sign pan handle money didnt drive car live really fast say go kill us wreck car small wreck least ten time,2,2,High,High
atmosphere tokyo when rain remind weather thank make such good clip,0,0,Low,Low
suck book plane ticket next wednesday half ecstatic anxious half dread need figure how calm all anticipatory anxiety let myself enjoy relationship excitement lead up our trip even trip itself although feel like once im there ill fine same anxiety stop before let stop again anybody whos experience before tip strategies give help overcome tldr anxious about upcoming trip because im afraid trappedaway comfort home point where its affect other part life how get over anticipatory anxiety enjoy myself,2,2,High,High
see dont know doesnt feel like burnout feel like total stagnation feel like whats point wake up still want keep life because any one person thing because genuinely want see myself flourish im teenager dont job there arent any major stressors life idk anymore,1,2,Medium,High
im currently study first ever university exam about literary criticism im superscared im love music big problems procastinating thank video im superproductive good luck everyone study,0,0,Low,Low
always give advice someone breakdown dont know suffer,2,2,High,High
check dr norman barwin canada nasty old man catch use his own sperm fertility clinic work impregnate more few women who think their husband sperm use talk about reason breakdown guy brain got ta break some form narcissism itd interest hear analyze him,2,2,High,High
mind drop your work routine week feel like doable movements mins cardio sound like work easy implement daily routine thank,0,1,Low,Medium
one accuse name name rector as well,1,1,Medium,Medium
here because now im comfortable home work feel anxious once wake up last whole day,2,2,High,High
let say like person b f recently go date her person b f tell best friend tell his girlfriend who person bs best friend everything person cm our best friend as well other boyfriend discuss as group really tight friends mean everything person b doesnt want say anything confront other boyfriend tell friend c shrug off tldr us three guy friends three years now meet these girls about months ago,0,0,Low,Low
mental fortitude stress response stress test form such condition myself deal involuntary rush adrenaline your vision change your perception change different cue your muscle become like sinew still choice decision resolve,1,1,Medium,Medium
look people who interest project please reach interest please take photos use without permission however need help please call suicide hotline emergencies view project view website url want showcase photos thread share photos thread,0,2,Low,High
feel peaceful watch your video life go fast when slow down beauty appear,0,0,Low,Low
thank much able get lot more study usual because get tire procrastinate lot even think about study make tire video useful anyways hope all wonderful daynight get lot sleep d,0,0,Low,Low
why alexa play amaze grace lol,0,0,Low,Low
yes im suffer panic attack yet years ive berm go swim lane swim snice lockdown start totally change point cant swim big pool moment im small pool try deal situation find self,2,2,High,High
hate panic attack its scary,2,2,High,High
friend whose recently make homeless her family who house her while after break up long term serious relationship im immigrant here dont understand texas thousands ridiculous laws however want know how help friend receive month child support children currently student enrol summer because homeless situation otherwise her other income fafsa try all section facilities north texas area all tell us theres year wait list,0,2,Low,High
stress moment cant get any revision which add stress like cant get downward spiral,1,1,Medium,Medium
know want treat like human its easy others say need quit your job asap stand up yourself its like leave bad relationshipso full uncertainty tension please help im cling onto last bite hope,2,2,High,High
really bad sunday dredit progress something more nd income hold up end as well kid hope get over im tire,1,2,Medium,High
there solution every problem there desire determination relax life without anxiety sit chair back spine erect hand your lap palm upwards close your eye nothing still without move observe your breathe body sensations around minutes important as still as possible plenty thoughts come slowly negative thoughts reduce vanish slowly mind reprogrammed after days meditation slowly reduce medication twice daily as per your convenience once before sleep lifetransforming desire change best wish shyaaam sir counsellor,2,2,High,High
ive hear xanax similar except dont want risk die some other stuff cause couldnt obtain legally other options clarify im wits end need something get through certain days recognise risk addiction its longterm fix,2,1,High,Medium
these both beauties those big dark eye smile,0,0,Low,Low
ez clap kid try,1,1,Medium,Medium
hear friend streffie really help them daily stress,1,1,Medium,Medium
two years later andyet feel like im alone study because youre study here as well im study chemistry one biggest challenge im ok music really calm,0,0,Low,Low
maybe dont any drug lol,0,0,Low,Low
mean im stress long cause health problems,1,1,Medium,Medium
nervous breakdowns where punch self repeatedly head honestly think im beyond save ill never feel normal,2,2,High,High
thank please use stickied megathread all discussion submissions repost over there,2,0,High,Low
im gon na try keep as short as possible meet months ago instant chemistry fell love pretty quickly use talk all time about how surprise our feelings how never felt like before anyway month ago start call less still drive few hours come see communication between us see each other lacklustre im usually clingy use talk phone several time day turn into minute call,2,2,High,High
especially appreciate stories similar experience such hope everyones nice day tldr end up anxiety due relationship health anxiety now cant stop think about how might some terminal illness cancer because feel some weird tingle pain area didnt before even cough freak little alsoused suffer how dodid deal,2,2,High,High
remember people deal their own issue feelings wishful think hope maybe try give hope probably want give credit lot depress people cant even get bed shower live seminormal actually big accomplishment need honest people close about its whats best them your relationship,2,2,High,High
wow great speech great point view its exactly how overcome decades insomnia hope way approach anxiety other issue become more widespread,2,2,High,High
ive apply many other place over months use service like indeed monster such luck as yet whole issue leave feel angry when talk therapist about help however conversation tone man need after while simply let go anger im try disregard him ive hard time understand mean,2,0,High,Low
ways reduce stress anxiety wash dish god wish mom shouldnt see cus shell make wash dish whole day then,1,1,Medium,Medium
exams days ahh,1,1,Medium,Medium
watch when maths test tomorrow instead study lol,1,1,Medium,Medium
video come as recommendation click straightaway because feel depress because friend mine tell suffer depression first think its sad feelings feel sometimes her feelings different want understand difference between sadness depression isnt depression cause due sadness long time dont understand want help friend how,2,2,High,High
im kinda curious teachers ever experience stress boredom when their student days,1,1,Medium,Medium
mate one never same again before one lads popular girls love him knock police officer respect breakdown believe day design millennium dome conversations britney spear projector etc hes absolutely weird nobody speak him anymore as hes strange bark like dog his window all sort crazy stuff speak him up until other year stop beceause buy gf ring start weird around gf front eye weird mate,2,2,High,High
funny thing study much its insane fear incompetence dude know history begin end brag hyperfixate american history over over again long periods think bomb history exam badly because insanely insanely stress even think,1,1,Medium,Medium
people top understand software development all annoy give such unrealistic deadlines,1,1,Medium,Medium
thank love your channel good luck everybody,0,0,Low,Low
im study high school math trouble concentrate even minutes ever since online school start its first time try method im really enjoy thank much share beautiful scenery us all track beautiful,0,0,Low,Low
why men against,1,2,Medium,High
oh read fedora make her sweaty cant imagine head wear make someone moist hey theres something everyone,1,0,Medium,Low
literally good srsly never study hours row video make get new fan subscriber thank soooooo much abao,0,0,Low,Low
scenery magnificient as always thank abao vietnam,0,0,Low,Low
most people anxiety year old white girls their disorder their tiktok bio,2,2,High,High
really hope see another fighter like him fun watch fight machine killer instinct,2,0,High,Low
stop all nighters wont work every time im excellent student grade tell experience while prepare myself exam learn history all night long hour sleep go completly blank test felt like im retard because couldnt function properly forget simplest things learn during day day before exam get hours sleep,1,1,Medium,Medium
know around comment karma due lurk upvotingdownvoting more comment total reddit karma almost hope say something send even dollars let know pm paypal request link since thats way know get anything without big big charity site link really appreciate next paycheck even try pay some people back need none us really family ask because different reason sos parent disown her roommates mom distant disapprove alcoholi mother disable live disability yo brother aunts etc all stingy distant vehicle get any other food bank atm other one two roads away hour walk day wait,0,0,Low,Low
thank your explanation dr mark chronic stress cause persistent bodily pain panic attack onsets one doctor tell anxiety deny convince myself pain persistent all time whenever whatever include relax activities thank,2,2,High,High
manage stress theory autosuggestion subconscious mind,1,1,Medium,Medium
focus make good memories your family might help climb malaise because rough time andor survival mode those good memories thing keep go hopefully work,1,2,Medium,High
good meal routine want well school,1,1,Medium,Medium
felt like im study friend motivate,0,0,Low,Low
espectacular explicacin descubr que estoy con un feroz burnout,1,1,Medium,Medium
study science hav xam tom,0,0,Low,Low
school doesnt feel like prison because school prison,1,1,Medium,Medium
friendly person who enjoy speak interact people definitely more fair share helpget things enjoy help people share knowledge help novices quite extroverted without loud since happen ive become introvert dont particularly like anyone because unfortunately now tend focus bad side people attempt get past small talk,0,2,Low,High
work keep try force social one one little problem group set always issue especially loud environments cant hear properly because brain refuse focus one conversation try hear them all maintain focus group set really hard those boisterous chatty people who love hear themselves talk never shut up quite intimidate never feel like chance contribute conversation wind up stand there pretend watch use other people reactions as social cue wish accept mean back office worker let extroverts communicate clients im person want there try drum up new business depress part when management wont listen these things already know about myself let suck up go hehyay im go,1,2,Medium,High
psychedelic products solution bipolar depression anxiety any other mental relate issue,2,2,High,High
yesterday there something television about depression stuff dad sit next suddenly tell about how felt when age say depress suicidal thoughts ask ever felt like say inside say yes change free myself something dont know how describe,2,2,High,High
im love pomodoro study its relax help lot when study japanese,0,0,Low,Low
love spade,0,0,Low,Low
person go get stuff want right advice run marathons kill gym learn languages study degrees spare time finance scrupulous shape top quartile parent spouse im comfortable least visibly uncomfortable any company,0,0,Low,Low
lol valid question yes weve use bf gf terminology about months,0,0,Low,Low
exams next week wish luck guy,1,1,Medium,Medium
new man almost immediately move flat previously share her ex which find strange know alone perhaps because her trouble childhooddaddy issue later confess completely her mind period clear head never really end contact despite all hurt even meet her ex after months apart confess miss him cry since then things between them get complicate,0,2,Low,High
thank much abao,0,0,Low,Low
ao insanely helpful procrastinate insane amount essay due tomorrow hadnt even start any work thank finish didnt stress all through whole process truly amaze,0,0,Low,Low
hello student south korea always love music your music good study relax,0,0,Low,Low
dont want anxious draw class its suppose escape one place where want who choose instead its turn trigger anxiety refuse drop draw class ive already commit try artist kind artist doesnt take draw high school,2,1,High,Medium
kbcoop overcome your fear failure watch video once aspirant then subscribe channel know solutions problems come life aspirants,1,1,Medium,Medium
probably yes impossible say without detail try give bill his insurance,1,1,Medium,Medium
day day journal next journal purchase beautiful grey burgundy stun really look forward cove launch hop its available uk honestly brighten week make feel motivate xx,0,0,Low,Low
name jesus your panic attack go gods name,2,2,High,High
best idea come up use lazt petrol get somewhere atleazt half close work safe legal park up where canalso sleep use anti bactiral gel clean body wear hat all week work wait until friday anyone else any better advice id appriciate any suggestions thank,2,0,High,Low
take years get over severe panic anxiety disorder dont give up,2,2,High,High
look any advice how cope homless los angeles sort service there there help determine keep job however feel might able check come late again force spend weekend streets valid high school diploma as finish australia havent able secure ged due time limitations work everyday commute between compton glendale appreciate anybody take time read welcome any advice thank,2,0,High,Low
things hate people say diagnose depression stop cry youll fine its ok instead ask them say hey its ok im here come here cry all hey look lifes hard youll get through whenever im panic attack im cry sistershes parent cousin shes shes give really tight squeeze dog daisy moment shes train emotional support dog come room where ever move herself arm lick tear off face put her head chest get someones attention start panic much cant really breath own,2,2,High,High
anxiety whenever cry about something bring up many bad things happen past then cant hold burst into tear,2,2,High,High
then join few suport group online same problem happen again why problem because its attack trigger along other things relate event like see screen smoke smell people other such things traumatic event when force take friends when severely ill use nineoneone call instead eventually get help after pot butter pipe shove mouth wasnt good crowd back then,0,2,Low,High
ive depress long time more years up down last year really difficult ive always think leave world dont wont own because believe god god forbid us take our live thank god im really think about suicide lot these days dont even think about make more sad people who depress look fine its kill inside,2,2,High,High
quint system school right now test precalc class every tuesday kind like constant stress even weekend,1,1,Medium,Medium
suicidal thoughts while work island cut short come back home sad continue eddy reunite assume back together since seem when get drink literally switch back forth happy giggly want die hat himself,2,2,High,High
fact train pfp your yt funny idk why hope youre well after years comment,0,0,Low,Low
appreciate explanation anxiety your mix apples oranges get anxious day day stress good thing experience unbearable anxiety reseason your advice good normal anxiety people debilitate anxiety need more then pleasant music feel better even normal give anxiety good name isnt good thing people real problem,1,2,Medium,High
whst u about cripple anxiety accompany intense fear,2,2,High,High
get search up how stop depress,2,2,High,High
time felt exam anxiety before take drive test,1,1,Medium,Medium
want start write journal able understand write as medical student think write these journal help stick medical book class work want write instead think its helpful maybe after understand let thoughts one direction tell basically write your journel like your video find fascinate,0,0,Low,Low
one best explanations about panic attack suffer lot somehow take step improve live habit such as quit cigarettes smoke,2,2,High,High
say victims who survivied push fat person front shooter yeah really make fun bad ideas,1,1,Medium,Medium
study sciences ifineshed unit summary unit befor start,0,0,Low,Low
take lot less effort say fuck off buy your own,1,1,Medium,Medium
someone who breakdown watch really send them dude,2,2,High,High
dont panic attack when bier say shalom,2,2,High,High
week post about excite about go home summer reply super stoke come home summer winky emoji course reciprocate compliment etc question want little something her valentines day talk about month now,0,1,Low,Medium
its time encourage open dialogue about mental health more talk more break down stigma associate seek help,2,2,High,High
great speech show sign stress when speak absolutely nail,2,1,High,Medium
want kermit suicide,2,2,High,High
caffine addiction anxiety state,2,2,High,High
sad its child feel most,2,2,High,High
yeah happen comment section hope these people ok tds serious real,2,1,High,Medium
didnt understand why want get erection certainly didnt want him think around time its years relationship cousin isnt bad one as now remember all these things cause some distress even though doubt event qualify as abuse,2,2,High,High
last part really hit ibsanxiety flare up after years peace spiral ocd anxiety emetaphobia allow myself go down physical route again allow other people convince there something horribly wrong throw up yesterday morning three time before work old panic attack probably go e because think cancer something horribly wrong then lot scary test cameras traumatic place tell nothing wrong again go work push through felt awful hard intrusive thoughts all day about vomit clients head soil myself work those arnt even worst thoughts felt weak constantly fight off panic attack all day point im still here im still breathe trust terrible feel sit anxiety much better avoid trigger still sit different kind anxiety anyway all other intrusive thoughts come after youre pathetic people judge weak go forever panic attack kill vomit kill survive thrive dont fight believe another years ibs anxiety free passive observer instead active participant thank ted talk need,2,2,High,High
miss confetti cake,2,2,High,High
feel like some trust break know always prefer befriend girls im jealous type need some help how respond him how process whole scenario best way process emotional cheat past tldr f husband m years private chat give each other sexual advice female friend childhood friend hide years,2,2,High,High
torit wasnt easy st nd st time quit smoke pot finally stick make real difference about day quit mark when get motivate start exercise stop procrastinate hope find work please keep try until,1,0,Medium,Low
nice think even though tell mother never leave drink bar didnt cross mind there might something put drink push more intoxicate after start sip drink felt all alcohol hit felt drink say ive order uber us which think drop back home dont actually remember ride home uber pull up his apartment complex say come inside know youre hungry pizza think eat pizza good idea after alcohol follow him inside,0,0,Low,Low
wonderful never study without play background,0,0,Low,Low
as someone who go through school before internet exist yes weird creepy kid exist although more your face,1,1,Medium,Medium
begin see therapist start take some medication mood really try improve myself first medication try now believe make things like social anxiety worse recently find medication zoloft change life exercise go way connect old friends who like effort curb isolation etc,0,2,Low,High
regret learn proper stress relief habit grow up,1,1,Medium,Medium
thank wish u happy life ma g,0,2,Low,High
yeah ive study hours start tomorrow test each day feel like im gon na die,1,1,Medium,Medium
weird read papa name voice,0,1,Low,Medium
study pharmacology right now ive study both night early morningwhenever find time energy study havent find method work best yet hope find find effective strategy soon your videos really helpful,0,0,Low,Low
apparently go since day move together dont know tell her think since her husband good friend husband its kinda weird say leave him get dont want influence any decision make tell her tldr friends husband aggresive dont know tell her,2,2,High,High
im upset fact dont know whether upset make more upset realize theres something crazy privilege about whole thing parent want spend more money xpost rfirstworldproblems really absurd thing worry about sorry make read through thesis please let know because im really confuse sad tldr mom accuse value benefit earn money because dont like spend though get good job pretty much all ive focus,2,0,High,Low
think suicide several time im think im useless,2,2,High,High
name completely delusional shes extreme denial hear see want,1,0,Medium,Low
legitimately know anyone who survive feel like im even human any more as type im sob because its all fuck truly dishearten use person feel like ghost now there any step take all whatsoever start turn back into normalcy trap inside until either die claw way whatever hole ive fall into,2,2,High,High
go dealer get th weed go home few cities over toke up feel relief wash over finally home away crazy aryan brother didnt hear him until few days later call phone didnt pick up hes back shelter when go back its gon na awkward moral story dont help fellow homeless people rid even theyre go same direction,0,2,Low,High
name whats your opinion,1,1,Medium,Medium
im study get learners permit month video help concentrate work more any other video watch thank honestly,0,0,Low,Low
thank much your word give courage wonderful daynight never give up either,0,0,Low,Low
share home help watch one anothers children as best as get their work schedule mesh anyone ever see homeless family coop which work any way similar single father marry wife wont allow into country untill make enough income tie strategize best approach thank,0,0,Low,Low
u develop your mental muscle asstertive never say yes when want say stress affect your physical health visit good psychologist heal yourself your breath directly relate your mind brain cause negative thoughtsanxietystress relax life sit chair back erect hand lap palm upwards eye close still observe your natural incomingoutgoing breath entrance nostrils around minutes more as still as possible slowly negative thoughts reduce relax mind patience need during your daily activity keep observe your breath consciously above meditation daily feel relax positive affirmations minutes before sleep give quick relief best wish shyaaam sir counsellor,1,2,Medium,High
ive come back lot last year country canada collapse good leaders entire planet mislead media shitty economies evil corpo rat always put their hand demand more less all time thats good part world remind focus control give perspective thank dr k,1,1,Medium,Medium
im home im home time spend time online friends even then become issue faultily there days which spend whole day play buddies people interaction outside work anymore btw girlfriend work same place,0,1,Low,Medium
one yesterdaywhile car start feel overwhelm couldnt control,2,2,High,High
probably procrastinate prepare presentation stg shes point somehow,1,1,Medium,Medium
anyway kick stay friends rumpus room here over week now feel get slightly more uncomfortable everyone here longer stay problem though actually nicest room ever one disturb its great,0,2,Low,High
informative video feel better reduce negative thoughts overthinking your breathe closely relate brain mind give good relief stressanxiety relax sit chair lie down neck straight eye close observe sensations your incomingoutgoing breath entrance nostrils minutes more dont fight your thoughts daily practice mind relax deep breathe need observe your breath sensations when take walk before sleep college when read etc like make lifetime daily habit better life reduce negative social media take morning sunlight walk avoid constipation as affect mind instantly best wishescounsellor,1,2,Medium,High
thank much these everyone use these get through research dissertationsyoure almost there let get,0,0,Low,Low
videos help thank much anxiety takin toll life two small children want medicine cant fight help video,2,2,High,High
say half million time oilers pick name draft pick even didnt trade away,1,2,Medium,High
then when burnout complain those who arent development get people say why complain youre mint your job,1,1,Medium,Medium
always get stress science teacher someone laugh when another student get something wrong pronounce word wrongly somehow always warn all time shit fair another student laugh doesnt even give fuck someone say when where about go break warn again problem im fragile student lecture enough stress whole school day since teachers god damn stupid enough wont even listen prove your point feel someday get send principles office because god damn stress pressure thats push heres question teachers school there serious business why your ads always say guarantee your child full joy education go school yet u always lecture them say come here school fun huh honestly dont understand teachers anymore,1,1,Medium,Medium
people depress because theyve condition angry,2,2,High,High
love video relax,0,0,Low,Low
such peaceful immersive study session soft rain gentle piano pair quiet streets shinjuku create perfect backdrop deep focus everyone study today may rhythm rain help clear your mind may each session bring closer your goals youre better think,0,0,Low,Low
struggle lot study assignments help lot break between need cos cant concentrate long able share amount work within each min session helpful go super stress about submission excite submit time first time long time thank much,0,0,Low,Low
anxiety kick then heighten all fuck coffee drink work before meet start shake couldnt lift head up girlfriend step smoke tell her situation guy move away hot thank anxiety miss yet again another golden opportunity once get back our seat tell girl recently get close anxiety symptoms casually because point its thing tell people time wasnt fellow artist designer nurse instead say yeah yeah all get like ask further question,2,2,High,High
im depress im tire life deal awful hand difficult smile when things work hard keep end up crumble,2,2,High,High
problem talk about anxiety make extremely anxious because overthinking able see others talk about help much,2,2,High,High
im assume op female other person male,1,1,Medium,Medium
fast walk best exercise other exercise stress walk amazingi love bike there lot cars here where live ugh,1,1,Medium,Medium
dont think guy understand difference between stress severe panic disorder,2,2,High,High
stress cuz enough time homework cuz school mainly finish im asia tho fear disappoint parent insecurities anxiety all age,1,1,Medium,Medium
youve work much overtime lately pressure must immense youre strong person consider others lot take everything yourself know matter how strong someone appear still vulnerable time when youre tire take good rest hold yourself such high standards things definitely turn way expect take good care yourself its okay lack confidence thats how feel most naturally comfortably,1,0,Medium,Low
well theres pretty damn set picture there ace,0,1,Low,Medium
sound like ive take antidepressants burnout years,1,1,Medium,Medium
approach midterms pretty overwhelm finally write down all visualize workload beautiful music feel like productive study day today thank always keep us motivate,0,0,Low,Low
cant ptsd something as mild as happen even though pretty much all symptoms feel im lie myself probably want attention feel like huge fraud how even suppose heal when im probably make everything up im probably break im go get yell again new therapy place like last one because ill mute every session dont even know why tell myself because im ready talk about its over years since last case all crap minor its probably ashamed over all crap godknowswhy when barely anything happen because im try dont even know why im post probably beg more attention ive push last true friend away few days ago over fear therapy,2,2,High,High
ooo like its like hey anxiety try here youre worry im go pass while drive well appreciate your concern havent pass before unlikely happen time itll fine thank check,2,2,High,High
really appreciate video like soft music different part your day well ill wait next one,0,0,Low,Low
best soft sequel preboot spinoff movie better as several movies tv series best outrage over movie,0,0,Low,Low
hey tam love your videos sm please make video overanalyzing overcomplicating overthinking,1,1,Medium,Medium
recommend take medication as well cuz sometimes feel there way control anxiety,2,2,High,High
wow clothe line look amaze,0,0,Low,Low
top theyve now shut restaurant down two days week close three hours earlier every single day hours severely cut because im look another job moment all hard deal mentally im really worry about relapse anything stress anxiety sky high,2,2,High,High
thank much your videos great companion study first state exam,0,0,Low,Low
thank advance edit guy best now more solid foot how plan thank much any other advice welcome thank everyone who take time say something,0,0,Low,Low
diagnose major chronic depression treatment resistant currently down when talk doctor about more medication surprise instead usual suicide question ask any negative thoughts recently open conversation up completely,2,2,High,High
really like photo,0,0,Low,Low
well love when squad leader put order opponents start flag whole round while lose everything else,0,1,Low,Medium
besides relax music view feel know alone when study mean time one bother distract alone without any distractions same time make perfect bgm study,0,0,Low,Low
im parent thats job now sleep bail weekend how spot burnout depression parent,1,1,Medium,Medium
hi nice meet vietnam like your video,0,0,Low,Low
im feel bite defeat finally go dr begin last month about ppd anxiety workplace stressful marriage feel like its crumble because always argue dr prescribe zoloft really wish now journaled how make feel think back some nausea then start feel anxiety relief within week overall better mood few weeks last week work nights forget take zoloft four days row go into crisiswithdrawal start take again day three felt awful go walkin because dr away day prescribe paxil start mg then increase after week,2,2,High,High
oh thank online class give pressure much,1,1,Medium,Medium
ive leave light night both main room bedroom fear both physical emotional im jumpy work home feel like im see things everywhere little wave panic wash through all day im really find incredibly difficult right now need write guess,2,2,High,High
true life change point key anxiety deeply connect procrastinations take action way cure thank,2,2,High,High
literally felt like cry even sit exam because felt down feel motivate like now thank guy xxx,1,1,Medium,Medium
exams week next week like wish luck,1,1,Medium,Medium
without meds kinda unstable few months back stop take them end up break hand because real education except high school diploma wasnt smart enough finish community college as im useless math science thats all need finish general study degree all seem exist mean im burden anyone who try help right now im drag partner down need help figure stop burdensome useful purpose again dont really know anymore all leave try,2,2,High,High
start feel depression when because change level little guy without responsibility guy who there everyone whole world back watch success all cost now im still depress myself cant find way cant sleep properly cant enjoy cup coffee cigar cant find myself useful job barely get emotions nowadays feel depress all time experience ashamed situation family think suicide every single day dont know yet why here world theres lot things murderer head mind day after day after day nonsense point one help now feel lonely feelings still try smile hurt try people,2,2,High,High
think im experience burn edge stress nearly decade narcissistic abuse its go months far daughter need necessary task her myself any suggestions,1,1,Medium,Medium
inspire someone create something like others v nice feel,0,0,Low,Low
brazilian guy thank your support,0,0,Low,Low
totally forget bad,2,1,High,Medium
agree message such cringe video,1,0,Medium,Low
nbsp sar team crew techs go where nobody else go dave his team save mounties go where others simply cant arent train capable ignore their surroundings get job sar breed apart ask dave introduce sar tech show his story beside,0,2,Low,High
after take care heal self biggest concern again another poor woman already date someone new even younger already years younger him worry her once pass year date mark repeat pattern abuse as past wish there way least give women men chance know get into ahead time then let them make decision think person reform before get trap potentially abusive relationship make sick pattern abuse continue without any transparency wish there online database domestic abusers similar sex offenders,2,0,High,Low
year old male lb dog recently homeless washington state dog last remain thing when life normal refuse get ride her after companion years reason homeless car break work fast food because close home assign less hours high schoolers work hour shiftsi unable maintain apartment any drug abuse problems alcohol,2,0,High,Low
its really vicious cycle suffer anxiety disorder feel hopeless sometimes because even once im exams get anxious about next ones then ill feel same job interview then once get jobetc stop tell myself ill fine once im academic pressure instead focus treat root cause which isnt simple all hang there better time come,1,2,Medium,High
recently find these videos exist try few different channel yours definitely best thank much study buddy,0,0,Low,Low
nice get where rude get worse compliment mom sister as much as tell sister im proud her tell both them love them take care mom best im still their verbal punch bag every day tell mom love her look pretty etc etc end up her reply youre gon na fail year know right need your school work sister call naive immature make fun people interest look,2,0,High,Low
goldfish awesome pet cheaper replace fee d,0,1,Low,Medium
help physical symptoms such as palpatations elevate heart rate however still attack force lay down alone minutes more sometimes hours random pain all time arm leg chest stomach headaches etc constant health anxiety get one mild headache think meningitis brain tumor etc well checkup him today ask him about medicine use prn,2,2,High,High
say apply all rpolitics incident,1,0,Medium,Low
talk about light bulb moment didnt know fawn thing perfectly explain stress response why sometimes help others become such debilitate thing,1,1,Medium,Medium
open any sort help public talk comment talk dms offer transport shelter link any other place ask help nice happy talk another social media platform such as fb twitter discord look side information none other link sub look like suitable place ask sort help look rcouchsurfing problem travel glare,0,0,Low,Low
then call when anxiety attack last two days once awful,2,2,High,High
dont anyone borrow money need help come up ways create additional income asap love all there go through similar struggle get,0,0,Low,Low
how u depress dude plus everyone who family friends live good,2,2,High,High
anyones stress cus one c fuck upset because apparently parent see cs as fs teachers damn lazy when come grade,1,1,Medium,Medium
such good techniqueit help stay focus discipline myselfsometimes want keep study when break start remind myself take break some water snack even quick easy chore around room btw im study linguistics greek right now because im middle uni exams wish luck goodvibes,0,0,Low,Low
panic attack experience shake tremble feel like im choke ball throughly heart pound race really fast face get really hot hand freeze sweaty pin needle hand feet feel like im go die havent diagnose anxiety disorder mean one im scar mam dad dont understand im glad teachers help though serious though,2,2,High,High
set up go fund page today after learn about tragic accident change friend his familys live forever tyson own his own construction business where others work last week one his coworkers die heat stroke tysons front yard saturday june tyson car accident where roll his vehicle eject over brokenfractured bone internal bleed,0,2,Low,High
level stress try watch video about hop help then feel stress bye watch video think about how many things leave,1,1,Medium,Medium
thank take much your time create such warm beautiful place us relax during day music set right mood,0,0,Low,Low
one yrs old other now dad beat mom over course years as grow older turn violence onto see defend mom since call police one time find him choke her onto wall stop hurt her transition into beat now know guy may ask why continue allow abuse stop your mother before well answer mother love father much every time try contact police stop lot love towards mother anything her anyways back present longer live him anymore cut all tie him except brother,0,2,Low,High
lmao when younger get s pay attention class now im freshman high school four honor class cry joy every time get above,1,1,Medium,Medium
hate people say depress when really arent theyre try get attention,2,2,High,High
thank hapi hapi hapi hapi hapi hapi hapi hapi,0,0,Low,Low
id punt her another planet say about dog wtf wrong people,0,2,Low,High
recently post here try find help afford rent after pay transmission fix deplete little finally able save able afford rent cause overdraft about im ask cover overdraft negative balance give enough buy groceries next week include bag dog food send picture receipt money spend,0,0,Low,Low
specialize flight fawn constantly fawn around father emotional abuser walk eggshells now work everyone as flight well suffer depression anxiety when feel overwhelm go bed spend whole days take nap exhaust,1,1,Medium,Medium
disorder itself doesnt cause headaches headaches medication youre take anxiety experience neck strain migraines tension etc there lot other reason headaches see your doctor get work up,2,0,High,Low
sometimes feel calm after watch your video,0,0,Low,Low
president who sign fdr,1,1,Medium,Medium
useful im third week college im struggle lot time management im glad find video,1,1,Medium,Medium
nervous breakdown back narcissist andy call family pleasant plus people after like ex,2,2,High,High
once show disappointment when see get frustrate lay next hold ask need relax its become self perpetuate cycle im get panicky go drive wedge between us because start feel doesnt excite satisfy whatever before anyone ask pip all work,2,0,High,Low
tvanantwerp felt sometimes wonder im gaslighting myself like current job because dont want go through stressful process dev interview again,1,2,Medium,High
school system joke,1,1,Medium,Medium
hello like your videos tell activities during minute break thank,0,0,Low,Low
completely get marcos quite difficult realise theres much stuff learn itll okay need take one step time thank your support friend send lot love venezuela,0,0,Low,Low
drink kefir solve anxiety good act gut aka second brain microbiota promote mental health,2,2,High,High
hey thank u vido its really help surprise sudden end thank u again,0,0,Low,Low
physical copy preference clear mind relax eye,0,0,Low,Low
psychache more closely tie suicide depression real wakeup call especially its about diagnose depression understand deep emotional pain someone feel,2,2,High,High
love because read page book way thank help concentrate,0,0,Low,Low
kinda silent whole time havent speak since,1,0,Medium,Low
after years suffer finally realise need help anxiety reason appear manageable because constantly avoid any situation which may lead realise need job take week even think apply go first job interview end up panic attack outside place mascara all over face couldnt go book appointment doctor even make front door time before panic attack anxiety massive catch anxious reach help need become more anxious desperate as result until eventually even when shut off world all its trigger become unbearable,2,2,High,High
always come back video when wan na focus hard work study architecture hours relentless almost feel infinite really help concentrate thank,0,0,Low,Low
goddamn wink slay swoon hard,0,2,Low,High
without school youll get even more stress end,1,1,Medium,Medium
get paranoid panicky overthinking obsessive thoughts its bad thing keep go get better because think because im brain still grow,2,2,High,High
as aside really kind mess up when da call tell less week your abuser put final plea youd like attend please come least half day see happen talk therapist about already tell da want him see jail time years probation state mandate drug treatment isnt really awful as now theyll forever say because their addiction never take full responsibility their own action digress demand give face face apology therapist think might bad idea as its less year think lie tell hes sorry because ive request,0,2,Low,High
well put get thru together all us here your corner cheer take control our anxiety god bless,2,2,High,High
say hed never love us acknowledge play his daughter start after turn months use threaten take her away get delusional time yell im go off myself dont admit go call cop call manager mcdonalds asshole film say heres your daughter try off yourself really think im go kill myself reason,0,2,Low,High
its funny im stress about stress because really time stress doesnt fit hw schedule ya know yall,1,1,Medium,Medium
hip hop fall down far music general since s,0,0,Low,Low
feel like life fall apart because anxiety cant anything anymore everything overwhelm,2,2,High,High
watch video ironic because exam anxious about neuroanatomy worsen state lol bye,1,1,Medium,Medium
dont know its valid approach one thing try negativestressful situations begin give thank things thankful moment seem reframe mindset,1,0,Medium,Low
im super stressesd module rn,1,0,Medium,Low
rough few months few years ago diagnose ptsd after victim violent robbery cause few panic attack follow day two ultra high anxiety always subside last months order deal follow things,2,2,High,High
im cis woman your wardrobe sound like like ideal fall wardrobe,1,1,Medium,Medium
when get real piss r then r after lol,0,1,Low,Medium
love your videos please change sound alarm find bite abrupt break peacefulness study session trigger bite stress,0,0,Low,Low
super proud yourself super super proud absolutely strong brave above all awesome,0,0,Low,Low
want finish homework tire then get stress didnt blame yourself until spiral into pit im worthless why alive,2,1,High,Medium
quit serve money name fee,0,1,Low,Medium
ie dont know socialism strive,1,2,Medium,High
mel accurate describe overvelmness make totally unable finish any task keep implant head night before then morning come feel like brain stick move certain point stop cant move any further all plan end up garbage till next day next day same thing unbelievable brain ct scan schedule im kind panic its some screen access care result come fine except elevate cholesterol im retire try refresh memory folder when work like dog even think about now might look like all stress keep try explode years after retire wonder all unsolved stress relate events keep resurface now your podcast guests u invite such s fantastic eye openings all us function such toxic world look like there begin g worse yet come all best congratulations such great job pa,1,1,Medium,Medium
beautiful view definitely like live there alone myself coffee amaze video man always come back watch videos some weeks its beautiful,0,0,Low,Low
yeeesss let anger flow through,0,0,Low,Low
kind response its shit,2,1,High,Medium
im lose grandpa who because cancer kidney problems listen relive stress get rid bad memories other bad things thank make video,0,2,Low,High
theres massive overlap between software devs neurodivergents trauma employers employees longer make rational considerate decisions their prefrontal cortex make emotional amygdala decisions stick firefighting perpetuate vicious cycle both literal figurative tech debt management push down efficiency top emphasize maintain high workloads without understand downstream cost poor quality work as someone try fix now over ten years believe its lose battle need get tech industry as whole until mental health resources increase enough management finally change how business,1,1,Medium,Medium
cant afford buy new clothe even goodwill right now ive currently get two pair workout capris thats northeastern us get colder really use couple pair jeans some shirt nice pair black dress pant interview line up use fine as long as dont hole them,0,0,Low,Low
sound awesome practice id embarrass show up lol,2,0,High,Low
fully expect ask higher deposit due rental history past three years hard decide take bite cash ive stash rent storage truck move stuff asap get bite rent back plus deposit once store stuff,0,0,Low,Low
im take junior class three semesters away university graduation its get really intense your playlists help get through hours hours study know here next year while work thesis thats how much love these videos thank your hard work,0,0,Low,Low
name always go back dye hair whats up,1,1,Medium,Medium
know when type legal tender horrible feel go down rabbit hole,0,1,Low,Medium
back dad during lunch want say some word gf encourage her keep study doctorate say felt money issue dont let her take her down doctorates our country earn poorly get degree open doors work abroad land job love see dad didnt know well ive tell him plenty time figure forget time gfs mom doctorate gfs mom openly tell front didnt earn enough years study work everybody our country know doctorates dont earn enough money effort capacity dedication theyre require dohave when dad say those word nobody say anything didnt take as offensive,0,0,Low,Low
edit car doesnt job again get job after baby bear better off leech government may selfish against leech get every penny assistance until able otherwise,0,2,Low,High
thank watch your vlogs delight watch your makeup skills absolutely amaze please continue share your talent creativity hope youll lovely weekend,0,0,Low,Low
use openended question avoid make other person defensive want avoid argumentative responses best ask question invite them speak honestly how question style let them know want able figure some facts order reach solution consciously lower your voice,0,2,Low,High
depression like mind want die body want live statement pretty much sum up feel like depress imagine yourself struggle exist every single day maintain every aspects your life want give up kill yourself each second breath,2,2,High,High
hey guy ptsd years emotional abuse neglect narcissistic parent live their house again now due some financial hardships im constantly trigger experience intensify symptoms anyone any tip how deal situation feel completely trap need figure how manage these symptoms because theyre really get way function sorry lack detailemotion drain,2,2,High,High
dont remove source stress how work why bother calm moment when minutes later stress again because problem address,1,1,Medium,Medium
represent thoughts suicide as swirl dark void there something poetic symbolic about,2,2,High,High
all depress community im happy say month take microdose psycodelic mushroom im feel way better totally recommend ask more detail want cheer,2,2,High,High
wait till u enter college friend thats where real shit happen,1,1,Medium,Medium
interest call final exams hsc our country its th grade,1,1,Medium,Medium
somehow way better when stress nervous explain,1,1,Medium,Medium
suffer severe panic disorder wouldnt wish worst enemy take over entire life everyday night feel drain overthinking make myself scar reason its terrible miserable way live,2,2,High,High
meet guy about months ago meetup group use go drink every other weekend hed always come end up hook up few time when drink become sortof friends w benefit first time id anything like seem like natural flirter after while some personal stuff get way his life take break drinkingpartying etc,0,0,Low,Low
transit rapid until become bogged down stop every other block,1,1,Medium,Medium
im third year uni start diss now its due january im really struggle feelings dread anxiety dread wake up know work compare myself how much friends work when see them work fill dread guilt keep get point now where when try work freeze,2,2,High,High
finish study physics thank youu,0,0,Low,Low
really lovely end crappy mean im glad enjoy yourself get something,2,0,High,Low
thing symptoms uncomfortable ok literally vomit get chest pain when im anxious,2,2,High,High
haha appreciate never change,0,0,Low,Low
look im say agree them theres need asshole,1,2,Medium,High
biggest anxiety trigger loneliness trigger every day olivia great job here genuinely smile when hit ball many point,2,2,High,High
blank exam today couldnt remember shit minutes straight,1,1,Medium,Medium
else expect,1,1,Medium,Medium
experience still think anxiety cause claustrophobia other things like fear swim high level water,2,2,High,High
feel tire depress perhaps suicidal alonehundreds millions suffer worldwide god stand right next wait ask help give jesus chance watch your life flip better set free matthew come all who labor heavy lade give rest take yoke upon learn fgentle lowly heart find rest your souls yoke easy burden light,2,2,High,High
might upset name name go pick him apart,2,2,High,High
dont like our options off season,1,1,Medium,Medium
since become pregnant ive start panic attack,2,2,High,High
due your videos concentrate homework thank,0,0,Low,Low
really enjoy view feel like study facetoface togetherthank,0,0,Low,Low
normal feel vertigo normally sit while youre deal panic disorder as ive diagnose panic disorder im medications get heart test everything come normal im still confuse whether ive physical health issue psychological im stick use lively person ive change since start panic attack because happen anytime make life hell kindly anyone guide regard dont any physical activity because fear heart race fear go without parent around feel tire try stay bed whole day long im ive recently complete degree pharmd yet im unable job because pathetic disorder,2,2,High,High
dont worry about stupid people whatever want screw them kind people,0,2,Low,High
its tough navigate mental health landscape especially when insurance complicate things hope find therapist who suit your need soon,1,2,Medium,High
graduate high school finally free dammit now remember get into college congrats even more stress yess finally college over university job dammit more stress again,1,1,Medium,Medium
almost make cry cuz havent felt like since think game changer cry register need someone tell cry lol didnt even notice,2,2,High,High
love study abao beautiful tracklist access rain sound version tho thank much everything greet argentina,0,0,Low,Low
barely get bed point ive miss school twice already stress honestly make want stop altogether,1,1,Medium,Medium
ive therapy go back soon now ive never practice harm reduction around self harmi need practical advice know because ive never felt control last night when hit myself tldr get drink last night destroy room hit myself head hard enough give myself welt first time adult life need advice self harm crap,2,2,High,High
thank much your support mean lot oh exam wasnt good bad idk guess its enough pass point,0,0,Low,Low
new session start get bombarted assignment even them forget submit them basically lose extra edit,1,1,Medium,Medium
explain how block all three spot dont think understand,1,1,Medium,Medium
hours werent enough twt thank tho,0,1,Low,Medium
when deal about sustainedworkstress situations try emdr pills anxiety depression under medical observation after all these years cop older get less prepare face stress feel tire already stress tire headnumbed dissatified,1,2,Medium,High
hi doctor anxiety attack hereditary dad them sisters brothers now year old children thank judy,2,2,High,High
wr rn as name,1,1,Medium,Medium
felt tension seriousness usually during lockdown drill things arent serious because high schoolers mess around because know nothing wrong drill different know all okay everyone safe atmosphere completely different,0,2,Low,High
buy membership yourself your friends easily buy ticket most game,1,0,Medium,Low
engineer beng experience same thing result matter end noone care how get there except other engineer course whether say weeks take days days work final result ability meet all deadlines all matter client your boss project scope begin redo design because architect want fancy new shop usually client request etc waste lot time otherwise spend better thats business set timelines along scope allow time additional scope essentially notice delay send scope change beyond certain manageable limit see trouble come let them know about dont sit vent your desk youre harm yourself,1,1,Medium,Medium
mate youre name wasnt us wouldnt even exist,0,1,Low,Medium
sooo happy know derivation one chpt guess whata day before exami forget,1,1,Medium,Medium
title pretty much say all want add all gory detail girlfriends family there lot hammy down there plethora clothe obscene amount things nobody need when want thing answer almost universally let ask mom first before buy life thus far dont really take other people things like pair jeans like more pant buy work other dont extra stuff like way,0,0,Low,Low
before school start skin get clear during summer week school start acne get bad,1,1,Medium,Medium
jesus love care about dearly know pain hurt weariness stress loneliness feel want know love dearly willingly give his life want know him personally know may hear meany time love personal level create know your worth all need love relationship feel love accept him as your beloved lord savior love stay strong cerose,2,2,High,High
through powerful spell dr cronus love spell who meet via facebook get depress anxious state,2,2,High,High
debate ten minutes didnt want open message completely violate her trust far wake her up which big decision because love sleep two test today know im asshole understand doesnt want go crazy while sleep yeah tell guy relationship who doesnt check relationship status facebook ffs thank him create shitstorm,0,0,Low,Low
open border mean honest question because may confuse mean,0,0,Low,Low
stay africa one month into program proud leave must horrible luck because experience two more horrific events while visit dar es salaamthings wont get into now take wellbutrin depression still feel myself flinch away people street scar follow watch positive note ive grow ton learn lot still kick ass world heres three years many more anniversaries,0,2,Low,High
study alongside help stay focus when need thank your videos these awesome,0,0,Low,Low
youve describe parent who happily marry years good dude,2,0,High,Low
explain better may know lot catholic school append catholic church usually all same campus area often link structurally least where grow up think school without associate church,0,1,Low,Medium
watch media consumption definitely help anxiety watch much news make feel helpless paranoid put into existential crisis daily focus one whats happen your town dont blame yourself things cant control dont feel guilty put yourself through anxiety spiral watch news daily youre selfish youre take care yourself,1,2,Medium,High
hi everyone few months now havent able get off mind abuser cousin who years older mef close brother father his dad wonderful person favorite uncle,0,0,Low,Low
work name name guess much name name,1,1,Medium,Medium
rain give tranquility beautiful give another type more comfortable calm climate make feel happy motivate prefer use solid stick umbrella because like close take everywhere share love nature natural sound enjoy lot life view shinjuku beautiful love see rain fall street windows thank much abao your videos inspire wish all give your best good luck everything,0,0,Low,Low
happen local odeon last night amount confuse face kinda funny watch,0,2,Low,High
love all good get rid these people already,0,0,Low,Low
thank u your videos helpful,0,0,Low,Low
hi abhay india anxiety fear,2,2,High,High
m excite break marriage restore recently make up even though difficult its more month now everything feel like its return normal heal process both us night mare last almost years before break up finally over its like fell love all over again ve both put past behind us try move forward_ first time long time future look alot brighteri cant express worlds how grateful dr uduebor revive its like ve finally rediscover those things about each other make us fall love first placeall worry stress simply vanish thank dr uduebor save break marriage bring husband back husband live together happily again all thank dr udueborif any problem hearth issue as well contact drudueborcom whatsapp,2,2,High,High
manushen subject study school follow igcse curriculum unfortunately school stressful reason why follow homework bully lack guidance certain teachers fear ask question class judgemental people lack sleep high expectations parent study almost all time get teach same old fashion subjectsi mean seriously there nothing unique about math english biology,1,1,Medium,Medium
lately some difficult days when study always watch your videos concentrate better enjoy lot make appreciate study moments much more thank much share new videos amaze view hope see more interest place beautiful view japangood luck everyone,0,0,Low,Low
relax love music calm think its better when u study like calm lofi music then like musik ur normal playlist bc normally know everysingle word songs playlist dont like concentrate much perceft think write little long im gon na say thanku again motivate while study,0,0,Low,Low
make feel more anxious look nerve,2,2,High,High
feel self employ help your burnout,1,1,Medium,Medium
age still anxious daily,1,2,Medium,High
visit dont stay,1,0,Medium,Low
okay ive diagnose adhd strange feel more focus regard passive challenge many active challenge make feel overwhelm,1,1,Medium,Medium
suggest start apologise before something harmless eg begin thread,0,0,Low,Low
last year prepare university entry exams something require great number hours dedicate study hard period life full stress pressure negative thoughts however your videos help study many hours straight almost daily even during time say couldnt keep go eventually make school dream life mental health much better now compare use year ago read abao please keep make videos like because youve help still help lot people cope difficult time like whoever read fully capable achieve everything dream never give up keep fight until end because get thank abao,0,0,Low,Low
thank really need read,0,0,Low,Low
ive use leave big toe write nobel peace prize thesis stockholm syndrome between students comment section their egos havent eat week because video fill soul thank much,0,0,Low,Low
depress throw away all ur medication stop take anything start go jog every morning push urself begin itll become routine morning jog produce dopamine other word u get ur happiness back naturally,2,2,High,High
hey fan india genuinely love your videos eagerly wait them listen watch u study hindi wan na ask u as like u learn hindi felt proud while watch u study our native language thank make such awesome videos us,0,0,Low,Low
once believe depress during teenager years precise dark period life couldnt muster up strength anything worthwhile study impossible worst part think persistant flow negative thoughts overwhelm destroy confidence second moment im good place life through therapy gain lot control flow thoughts dont control thoughts able dismiss negative argue against eventually positive opinions about myself,2,2,High,High
thank savioursmy mock exams begin soon,1,0,Medium,Low
honest really want school see share all school plz,1,1,Medium,Medium
ah didnt know term mean get bore all party terminology yes guess,2,2,High,High
school about learn when men run them now its feminize,1,1,Medium,Medium
ive recently figure im perfect mix smart ass sweet ladies love,0,0,Low,Low
lofi definenately one most trust calm study videos music its calm relax use able focus less hours now study hours straight without break long rest become much more focus motivate study after long school day still revise without feel super tire stress become super more organise like show appreciation god bless anyone read,0,0,Low,Low
really wan na try except family awake some reason wont let nun bc im student get free time off love video much your routine calm organize everything good,0,1,Low,Medium
still behind bill catch up now finally cheaper accommodation ive try everything earn some form income unfortunately ive able land part time job ive deem ineligible any welfare study assistance one last major hurdle tuition fee final semester overdue ive give extension until th august unfortunately still short run time as last resort ive set up gofundme,2,2,High,High
cant believe how much work get thank,0,0,Low,Low
think control myself forgive myself goals increase your anxiety again important thing accept outofcontrol self perfectionist self goalless self realize fact able accomplish task even state there boundary between normal anxiety anxiety disorder both natural physiological phenomena,2,2,High,High
im college now get high last night felt pretty sad im wreck think ive overcome all im feel alone again after trauma start isolate myself attach creative work get sense worth decline socially lot cant feel connect anyone past surface level,2,2,High,High
think bite issue come folks our profession want able flex their brain solve problems timelines change requirements pain experience most want create something great once follow up work isnt fulfil then youre either burn monotony youre burn try find next thing creative again its sine wave creative freedom where wavelength tend slow dip really demoralize all our own stenographers magically generate documentation doesnt miss actual context totality workload wouldnt as awful,1,1,Medium,Medium
its wholesome content questionable source,1,1,Medium,Medium
hes coward need ruin his life feel sorry him,0,2,Low,High
these type video help lot thank help,0,0,Low,Low
mom good emotional support dad sensitive touchyfeely whereas take something face value pick up subtleties think somewhat loveless marriage dad turn as emotional outlet some point early teens spend hours talk about lessons morality his suffer hand insensitiveclueless mom his love all things romantic sensual mix here there some kind pervy behavior,0,0,Low,Low
feel calm after video im love all scandinavian furniture products background give some extra dimension already great video,0,0,Low,Low
gon na write exam hours p,1,1,Medium,Medium
try find answer question over months story start when change while life man love believe him love move california israel since one who go take big step many concern yet always literally beg move here finally move here get marry after while find facebook message cheat all those time beg move him ask him about message lie about over hour,2,0,High,Low
thank god im depress yet its burnout thank video find right time,1,2,Medium,High
anxiety make people feel brokenso true once understand anxietyit important help one shift common non life threaten things cause anxiety its norm because most people know how subconscious program address source anxietythey believe exist forget rd grp people who learn self regulate emotions productively thry anxiety non life threaten thingswhich mean common activities things unfamiliar longer threat take several days see progressand free self short period time,2,2,High,High
im struggle see how mostly male issue women struggle all all all people burn forever graduate med school family schedule household chores finally hit wall during menopause where all collapse dx adhd whole time keep push myself more eventually ill finally learn how keep all together come poverty decide never give up try block ever increase distress then health issue hit energy plummet force address issue women more likely dx depression anxiety keep go because one else how hfd,1,1,Medium,Medium
want share because im proud myself there nothing wrong night shift arent easy some anxiety off zi able manage all own breathe mindfulness helpful little bite acceptance make sure blood sugar doesnt drop hasnt easy im almost finish line then go home sleep,0,2,Low,High
know about whole insecurity thing ive delt over year which roughly how long weve together senior high school freshman colllege spend lot time apart high school since together lot id say worse break up short while realize didnt actually want,0,1,Low,Medium
anxiety worst feel ever along sore throats worst,2,2,High,High
dont mind answer any warn sign lead up attack how old ask because pain freak lol pressure dont feel comfortable answer understand its rather personal,1,2,Medium,High
most mild dad use hit butt call love tap tell him hed say youll understand when older like say mild dont think constitute sex abuse absolutely uncomfortable boundaries cross hardcore tell dad want play football when tell try lingerie league instead mom use go clothe shop tell wear open back low cut shirt because thats boys like even though didnt want one night walk into room completely naked turn light wake up stand there about five second completely nude then turn light off,2,2,High,High
get new job wont get pay until th ive unemployed week now company work close after bill money already try get feet let go longterm job october help contribute sub when pay back reciprocate any way dont family ask help both parent decease siblings close aunts uncles,2,2,High,High
cheer your cake day,1,2,Medium,High
dont necessarily want come tell story hop someone bite im survivor psychological physical abuse as child abuser younger sisters dad im isnt old enough remember all our older sister go thru defend him much,2,0,High,Low
help wierd habbit never read whole time before exam hit overnight before exam fix mind dont know its disorder superhuman power,1,1,Medium,Medium
im cringe good luck your future after,2,0,High,Low
guess due pressure next time dont k,1,1,Medium,Medium
as get up end table bite dizzy take badminton racket jab twice abdomen attack end there as make way phone call where chase house before make call everything end there wait police arrive grab stuff leave safely property damage end glass which mangle pretty badly leave frame screw break frame fall nose rest warp police say unable anything because think fight back,2,2,High,High
therapy im medication its hard get through week without think him now cant stop picture his stupid face want crawl into hole cry scream suck even more because wont able see therapist week because th july holiday im shake up over,2,2,High,High
piano track calm like each every one enjoy study sessions thank abao,0,0,Low,Low
kates father angel all day long plan finally start sleep house again even come all go home put some crime drama marathon its little loud kate ask him mind turn down sofor about five minutes until shes room again then turn up louder previously,0,2,Low,High
meh let pms take heat project fail lol afraid point finger terrible management decisions,1,0,Medium,Low
yet again youtube algorithm know better know myself help d thank though actually make sense give little motivation,1,1,Medium,Medium
relatable like get home uni im motivate cook dish clean kitchen clean room assignments study then mother tell one those things suddenly lose all motivation anything,1,1,Medium,Medium
now its personal hurt lot more there nightmares where murder those dont hurt half as much as these wake up few nights ago scream because cry like idiot until realize wasnt real figure id rant here instead break hand heavy bag guy ever get extremely worry about your partner safety point where trigger,2,2,High,High
havent post here yet as everyone here probably experience ptsd one most isolate condition even as adult surround other adults school feel isolate its really disappoint other students class cant seem grasp concept ptsd people who arent veterans there fundamental lack understand result further alienation some reason dissociations sufferers who former military unacceptable,2,0,High,Low
get lot readings semester study home due covid once drive crazy cause couldnt focus over one hour video magically cure problem feel calm much easier concentrate assignments thank abao,0,0,Low,Low
there always exceptions model why most people depress because system teach them enough strive more buy more more already then their friends family dogpile onto them enough because teach wonder live prozac nation,2,2,High,High
tell address cafe watch many time like visit place few months during trip japan thank,0,0,Low,Low
think watch might save life ive plan kill myself treat wife daughter like theyre nothing because feel almost nothing anger pain things feel real try hard suppress them feel love joy happiness fulfilment any more weekend give ultimatum im go gp where suspect ill find im depress go get top now hope meet people space soon finally open honest without feel like defend myself,2,2,High,High
know pass panic attack harm hurt all im one atm about take something as soon as psychiatrist call back,2,2,High,High
keep japanese homework your videos thank,0,0,Low,Low
realize video movie right mention name,1,1,Medium,Medium
stay focus leave comment,0,1,Low,Medium
feel t right now all want sleep because make calm relax want mind stop because thats make anxious cant shut off feel good alone,2,2,High,High
thank love really appreciate your input,2,0,High,Low
because love lie there happiness world,2,2,High,High
look more like,1,1,Medium,Medium
another great time work much prefer physicial copy because always love love forever smell book old dusty book news book bookshop ebook reader since fews months because where live its difficult acces its expensive ebook goto library silly read when buy good book like encyclopedia book about art history photography thank your reward love first th th th its beautiful,0,0,Low,Low
hello thank all valuable content expertise share curious ashwagandha there particular form brand endorse moderate high stress work relate exercise eat well drink minimally drink per week perhaps cortisol belly relatively new test liver gullbladder kidney parasite sibo all negative start low fodmap diet which seem help round belly bloat still exist thank any insight,1,2,Medium,High
really enjoy thank lot,0,0,Low,Low
want say thank car accident your channel really help come back when feel extremely anxious edge great channel,1,2,Medium,High
two three more reoccurring dream cheat boyfriend real actually feel awful when wake up like actually happen ive spook when ive wake up because its actually felt like leave happen someone shed some light mean boyfriend female male relationship around months recently boyfriend go through tough stage ive carry huge amount guilt ive feel like im good person all,2,2,High,High
second didnt see t stack wonder how nvm,2,1,High,Medium
still dont quite understand how work active challenge choose different nature those passive challenge feel control practical side work despite its challenge daily problem solve constant needdesire update skills yet overwhelm admin side task give up even try access certain areas company database when change new email account mine wouldnt work keep get lock keep put off because time when staff get train tell none concern attend two months later opposite suddenly true,1,1,Medium,Medium
cant even watch full video because cry lot while watch feel like dont enough energy watch,2,2,High,High
however ive vaguely bring up before say want invest one day gut feel shes comfortable both pay rent lose money might feel weird one person benefit other person unfortunately im sure stance either live home move when invest own place im sure how tell her tldr friend want rent apartment together im get cold feet,0,2,Low,High
im watch because teacher give topic science write journalism about student stress,1,1,Medium,Medium
use during finals study alongside end up get average all exams thank motivate,0,0,Low,Low
thank abao love study music perfect super chill chillwcat,0,0,Low,Low
cant study without love smooth music thank everything,0,0,Low,Low
get upset call dog close door when come avoid first when confront him about lie sneak around defend say its fault im okay ive never okay feel like ive lead throughout entire relationship fact prioritize get high over comfort really hurt feelings im tire feel like plant more important then,2,2,High,High
anyway thats whats eat most right now everything show people matter treat myself like worst human ever sincerely hope all find help seek want know every single one most important person world love stranger want feel like mvp edit grammar miss word,0,2,Low,High
its nice watch your daily routine new friend,0,1,Low,Medium
never study always get as guy scrub live lol,1,0,Medium,Low
know where live go school moms ton debt because dad right now both them job dad longer work its gon na lot harder pay off go private school which cost lot how deal,2,1,High,Medium
soi know video year some reason never come across until now right now ive work while vertigo orwhat think vertigo after watch im sure several years ago debilitate anxiety go doctor think help put medication really seem say anxiety chronic take meds every day become anxious about take meds every day time like world implode something didnt after year two decide ya know whati dont want take these anymore wean off them face fear get permit get car everything great until slowly gradually come back now ive work now everything feel immense control until stumble across video always treat anxiety like enemy as something need deal get back normal ive always treat like illness ive read tons about try educate myself always go into process think its illness cure able x y z set another process thankyou thankyou much,2,2,High,High
instructions unclear clean house workload job rise further feel better,1,1,Medium,Medium
fell like label like genderfluid agender ect reinforce idea gender gender roles when try get rid completely,1,0,Medium,Low
write stuff down something emotional stress write down your thoughts journal its work write down your work help manage such as break down work into manageable task,1,1,Medium,Medium
dont want die sometimes wish id never bear all freddie mercury,2,2,High,High
thank feel much better feel like focus need win lol,1,0,Medium,Low
apparently doesnt work way dont drink drug anymore which didnt help keep safe all btw there nothing blur live all horror memories hate tldr hate myself life lead im ashamed didnt figure things different sooner,2,2,High,High
as someone who specific idea kind mom want actually relevant try force idea how feel act when didnt like think fail motherhood try harder fit certain mold until realize im bad mom different version then think its something still realise daily,1,1,Medium,Medium
days lead up test worst couldnt sleep nights row call sick work near panic attack unable eat much as felt like throw up before test hand shake heart race really state drive,2,2,High,High
now im cry again relate all these,2,2,High,High
happen first time admit stress depression never manic thank share video love job once become full time happy need learn how ignore stress thats work never give up always stay strong,1,1,Medium,Medium
really hope theres more cideos like soon relax inspire routine watch while youre already mu favorite vlogger jiji,0,0,Low,Low
oh gosh ever since go off klonopin last year medically prescribe medically advise go off think experience time blindness know term thank much research now,0,0,Low,Low
right feel more motivate,0,0,Low,Low
ohh help much thank cute message adorable productive vibes,0,0,Low,Low
ive watch every single video enjoy all them keep up thank content,0,2,Low,High
those some fine look pills,1,1,Medium,Medium
deserve stand ovation your quote gkchesterton thing worth worth badly come his wonderful book whats wrong world however present ted talk well indeed crystal clear inspire english teacher highschool italy see lot anxiety always try find ways help students get over fear make mistake completely understand definitely show video them when school start september thank much,2,0,High,Low
one time middle school nervous spell name madison garcia as madison gadison accident why never talk about middle school anymore,1,1,Medium,Medium
stop fight float chill tf lmao stop try control stop tryna run away when u feel panic anxiety attack come sit tf down enjoy ride lmao more u more u loss fear ur symptoms theyll start fade away one those people who think worst never gon na recover all symptoms anxiety all physical mental everything u get through u,2,2,High,High
yeah hope play against iu thatd huge loss,0,2,Low,High
tell school depress suggest drop,2,1,High,Medium
any problem blame didnt take his side during disagreement someone else get mad start insult eventually get relationship when end begin obsessively texting up time day talk family lie them about happen etc finally stop when threaten restrain order last time talk may,0,2,Low,High
lol one bed when name walk candle awkward,2,1,High,Medium
before happen good friends him admire him lot as child dont want ruin his life whenever meet him act normal happy when talk about him smile act normal sometimes feel like forgive him happen sometimes nightmares feel dirty think happen lot,2,2,High,High
math exam hrs,1,1,Medium,Medium
suffer mental health problem last time as well know how feel follow our step breath us hope our content help,1,2,Medium,High
try way many time still try explain feel nobody get why think im member community nobody understand im feel dont want kill myself want get rid feel as say want know happy again want remember who love feel like lose myself really dont love anything dont want anything because nothing life try time time things differently blame myself go like maybe dont enough things read book watch movie go walk hang friends get drink get high nothing feel same anymore nobody get feel like im watch tv through eye everybody seem different kind atmosphere feel like outsider when try explain nobody get dont want kill myself want get rid feel want live,2,2,High,High
anxiety make relationship harder both us thank video cant wait here more once free time help,2,2,High,High
butter yellow journal amaze,0,0,Low,Low
wake up sleep panic attack thats whats happen think,2,2,High,High
then short moment after fell asleep get quite lot text message least another dude want her sleep over im shit guy honestly dont think live long care about her want something back her pretty much live lose all fate interest things one get back these things beside these moments good time her aswell,0,0,Low,Low
im study calculus electrical engineer thank videos hope theyre gon na helpful good luck everyone,0,0,Low,Low
its minutes im still laugh,0,2,Low,High
many trigger trigger anxiety,2,2,High,High
get people collect gun as hobby america when saw immediately panic because when one abusive exes buy ar really close end our relationship things like take apart put back together over over again front keep load our bed ive terrify gun all kinds ever since cant even use staple gun new guy talk havent decide go date yet might go way something im panic about because past really concern,2,2,High,High
dont know world america name bless,1,1,Medium,Medium
act two days im usually comfortable exams because im naturally smart work slow sometimes need additional time now im take time test colleges gon na look worry im go work slow fail,1,1,Medium,Medium
throwaway because embarrass issue although everyone who know know im sorry long feel like one talk about need vent f cry over smallest things know shouldnt cry over always like even since little whenever get argument someone cry eat away,2,2,High,High
whos ib come here try control concern stress pressure score high complicate feelings pressure need study more hours day its challenge because hobbies want want quit everything pls god help live go school give signal god,1,1,Medium,Medium
yes above number provide hope its helpful,2,0,High,Low
sure definitely appreciate how focus quiet while study its great maintain her concentration even distractions like dance sing show her dedication her work her ability stay task keep up good work,0,0,Low,Low
about month two ago saw doctor about go anti anxiety med general anxiety disorder gad put lexapro ive never take ssri before find help tremendously other anxiety symptoms however globus still remain im wits here about how stop sensation anyone here experience there way treat,2,2,High,High
love your consistency inspire lot thank,0,0,Low,Low
nice how keep up your physique because dont show yourself eat often im curious eat through day besides pasty haha,0,0,Low,Low
actually make lol thank,2,0,High,Low
burnout evolve into depression mere think go back work cut into rr time its hard enjoy yourself any moment feel trap underpay overwork,1,2,Medium,High
hii make happy thank support love friend good luck your study sri lanka,0,0,Low,Low
watch ted website realize dont want feel way feel hopeless feel way b hard things connect world outside super valuable,2,2,High,High
thank need pm here uscurrently study us history while take note,0,0,Low,Low
youre depress these days theres something wrong,2,2,High,High
panic disorder anxiety disorder both choke life,2,2,High,High
these things seem dumb swear god didnt think theyd work therapist tell about them actually work stop feel rage stand straight your feet apart raise your arm as high as above your head put your hand together like people when theyre pray stretch as high as jump land floor bring your hand down between your legs hold position few second,0,0,Low,Low
as result total burn many months ago situation abuser come up between friend explain some stuff say overwhelm her hear never bring up again response her say nothing explain dont tell people why im situation because scar people its often retraumatizing when tell people their reaction either get scar shut down believe all her response lot people fd up things deal still stuff,2,2,High,High
hi always study video go visit japan think remebered street its crazy see where study beautiful side tokyo love your video thank,0,0,Low,Low
watch im still depress,2,2,High,High
its fairly common depression develop burnout,1,1,Medium,Medium
takeaway find some stuff your control then gain confidence must why video game make feel good since theyre design win although im sure agree part where passive challenge problems outweigh active ones overwhelm because passive problems always arise your control as stack up look many active challenge overwhelm time turn think good active challenge one where make think about anything else where your energy actually focus work something,1,1,Medium,Medium
your husband business tell his mother anything fact tremendous betrayal your trust may may know his mother response may conscious somewhere inside himself know how come knowledge hed tell his mother tell after fact tell her your presence either way cruel say after all his story wasnt one who depress im sorry go through experience especially after brave enough take medication which extremely frighten step take ask how know incredibly courageous,2,2,High,High
realize barbara jean thirty years as say literally hundreds people talk about suicide about feelings hate there its through talk about them begin change yes sometimes danger immediate few days crisis management treatment center call often its thank much comment,2,2,High,High
glad hear good luck more control then think,2,1,High,Medium
number way manage stress go college,1,1,Medium,Medium
there great example freeze movie split one character see stranger approach their car star horror while other two pleasant conversation assume approach person driver wait,1,1,Medium,Medium
know happen when make assumptions good point thank,2,0,High,Low
child get burn listen video think burn during childhood tell work hard school after school weekend always honeworks study when turn thoght sort awaken because start things like outside school now s think about those years really think depersonalyzed didnt time build personality all until exit oppress environment,1,1,Medium,Medium
accord sheriffs department right because help support household receive mail address thing idea fuck im go ive ask friends few family members avail help please edit fix things back together,0,2,Low,High
thank abao didnt give up exams study vid nowexam start hours later,0,0,Low,Low
why start study gender study dads rage mum earn more then him even though give him least half whilst affaris cause hell our household physically abuse her counsel since year junior school think years age because fight all night hadnt sleep sussed there something wrong continud until dad leave which dramatic itself anyway im read book call toxic parent basically advisers people confront their parent,0,0,Low,Low
look like youve never paris worst toilet uk cleaner paris,2,1,High,Medium
hey turn two weeks ago weekend boot parent house uncle nice enough let rent one his place after rent utilities gas get work dont anything leave over problem new place isnt furnish wasnt allow take anything house except clothe anyone help get furniture new place id greatly appreciate,0,1,Low,Medium
funny never,1,0,Medium,Low
comment who else stress like yeah why im here retard,1,1,Medium,Medium
dont feel like hes love question feelings him dont know im clingy cruel im overreact dont know numbness cause other stress life,2,2,High,High
our sex life biggest irritant as decline fairly rote occurrences when push several days row every couple weeks spend some time rdeadbedrooms last year take her first international trip alone when return seem distant cold eventually confront her about say grow apart,0,0,Low,Low
tw sexual abuse mention when sexually abuse regularly months result ptsd recently realise afterwards completely change how look go pretty normal look student short crop hair wear normal casual clothe weekend healthy all now over three years later look completely different im stick thin hair grow past shoulder wear black almost always clothe cover as much as possible heavy scar cover majority body messy facial hair grow feel like ive completely alter myself nobody tempt hurt again like im blame how look happen completely change seem like most sensible thing ive never hear anyone else before though normal,2,2,High,High
even silk something chafe fuck your sensitive part,1,2,Medium,High
hi brazil say felt relax watch video amaze how create common deep video dont know felt close as watch anyway love congrats,0,0,Low,Low
after few days start try make plan her hang go eat even its hour end up say almost all time im get where dont even ask because feel bad say lead feel lonely unwanted part doesnt feel fair ask something anytime basically drop everything go whatever want say yes literally every thing ask because cant help myself,2,2,High,High
person find video through another channel say stress kill anxiety never kill anyone might feel like nothing bad happen wont stress forever,1,1,Medium,Medium
as wrong since mental breakdown mental health disorder,2,2,High,High
same name even disappoint park rec newt gingrich cameo,0,2,Low,High
idontwannatalkaboutit its years wherever now hope all good hows your life find balance currently undergo stressful period,1,1,Medium,Medium
relief your stress watch eckhart tolle sadhguru videos,1,1,Medium,Medium
as man quite please hear,2,0,High,Low
destroy about them because black snake actually good thing around didnt want many them,1,1,Medium,Medium
disagree presentation medication isnt helpful without trial error medication wouldnt able function daily accept cant cure anxiety theres many other type anxiety besides social personally im sure anxiety disorderillness day however accept anxiety part life,2,2,High,High
as usually case stories read here ive hit bottom im last point before pitch tent field beg street corner pennies lot happen last month ill try pare down make sense then get number drama when say lot mean homeless since feb th make work theres wife our son m,2,0,High,Low
almost adv hu nh gn nh heartbeat n nhp p tim hold v cm nm cautious adj cn trng thn trng otherwise adv mt khc weird adj k l khng bnh thng huyn b come up v c ra xut xut hin n pound v p thnh thch tri tim gi p sweat v m hi dissociate v phn ra tch ra phn ly utterly adv hon ton ton b cc k defeat n tht bi v nh bi social adj c tnh x hi panic n hong lon v lm hong lon surround v bao quanh nauseous adj lm nn ma tanh ti scenario n kch bn disorder n s ba bi hn lon v lm hn lon mt trt t anxiety disorder n ri lon lo u wonder v phn vn ngc nhin kinh ngc keep together bnh tnh hold back km hm,2,1,High,Medium
peacelovejoyandhappiness stress relief mantra try once yesterday saw n yet now im feel much happy thank lot stress mantra warrior plus,1,1,Medium,Medium
ive some fuck shit happen im go into detail because im look sympathy today last day pay quit dont anyone help ive exhaust all other options apply loan pawn things etc need somehow come up pm,2,2,High,High
edit sure know mention,1,0,Medium,Low
everyone who scroll through comment during break nice break,0,0,Low,Low
per month lolllthats quite expensive hihi alsoo hi kara nice meet check your vlog good,0,0,Low,Low
dwell negativity quite easily easily impressionable brood tend express myself intensely people without realize give wrong impression because its natural intense quite compose most part chill its two part chill way express myself passionateintense way express myself come off wrong way without realize when think im normal people say im great person easily like dont realize sometimes how expression tone may come off people naturally give benefit doubt im passionate jealousy extreme cause question type use subtle ways get information appear as normal question because attachment issue fear loss there more explain get bare bottom issue after realize these habit,0,0,Low,Low
feel like im study friend motivate study them thank video now finally study economics without take break every two minutes,0,0,Low,Low
husband injure veteran pretty seriously injure iraq then again afghanistan muscle tear then spinal injury however injuries occur before meet when meet date eventually marry under influence vicodin oxycontin percocet,0,0,Low,Low
exactly ive go through since may ive never felt imbalanced entire life inconsistency real felt like ever happy live peace last night hard time fall asleep rack fear anxiety literally tire myself fall asleep exhaustion actually able sleep when sleep feel like dont get enough sleep all then wake up those dark thoughts immediately consume again whole cycle repeat ive try escape reality through book which help many years as may felt all joy find those things disappear leave outlet all now think about past mistake regret how much wish couldve go past stop myself certain things,2,2,High,High
contact decide wont talk each other least few months until ready talk maybe try friends say still care deeply love best wish easier get over isnt advice yall thank,0,0,Low,Low
think worst part her emotional abuse like fun make scar cry always put down like good enough ignore feel like sexually attract now use some shitty pretend touch between legs butt once try talk dad about say mom enough pull myself together feel like really seek help scar people wont take serious think exaggerate,2,2,High,High
thank u much cry much u help,2,2,High,High
like your attitude yeah youre awesome,1,0,Medium,Low
school allow those who usually really bad exam stressanxiety break exams whenever need,1,1,Medium,Medium
big one im currently unemployed as school pay department rehabilitation meet any income requirement even place overlook felony wont budge top off nobody who both able cosign ive try offer more up front avail,2,2,High,High
these past couple months worst anxiety get bad its effect sleep relationship ive become paranoid about health as well dont feel like anymore feel scar all time now over every little thing dont money see therapist either,2,2,High,High
dont go any place stress more,1,1,Medium,Medium
maybe now call burn bore call nervous breakdown back days since theyre all basically system crash overload accumulate stress,2,1,High,Medium
nice puffy tire eye look good keep work,0,0,Low,Low
age consent massachusetts unless theyre send nude picture hes anything illegal,1,1,Medium,Medium
even though break up dont know hes take seriously think ill come home well ok im tire treat like shit everyone life im strong enough take care myself fight back leave cant work cant even answer phone call because anxiety how suppose survive family doesnt understand mental issue cant get help them tell need start look job cant even say anything,2,2,High,High
explain why youre attract black men without make broad generalizations about their physical attribute personalities,1,1,Medium,Medium
guess im head back kitche,1,1,Medium,Medium
feel same way about most professions mention know doctor lawyers massive student depth barely make live stress work constantly really dream term money sparetime idea about go phd loose more then montly years maybe break even when im like way ill stick master,1,0,Medium,Low
shitposts hazardous your health,1,1,Medium,Medium
name since season even name comment s everytime sometimes up name insert herself into argument its her mo,1,2,Medium,High
heres mash kyrielight trailer,1,0,Medium,Low
describe symptoms friends say its normal thoughts their own its all head know wasnt normal im optimistic person im afraid people actually like socialize meet people anxiety get way fear judgment even know wasnt nervous body react way idk how describe wish go drink girls when guy come over wouldnt over analyze get nervous start twitch because all rush blood face deal years go live like then go bar meet up girlfriends arrive late once bar saw group guy sit them,2,2,High,High
im tire im exhaust mom say why r u tire dont anything,2,1,High,Medium
watch see depress feel like,2,2,High,High
tf our exam tom expect myself get all exams confident ill update days,1,1,Medium,Medium
true its like shes last girl earth something haha,0,0,Low,Low
extremely interest informative guess incorrectly refer previous bouts clinical depression as nervous breakdown when correct term major depression thank dr grande enjoy your videos,2,2,High,High
love interview podcast discuss mental health hear your story,1,1,Medium,Medium
first panic attack last night felt light head dizzy all dayand come night time heart palpitation them every odd day make panic start scare mei start shake couldnt catch breath like where people breath really fast mine feel like its go slowi felt like go faint mum take doctor tell fine check heart rate bloodthey tell really bad panic attack scary honestly think go die heart attack its next day now still feel light head think im over think breathe because happen night before im scar happen again,2,2,High,High
ive deal treatment resistant depression since child begin therapy over years try more medications possibly recall success last summer ketamine treatment centre come city become one first patients turn life around first time something work,0,2,Low,High
true lot people name,1,1,Medium,Medium
yes ive experience those emotions begin journey accept anxiety whenever youre try change something about yourself theres always go all kinds stuff try keep off your mission accept something thats actually your enemy anxiety suck never easy tell own personal experience im longer run away anxiety when feel attack go into write mode journal phone start today today today im feel moment focus im feel help get through attack take ashwagandha ltheanine natures bounty morning pm its over counter doesnt suppress anxiety actually help keep calm ease write actually help anxiety thats find something give joy use as tool get through those moments change your mindset anxiety itll change your life prayers blessings write anytime,2,2,High,High
name bake company one them,1,1,Medium,Medium
find today fabulous move office into fairly small room im work book spend most time computer research book im write im read walk dog dont even window office im rush some write deadlines havent even unbox all box room thank give new window world really appreciate create video give scenic view your city today your taste music fabulous love soft background piano music when im contemplative write mood when im readingresearching dog love thank much bless keep up id love see other place where study,0,0,Low,Low
im overwhelm look all options amazon anyone find something work them any ideas other subreddits redirect question saw spire many one star review customers whose device stop work one reason another im look something thats more reliable,0,1,Low,Medium
make anxious about anxious about anxious,2,2,High,High
its bite frustrate mental health system miss many people who struggle maybe theyre teach train well enough,2,1,High,Medium
first always use lofi songs after find your channel amaze soothe music use your songs little bite more lofu both all amaze,0,0,Low,Low
many thank peaceful heal music really help calm down concentrate work,0,0,Low,Low
reddit need some quick advice about situation encounter over weekend go home visit parent within time new neighbor move right next apartment complex come home work take nap then wake up childs scream cry right after hear smack as our units paper thin wall im pretty sure shouldnt announce myself call police angry think go next door go over pound their door,2,2,High,High
everyone love him tell best stories cook best food funny all friends think coolest person ever untreated bipolar disorder anyway back december hit her bad use object next day pass work her coworkers force her get medial attention go hospital her sister go meet her because mention minor live house social workers police get involve,0,0,Low,Low
ive think dont want die dont want feel like anymore,2,2,High,High
choice versus choice when choice then feel powerful when other people throw million challenge dont choice must find solutions them must work allow quit there way then become downward spiral wipe burn children grammar school give more choices wont feel powerless,1,1,Medium,Medium
hey abao want thank kind video because inspire study well feel like im alone while study thank,0,0,Low,Low
welp thanksgiving day get ruin massive panic attack last hours now massive headache exhaust cant stop pee sick shit,2,2,High,High
one flatmates start distance herself dont know ive never experience before as ive never really friendship close someone before use see each other multiple time day when both flat use spend load time each others room chill chat recently shes spend more time other people rather before today dont think saw her about week which crazy consider how close live under same roof,2,0,High,Low
rut anxiety disorder after weeks work time love message about badly kind oneself reflect mean job thank these cop resources mean lot,2,2,High,High
im relatively successful engineer master top university worldwide work amd first author publication im way above majority candidates still struggle interview process youre expect good anymore simultaneously expect exceptional somehow hurt ego your interviewer other profession expect take home assignments hr test interviewers dont even bother learn about put proctor exam solve ridiculously difficult algorithmic task which raw intelligence wouldnt suffice prep several months these question people even write entire book topic once still grind your ass off deal executives fomo bipolar disorder get fire suck because really computers im excellent use them man job market suck passion,1,1,Medium,Medium
together let offer prayer those struggle anxiety fear may gods peace which surpass all understand guard their hearts mind bring them tranquility renew faith,2,2,High,High
hey lena awesone add tracker into cove chronic illness health girlies know great something like thank continuous inspiration make us all feel like long distant friends,0,0,Low,Low
dont see how movie wouldnt get dull after about half hour then cut min,1,0,Medium,Low
imagine well see lot nervous breakdownadjustment disorder during pandemic,2,1,High,Medium
wonder about night ever get past night other nights like anyone ever ask okay forgive,2,2,High,High
today st february accidentally find video realise depression year didnt any idea about every symptoms like eat much make myself isolate almost year lose interest study cause fail st time life exam become more depress take almost another year fully recover now effortlessly happy good grade qualify few exams probably get high pay job soon usd per month approx depression like parasite eat your soul gradually didnt fight back recover,2,1,High,Medium
jenkkimie chain command who actually your boss cant them both who annual performance evals try call meet both them then rope hr support theyre evasive id document everything when ask why didnt x say well plan change y say didnt change y tell x say other pm tell instead refer them fix miscommunication must frustrate other pm undermine see how respond another possibility ask well happen other pm tell something different how recommend respond say ignore then when confront other pm id say hey your partner pm tell ignore im say conversation go exactly way script idea put social pressure them confront one another hash dont feel comfortable then id go hr advice thats literally why theyre there even theyre terribly helpful youre document everything when come serious meetings theyre ask why project x project y hasnt complete log all things try solve problem miscommunication youve cover your unless two pms own company there someone above them,1,2,Medium,High
video nice draw pet as side job wasnt feel like any art tonight turn get entire commission finish thank,0,0,Low,Low
heres some well wish stay up,0,0,Low,Low
first minutes video cause stress increase want know answer didnt want go over all trigger get trigger,1,2,Medium,High
im try grasp basics lacanian psychoanalysis foundations thesis thank study work hard im move rather slowly believe get there send love d,0,0,Low,Low
say great girl care him think love him however felt mostly intense passion say miss spiritual connection think its still soon him know after few days as group friends return home some more time road say even know happen must explore passion new girl happy happen say feel bite guilty cause its mostly passion feel girl seem really into him,0,0,Low,Low
eventually report texts as keep come recieved verbal backlash his friends live small community run into him his buddies all time then radio silence felt minor relief every day didnt hear him his friends after his second appearance court plead guilty charge utter threats assault shock,2,0,High,Low
sometimes vomit before exams,1,1,Medium,Medium
earlier day talk customer male who later ask number flatter as man absolutely gorgeous muscle must sculpt kratos himself alas wasnt able give as company policy little know pedo watch behind clothe rack soon pull aside front all coworkers retail section speak sternly say why your life mess up why everyone here think youre easy storm away later radio tell sell card after get card re fold everything womens section later texted tell expect movies night as let down team,0,2,Low,High
ill never forget first panic attack late night january felt weird sick pain something wasnt right try sleep after few minutes felt like couldnt breathe skin clammy felt weird feel detachment describe as feel like soul leave body straight up think die phone dead rush apartment drive moms house up road problem freshly snow lot car street cover start scrap snow off door bare hand climb afraid desperate didnt even notice how cold after sit down car realize snow street mention rest windows still hindrance time symptoms calm down realize wasnt die after all go inside look up symptoms there years ago ive plenty happy years between even though anxiety kick up notch again know overcome like before all jesus name,2,2,High,High
name go feed name wing friday feed name wing today nobody there fix stream,1,1,Medium,Medium
know im depress,2,2,High,High
muster up courage bite more uh public guess problems question feel free ask thank read post general hope excellent day why every letter capitalize post mods jaden smith,0,0,Low,Low
exam hours here release tension look other people tensions,1,1,Medium,Medium
love your videos study them lot save lot exams thank abao recommendation please change playlist every session because almost memorise all speechless musics change your playlist thats itthank good luck wait your new videos,0,0,Low,Low
yep theyll declare national emergency use army troop seize all plastic straw chick fil restuarants country,1,2,Medium,High
simple trick improve mental health remove your wisdom tooth,2,1,High,Medium
hi usually dont post any comment want let know love your videos as french law political science student motivate lot thank u d,0,0,Low,Low
younger during period abuse one thing im notice now cant wrap head around consent people tell couldnt possibly consent anything happen even ask didnt even know happen doesnt feel way paper get,0,2,Low,High
know might sound scary whats really help when feel onset panic attack ground myself picture myself float over impend emotions like wave stand your grind dont run away picture feet as theyre glue grind let all emotions their thing cause eventually go away remember panic attack uncomfortable dangerous,2,2,High,High
anxiety lately uncontrollable cant sleep when im terrify get up im eat well marriage suffer because struggle normal self when im around her im share as sort journal entry myself hope about year two find comment laugh how silly anxious mean time im learn how take life seriously best luck everyone else together,2,2,High,High
borrow worry something tend myself when challenge often overthink all step together same time as oppose simple step step approach therefore put all pressure myself unnecessary happen though rathe nervous breakdown get adjustment disorder procrastinate when im think something as overwhelm feat never begin process some people freak kind freeze thereby avoid problem start project whatever tend happen creative life mostly its annoy way haha,2,1,High,Medium
ive ptsd few years now come up decade as december last year ive undergo lot change best figure since ive find these things important fight against id share them here first thing first mention therapy youve get its go fuck hurt medication important need,0,0,Low,Low
long story short work call centre years vehicle breakdown service start able cope any more due combination things change management enough staff constantly expand customer base reward base whether your face fit rather actual demonstrable achievements etc unable relax after work constantly thinkingdreading go work get random mood swing about either intensely rageful want burst tear headaches go days time now regular occurence start manifest other physical ways unable sleep constantly weary lot more sickness usual,2,2,High,High
whole morning routine all wrong make much sense now why im grouchy every morning more caffinated coffee news st thing morning thank insight,1,2,Medium,High
pov youre watch cus want sure youre one stress all day,1,1,Medium,Medium
think whole ashamed your ethnicity such common thing among children immigrant parent especially here state remember grow up town where majority people hispaniclatin yet still bully relentlessly those who werent make grow such huge resentment towards side myself as get into teenage years point miss lot milestones culture regret much now learn undo all self hatred come bully learn about culture speak spanish outwardly friends family overall embrace side myself tell myself never ever let future children go through something like hope pray love accept themselves way didnt get needless say why social media specifically influencers like important children who grow up type environment may same culture similarshared experience see live freely authentically give hope hope understand how much inspiration truly grateful find your channel because how much heal able youre great continue support your journey until end,0,2,Low,High
ive struggle workbe employ ever since first job give anxiety years ago feel like now ive finally crack december manage work contract full time office weeks massive panic attack now im about part time job theyre sort job love kind want job where talk other people workplace find social mediacommunity manager gigs flexible work home job stay anxiety free set own hours control make more money work cafe restaurant,0,2,Low,High
honestly though cant anxious about shii doesnt matter,1,2,Medium,High
thank video know im late lol one thing exams usually math im year kinda think as another worksheet forget its exam treat as random classwork help lot,1,1,Medium,Medium
when stop make garbage take ill stop correct them,2,0,High,Low
actually want die want feel way anymore grind zero suicidal motives depression people depression dont want die want stop suffer see other way,2,2,High,High
live seizures about years now try remain well let alone successful lack support family medical community ive try move across country salem past couple months think better manage medical condition there thrive ive pay into house fall through begin nov im eat nonexistant bank account run ramp mind try figure all advice need please,2,2,High,High
cant stop ruminate thoughts about whole process cant stop ifs more keep blame myself beat myself up sometimes make physically sick any tip help alleviate pain stop thoughts,2,2,High,High
saw fan art once where name draw as name its funny cause theyre both favorite character persona jojo,0,1,Low,Medium
im use video study physiology exam helpful thank much,0,0,Low,Low
there lot sexual tension faze,1,1,Medium,Medium
medication side effect although these meds help people depression anxiety feel less sad hopeless numb your ability feel true happiness pleasure meds dont work well everyone hope youve find work best now,2,2,High,High
oh god feel relief take im ill its simple emotion your ways cop anxiety grip ill try use them its great pay attention thoughts full anxiety think normal person bad thoughts leave your mind adopt feel same next time,2,2,High,High
studyding literary theory thank company,0,2,Low,High
may ridiculous question feel like go pee way many time more average its start make insane want get mind think may psychological problem like anxiety symptom because when im home entire day its fine when im school any other public place get think suddenly go while im exam,2,2,High,High
fuck right colin white course mark stone,1,1,Medium,Medium
guess morning look like nice edition hehe,0,0,Low,Low
brilliant thank tim start listen midst yet another anxiety attack now calm understand now listen crew weve get ship sail,2,2,High,High
uncomfortable hed alleviate fear wed progress then something new again uncomfortable,2,2,High,High
how suppose react someone feel depress dont know say problem itll end soon,2,2,High,High
badly first time great now im anxious need well after first time still freeze,2,2,High,High
im still sure panic attack last night about go bed then suddenly start panic about strangest thing eventually calm down least minutes later never feel before shake breathe fast couldnt move panic attack please answer,2,2,High,High
thank much bcoz video concentrate well finish all hw,0,0,Low,Low
im gon na start work tomorrow im sooo stress,1,1,Medium,Medium
hope find him why didnt exchange number,2,2,High,High
well say wash dish help reduce stressanxiety umm find mop helpful reduce stress mindfully dont know why isnt there any research conduct myself conduct one when become psycatrist,1,1,Medium,Medium
make silly mistake exams topper make silly mistake when check them after exam feel ashamed myself even mom taunt these things dont think depress right now think route daydream habit make overconfident feel make useless most ambitious girl think due silly mistake those dream remain incomplete after two days there last board paper please wish best luck pray make such silly mistake again,2,2,High,High
understand ive figure feel lil better know others harder hope figure thats make depress feel better,2,2,High,High
post about month ago felt pretty defeat grateful receive anything all because one generous gentleman give back end month phone bill due tomorrow dwindle food gas rent approach soon im f months recovery im work part time focus recovery try find second job stop find myself money bind friends family ask money make literally since july work bath body work doordash since august rent phone bill car insurance which havent even pay month,2,0,High,Low
study videos helpful,0,0,Low,Low
omg where same im today read ur comment make fell like survive panic attack,2,2,High,High
interest fact once hear some people die desert water still bottle these people try conserve their water supply end up dehydrate themselves process laughable over few shots whiskey important note drink nearly all save little keep mouth moist after smoke find stay hydrate never feel like crap because water hadnt finish absorb into system remember folks when finish watch train find place plug wifi jam music,0,0,Low,Low
however because other couple share come under owe fianc plan keep their share forgive rest their debt try deposit check since all four our name tell all four us present get contact them obviously werent happy want keep their share way see because pay deposit first place money theirs,0,0,Low,Low
want learn booze seem make even more silent,0,1,Low,Medium
pyschgo change life now motivation clean room fold clothe ive take habit clean thank,1,1,Medium,Medium
im study sit two more weeks before next one its thanksgiving break right now im like hours day study watch through video twice day these videos nice make minutes go fast,0,0,Low,Low
its panic attack its come down afterwards take hours anyone else,2,2,High,High
ive suffer ptsd depression majority life far years old each year pass more understand accept people dont care about your mental health literally most act empathy understand disingenuous lack real effort understand dont necessarily completely blame individual sometimes wonder ordinary people even tool these things im talk about how describe something often indescribable someone who see experience something idk say however isolation kind pain most definitely hardest thing ive ever deal life its worse experience cause these things,2,2,High,High
same feel down felt smart all why other people get grade like when study when its dont study anymore,1,0,Medium,Low
im confuse why reposted sub im even more confuse why leave evidence show,0,1,Low,Medium
welcome ahhh thank youuu,0,0,Low,Low
when open up people always get depress,2,2,High,High
always think depression anxiety which include most symptoms mention video feel down all time like friends dont care about which make dont wan na make friends dont wan na lonely its like your feel everything same time which make hopeless like fr suicidal thoughts least once days cant go therapy cuz need parent bring there think its adolescence depression think im sad its normal sad like one understand why wan na live,2,2,High,High
userdog uh school still run mem mostly,1,1,Medium,Medium
paper flip sound peaceful ur house thank u motivate again,0,0,Low,Low
when guy say study find maybe link help,1,1,Medium,Medium
pls guy pls appreciate how much effort abao put into,0,0,Low,Low
about exams days lmao kms wish luck,1,1,Medium,Medium
think panic attack once worse,2,2,High,High
panic disorder since one better years because force myself into situations where know panic attack try act as normal as possible talk myself through now able get more things havent able need learn how talk yourself down get yourself there exposure best way get better,2,2,High,High
heyy lenaaa every time watch your videos feel motivate hope know how much inspire want learn cook countrys traditional food like appreciate culture im vietnam truly look forward your new journal launch love u girl,0,0,Low,Low
there another reason burnout behind deadlines company hire junior devs think say java his cv hes as good as year veteran half price make mess while develop when come time add new feature get bogged down quagmire their own creation,1,1,Medium,Medium
precisely hope youre able find strategies deal easier its really tough,2,2,High,High
rmadover sub general discussion mental health issue specifically over s age group group start because number people rmentalhealth express interest place talk about mental illness people who share commonality more mature years,0,2,Low,High
make sense see danger around every corner wish find place where isnt dark read story other day about someone who couldnt work anymore need home,2,2,High,High
endrit emerllahu lonliness real thing humans pack animals loneliness natural negative reaction around other people never tell someone get rid feel strong true as lonliness because its real feel lonliness cause multitudes health defect mental health issue most revolve around stress overuse sympathetic nervous system such chemicals like cortisol eventually after years lonliness body physical issue like heart disease artery problems advice find group chat online discord perhaps try make friends there may person theyre people talk its low effort occasionally get into chat room online as oppose make plan people leave house one your favorite creators discord instance its free join join,1,2,Medium,High
mental breakdown change brain way work worse much cant even finish undergrad,2,2,High,High
let bed breathe actually good thing though mins enough nice see some people know,0,1,Low,Medium
think id take long view good news least shes pregnant,2,1,High,Medium
calm down friend never give up,0,0,Low,Low
why look like their all wear gas mask,0,2,Low,High
tell him im use makeup contact stuff im cry yell yell shove broom face tell him im take all stuff bathroom now its shelve clear off now thing mine bathroom toothbrush tooth paste nbsp cant live like thisi cant here anymore,2,2,High,High
distance learn suck already struggle learn math school now through screen where cant get one one help im first test tomorrow even pass practice test,1,1,Medium,Medium
exam h stress since yesterday consume lot study material brain isnt brain anymore more scar result since first test one who get time havent study well due procrastination happy even least scar everyone think downfall grade since all impress score dont want take test still lot things revise cant make myself sit study anymore,2,1,High,Medium
cable usually get fr dollarama stock cheapest find different dollar store nothing less london drug source heres where get complicate bank account weird limbo right now dont know how much ask current balance about monthly service charge havent apply yet know im go overdraw service charge vary depend how many transactions dont know how much ill overdraw look over last months charge range,0,0,Low,Low
one friends use pop addy right before test when study always get better grade then study harder him consistently start beat him,1,1,Medium,Medium
become assertive take back your share power control over your life go get more mr nice guy,1,1,Medium,Medium
anxiety often exacerbate failure,2,1,High,Medium
thank mean lot,0,0,Low,Low
thank much really like time min study then min break great some other video lengthes like total pomodoros enjoy music which prefectly fit different need anyway thank your video,0,0,Low,Low
thats exactly way im feel right now all youtube symptoms panic attack come up every single thing especially know your feet legs everything say shes really good im gon na follow her,2,2,High,High
release stress anger doesnt always remove,1,1,Medium,Medium
thank get our math exam,1,1,Medium,Medium
update finally figure how im happy about its now pm take minutes half one task even more math gon na take hours everything go smooth ill ready german assignment about btw school star tomorrow because idk teachers think want us there earlier usual idk yeah maybe give up,1,1,Medium,Medium
such superficial talk anxiety disorder base trauma although believe companion towards yourself really important,2,2,High,High
hello supplement help treat panic attack,2,2,High,High
let say some gangsta mess your fly girl givem one these,1,1,Medium,Medium
perfect wish,0,0,Low,Low
ptsd manifest itself disassociation flashbacks panic attack general anxiety depression believe ptsd relate previous abusive relationship sexual assault traumatic childhood experience alcoholic parent look any advice relate these issue may help learn manage them currently see therapist go through cbt mediate regularly as well any suggestions resources greatly appreciate,2,0,High,Low
eat healthy diet week before exam two days eat snack months oh shit,1,1,Medium,Medium
us culture youre allow say youre depress when ask how youre expect require answer fine anything else meet hostility need become norm people honest about how really feel,2,2,High,High
yeah dont think abao tokyo read like learn play music r study abao tokyo one love like japan like abao tokyo thank much,0,0,Low,Low
look years younger since leave old trafford,1,0,Medium,Low
effexor xr doctor say its basically crap shoot different people react medication different ways still id love some first hand account its like these medications anyone share their experience,0,2,Low,High
grow up abusive family suffer whole life depression euphoric recall as get older euphoric recall natural cop mechanism sometimes really go overboard happy memories point where become psychotic obsession once get therapy start look life iswas ive go through question ive ever actually happy brain desperately try convince experience happiness as way survive try explain people impossible go through absolute worst during covid still dont like talk about question everything gods existence point existence as individual come close suicide more time ever before remember wish get covid die thats how bad mental health worst ever drink during time ive since get completely sober face life past sober its own challenge wonder sometimes when think back how survive,2,2,High,High
uplift similar experience wifes family thank share,2,0,High,Low
ravana v chill some people might find more difficult everyone different level understand some things might find easy others dont its different everybody besides wouldnt consider high school easy matter grade freshman year yes easier year high school doesnt mean easy especially freshmen,1,1,Medium,Medium
world wothout anxiety call xanax,2,2,High,High
use while practice problems math write note math exam keep focus tysm,0,0,Low,Low
thank god watch really though depress severely burnout,1,2,Medium,High
yes how many new character there checkmate atheists,1,1,Medium,Medium
even negatively impact more because cause relationship anxiety every time freak about travel start get intrusive thoughts like get there realize dont love him im attract him when send text make happy anxiety creep say im secretly force any positive feelings him know these link travel anxiety because pop up after ive moment freak think about travel whenever skype talk him feel like home talk about upcoming trip feel excite nervewracking suck book plane ticket next wednesday half ecstatic anxious half dread need figure how calm all anticipatory anxiety let myself enjoy relationship excitement lead up our trip even trip itself although feel like once im there ill fine,2,2,High,High
cry happen lot people during panic attack overwhelm sound like panic attack person who truly able help understand anxiety disorder therapist,2,2,High,High
think its time really come term fact eat disorder starve myself time recognise when feel overwhelm,1,2,Medium,High
lena try kpop demon hunters freak perfect please try girl every girl commentsand thank xoxo,0,0,Low,Low
first off amaze point want help second please there her mom commit suicide january th live guilt relive day every single day since then there things wish say didnt feel like word push her through choose say right ones please please there her through even dont understand all need your love hope all get better,2,2,High,High
cant support their relationship any level make clear neither mother allow him remain here because hed homeless force move hours away place almost transport hed take sister him before culminate allegations cheat choke thats last thing want better devil know your enemies close something,0,0,Low,Low
hi daniel thank much video always come back one whenever im bad day mind ask brand hoodie,0,0,Low,Low
hi high school student interest work medical field inspire much thank,0,0,Low,Low
think its important people who dont depression find hard understand need know depression personality trait didnt choose mental disorder dont think people genuinely want die want pain go learn how better handle think theres misconception flip switch reality switch get flip without our permission control like think as something separate dont like think its lot things think state project who really seem people forget whoever suffer please dont afraid ask help even its online through youtube comment section people listen try yourself help yourself whatever way push yourself get bed today maybe clean up bite cook yourself something simple whatever how minimal might,2,2,High,High
breath fast heart start race start cry panic attack,2,2,High,High
go festival couldnt see headliner mainstage because panic attack combo weed alcohol make go crazy,2,2,High,High
way show calmness confidence give her stressful situation as med student inspire hope gas price improve least arent freeze more,0,1,Low,Medium
there huge difference between anxietynervousness anxiety disorder people disorder need get help think shouldnt idk might feel good hear dont illness say cancer patient any other physical illness disorder actually pretty physical as well think talk kind add stigma end since emotion bear youre talk about us disorder its feel nervousness which same as gad ocd anything else help get better acknowledge illness need help doctor help cant help yourself something cant control like physical illness,2,2,High,High
dont stress good luck,2,1,High,Medium
name how name even rapper think rappers people wan na lol,2,1,High,Medium
how late late,1,1,Medium,Medium
go hang friends movie night wonderful damn felt really inferior friends branch off amaze things feel im corner try make through day constantly deal chronic pain low immunity ptsd ive lot therapy work around traumas experience as child thats good really hard im rough time tonight,2,0,High,Low
all these sexual abuse accusations while wonderful see many men women come forward about sexual abuse cant escape much victim blame increasingly clear proof many men actually understand consent mean its much havent leave apartment days reliable form self medication expensive weed im autistic ive notice its overstimulating point im hide its much thank read vent,2,0,High,Low
thankful someone share feelings even though most world think totally fine stress tire need holiday,2,1,High,Medium
your channel soo amaze sooo aesthetic frist vlog video omg pleaseee pin,0,0,Low,Low
suddenly want relationship her which saw as good thing say come over visit as often as want need tell before hand home decide give our relationship another shoot get pregnant again immediately move into house together really horrible morning sickness time bob get disgust neediness move again week later leave huge house cant afford maintain again far away any form support necessary pregnant mother young kid seem love his kid much concept take responsibility,2,2,High,High
werent suppose know youre psychic hes unreasonable,1,1,Medium,Medium
city live wan na live there someday because its peacefulness,0,1,Low,Medium
love your videos watch them regularly question how create timer screen thank your assistance great day,0,0,Low,Low
thank fridaysand saturdaysand sundaysall gon na long lol ack,2,0,High,Low
ok dont see need categorize particularly depression burnout solve other diseases youd get cause when diagnose either case drug might beneficial both case rest might exercise might seem medical standard apply doesnt make sense as long as cause isnt determine more detail,1,1,Medium,Medium
im software engineer see all honest id like point find source show suicide rate lead study which retract,1,2,Medium,High
milanote definitely free however limit how many separate note panel create ex want insert image into milanote youd allow insert unless pay subscription oh boy try cut stuff like myself say personal experience as dr k say make feel more stick own word doesnt stop find another thing distract myself avoid passive task,1,1,Medium,Medium
jawn look lactose free get cheese mix jawn,1,0,Medium,Low
earlier depress after watch video more depress now,2,2,High,High
im one last night scariest panic attack entire life cant even explain how bad anxiety dont usually panic attack thing different major argument day headache im guess stress,2,2,High,High
hardest ones spot show care people who make joke all time point where dont know theyre actually depress think its funny,2,2,High,High
huh neat fuck jj tho,1,2,Medium,High
feel terrible because never anything fun never go zoo go movies because its usually late im drain time pick him up needless say lifestyle absolutely kill miserable zero friends see wife few hours week because our opposite schedule im drain,2,2,High,High
cant go anywhere without inhaler test positive asthma even though ive never issue before all happen im busphar celexa atomoxetine ive them longer hallucinations such dont know feel like go get psychiatric help now im college work part time im scar able pay doctor bill dont know,2,2,High,High
dont believe saw,2,2,High,High
hello thereyour videos motivate organizedkeep up amaze work currently study mathand hope everybody study here right now great place one day,0,0,Low,Low
hey everyone im article mental health blog really want write about people stories importance open upgoing seek help professional love hear your experience why wentstarted open up learn how impact your life course everything write anonymous post even give pseudo name like let know feel free comment down below message want more private thank,0,0,Low,Low
feel low today actually exam few weeks exhaust felt like give up coffee after long make anxious trust video help much everyone who try their best focus their stuff genuinely proud ps dont usually comment idk want appreciate,0,1,Low,Medium
name name favorite gay couple,0,1,Low,Medium
excellent talk love analogy crew anxiety listen here help how powerful wow,2,2,High,High
mel youve say word stress about time minutes somebody whos already stress overwhelm stress us more why dont get point about breathe ive hear about breathe about time more try stress us more feel like need drink listen podcast,1,1,Medium,Medium
know anxiety never occur experience every time talk front crowd most people call panic attack ive always think as these extreme casesmy worst episodes anxiety literally panic attack every single time require talk front people number people dont matter as long as there many pair eye focus solely panic attack automatic almost like theyre second nature ive never actually talk about other people because know most take kind thing seriously theyll probably brush off as stage fright something ive experience since grade school im college now,2,2,High,High
hey good luck your study favorite pomodoro andor music study im try enhance videos thank much,0,0,Low,Low
after watch get more depress,2,2,High,High
work clinic as well theres lot about place more talk offline answer your question n,1,1,Medium,Medium
yeah dont know think might derealization whenever get really intense anxiety,2,2,High,High
anybody whos read pray whatever hurt whatever constantly stress about get better may dark thoughts overthinking doubt exit your mind may clarity replace confusion may peace calmness fill your life,0,0,Low,Low
psychedelics save years uncontrollable depression anxiety illicit pill addictionimagine carrving heavy chain over decade then all sudden burden gonebelieve couple years theyll all over treatment mental health relate issue,2,2,High,High
hey man lot people criminals their family doesnt mean think need take step back,0,1,Low,Medium
im stress moment pretty much breakdown college all work need deadline next week different project same day same time im best manage time its nothing simple like type up assignment its program work as much as enjoy program create different project different languages cause panic stress get things ive speak student support couple tutor cant switch mind off how many deadlines worst part cant them home them during college hours,2,1,High,Medium
fantastic best thing ive hear about anxiety since diagnose gad thank love listen your videos begin see truth about anxiety,2,2,High,High
im proud myself before barely study one hour without look clock every min now hours without wish end fast really enjoy help lot thank,0,0,Low,Low
wooow thank surprise,0,2,Low,High
route intend take when leave where plan go who help along way where your emergency clothe supply money document keep try hide fact those things move all any emergency code word such as those use children indicate safety danger new private bank account,0,0,Low,Low
im single father year old son year old brothers lot time things really hard right now everything add up quickly son some eat issue wont eat lot things because okay job keep freezer stock things eat hes go through pretty quickly,2,2,High,High
cool sound bro nice day,0,0,Low,Low
blood name,1,1,Medium,Medium
thank make cry need,0,2,Low,High
im study math im night owl like listen its calm help concentrate,0,0,Low,Low
anyone struggle anxiety point throw up ive struggle,2,2,High,High
everything relax videomusicsupporting comment thank video support comment,0,0,Low,Low
try take all opinions grain salt incel isnt really isolate trend there more case its part way our modern malefemale gender system work dont understand question stuff doesnt mean hate all women doesnt even imply doesnt everyone right vent frustration want talk more give more detail,0,0,Low,Low
anyone any similar experience able become function friends your ex best cut all tie even mean lose friends tldr break up girlfriend ten years because fell love complete stranger overseas share friends cant seem shake feel sadnessanger whenever see her due our reason break up cut her life lose friends make more effort friendlypeaceful towards her,2,0,High,Low
thank genuinely help ton,0,0,Low,Low
hey ptsd something totally different topic ive go therapy wonder trigger havent felt healthy years as therapy often bring up some stuff think handle turn bigger think,0,2,Low,High
thank much lovely day,0,0,Low,Low
yes way moment makeup bracelets bite uncomfortable her say,1,0,Medium,Low
pov tell your parent think youre depress cut get punish get tell all your head now youre lowkey traumatize trust issue literally never tell your parent anything,2,2,High,High
hey yall throw away obvious reason confuse dont know who reach start date boyfriend two years ago when move away home new state job funny intelligent charm,0,2,Low,High
know youre deal anxiety when youre question every single day,2,2,High,High
hide own set key try take her key away refuse which turn into fullblown fight mark bruise all over arm back as well as deep scratch her fingernails one point floor corner step repeatedly slam head into wall shove loose key fell off keyring into breast still try get rest car key hand im say didnt retaliate go far as push her away never hit her intentionally more as act defense,2,2,High,High
doesnt know anything about though some background recognize tend overreact normal things panic attack when people innocently flirt example ive fly off handle when many men even look short space time anyway roommates super tiny apartment didnt even live room our two bedrooms divide kitchen some issue his exgirlfriend vent hours about try give him as much advice as because hes friend care about him tell him say care about then start tell when first meet attract young felt weird,0,2,Low,High
best advice take some inderalpropranolol before exam,1,1,Medium,Medium
know may seem like small thing someone these problems its huge deal store where feel safe around your managers cant talk them grow as employee whats point continue work there luckily get them put rd shift minimal contact still get work company as mention struggle lately some things slow complete task work list biggest issue believe im sure why im slow past supervisor say yes youre slow youre thorough,2,1,High,Medium
dont care about compensations cant hold job health care go va like here make sure military blame ever wrong kind thing opinion anyways felt share some basic symptoms struggle treatment find really work smoke indica strain cannibis night when child asleep some relax time pet here symptoms panic attack severe avoidance,0,2,Low,High
final emt school better fuck pass ill piss,1,1,Medium,Medium
well inspire make such videos make seriously love study pomodoro technique its really helpful well all best guy let rock,0,0,Low,Low
need share video family often feel negative judgement certain people when speak about issue anxiety people often say its illness video explain anxiety necessary its emotion often get tell others particularly religious people able completely eradicate anxiety through god while well intentioned more harm good because imply completely control impossible accomplish leave feel like failure because cant get rid anxiety learn ways reducealleviate anxiety through physical activity other calm techniques still there isnt as cripple like all emotions crew our ship captain,2,2,High,High
surprise conclusion veer into know your right as worker like add unions precisely there kind stuff your actual hr consider hr as focus enterprise well instead employee,1,2,Medium,High
who else bed exam few hrs,1,1,Medium,Medium
then tell im self center im fuck up im fuck sister up once everything say mins later act like none ask want tea watch tv her all probably sound confuse its mentally make lose cant anymore cant balance school personal issue family issue her altogether,2,2,High,High
anxiety never trust friend,2,2,High,High
im milan fan im sorry,0,2,Low,High
guy these teachers give moree assignments education,1,1,Medium,Medium
classic overthinking one statement end up relevant all minute video,1,1,Medium,Medium
one day drive depress zone drive through red light luckily didnt get accident,2,2,High,High
why when felt overwhelm life business travel several different countries think why spend several hours airport when all these things due brain need feel like control freedom mobility finally calm down absolutely genius lifesaving love your channel know why ill grocery shop productively procrastinate when overwhelm as well,1,1,Medium,Medium
video give motivation need today thank dr k,1,1,Medium,Medium
then didnt talk day after suddenly pretend like nothing ever happen try tell remember things wrong these fight one who always start them last night happen again until say some things dont feel possible take back like tell loser all friends hate because im ahole regret bring up feel cross line due fact argument start because tell when barbecue sausages put lid down even though thats way always then proceed tell memories cook sausages never happen then start fightargument,2,2,High,High
im go post something similar anxiety subreddit want talk guy about formally diagnose ptsd depression anxiety last year im medications ive rough week havent able sleep any sleep ive rough complete opposite restful,2,2,High,High
wasnt hurtful all felt comfort read all good,1,0,Medium,Low
need help anxiety help talk,2,2,High,High
first time study continuously without fall any distractions thank much help lot god bless more power,0,0,Low,Low
one thursdayth may didnt even know why think because stress about exam next day teacher make these breathe exercise awkward felt stupid then get all tense again make them again fourth term addition worry excessively about everything teacher say need stop worryingi felt even more embarrass then,2,2,High,High
swear didnt mean answer hours later forgive meee,0,1,Low,Medium
read about exchange online initially feel super lazy boost productivity within hour thank,0,0,Low,Low
specificphobia most commom type its when something cause exarcebate fear person dsm move two more disorder specific group anxiety disorder toc posttraumatic stress,0,2,Low,High
severe anxiety panic attack vertigo im close give up,2,2,High,High
feel like job awesome few years pre pandemic there lot money cool things build love learn something new everyday new article tech library pattern seem useful felt space learn sense progress reasonable amount meetings all money use bring team build trip team discussions knowledge share time ramp up evaluate come up cool idea feel like managers now stress all team get meaningless result fix delivery time downtime its like social media surround half assed content duplicate content self promo,1,1,Medium,Medium
question hyperventilation dangerous during anxiety panic attack,2,2,High,High
happen whole while after exercise feel good energy stress as go other things as well again attack mind happen whole day,1,1,Medium,Medium
summa summarum get attack two guy without any provcation nose break even didnt want make charge police automatically make charge since its agravated assault since bone break law here dont really want talk much about because trigger one day phone ring police officer call need go police station call confrontation like,2,0,High,Low
thank get cat next keep these tip mind,0,0,Low,Low
still study video every day cause make feel relax like accompliced something cayse timer thank,0,0,Low,Low
dad heart attack hed fight unfortunate circumstances,0,2,Low,High
change myself fit into work environment always feel like im betray myself seem great begin then always face burnout after few years want get free prefer work alone own schedule thats always possible many people privilege find perfect job thats suitable them because those job already take may take job dont like survive because thats all there systemic problem lowermiddle class thats affect our mental health its gaslighting us into believe theres something wrong us its our fault able cope,1,2,Medium,High
thank possible ill let know how exam go tomorrow all best your professional exam as well,0,1,Low,Medium
last time exam forget everything about math im god damn good guess die anxiety d guess omg scar thrower up,1,1,Medium,Medium
then after months when finally ask help get myself psychiatrist audacity claim depress disappoint sucker die young luckily,2,2,High,High
happy birthday lot love hug stranger hanoi,1,2,Medium,High
doesnt make tire slightest make joint scream though,1,1,Medium,Medium
when im alone im always think its fault always feel sad start cry dont why happen,2,2,High,High
mostly feel like people dont need methat ive purpose im easy replace many time try stop negative thoughts something happen make believe thoughts true like people ignore most time while talk keep think why ignore meam fun person around something wrong dont know title myself anxious introvert shy dont know,2,2,High,High
count as procrastination when leave assignment watch,1,1,Medium,Medium
exams presentations other assignments due monday,1,1,Medium,Medium
especially power heal bring upon service animals service dog name luna wonderful man nice enough bring book back while off yesterday note his name number tell call him when finish book make day really theres much negativity world today seem many people stop something nice someone help them random act kindness,0,0,Low,Low
panic attack happen where feel quick rush chest then start overthink then get heart palpitations start shake feel like im about die use never get them always suffer anxiety panic attack first one after smoke much weed one time then become frequent,2,2,High,High
hi get better like feel like constant panic im body,2,2,High,High
need learn besides anxiety get stress her get excite about shes say wish talk more calmly,1,2,Medium,High
hi iraqi women live alone like work five days per week like your videos much feel your life similar life waste your videos interest thank your efforts make nice videos,0,0,Low,Low
its about anxiety thats anxiety anxious thats make things worst anyway case longer free as something make part our existence secret dive feel comfortable,2,2,High,High
keep use phrase right now whenever ask her about us say right now future who know decide put contact measure into place as give her want while stay contact her as much as pain stop talk her know need her as well as myself when happen bawl over phone never question,0,2,Low,High
cant take two step without cry,2,2,High,High
love nowadays find much about depression see youre alone problem its like always about severe depression dont know how actually translate divide like mildmoderate severe depression like your really depress arent suicidal guess ive moderately depress years now start seek help professional because didnt think depress enough get help,2,2,High,High
im literally tear much stress im freshman year high school its goal plus student many damn problems get way im curse technical difficulties im build up hours homework day god why happen im such faliure,1,1,Medium,Medium
love especially video make love study help lot thank everyone who see comment wish success happiness life,0,0,Low,Low
ive homeless couple days since roommate completely screw pay rent months hide notice week move get things into storage able find roof sleep under short time its severely roach infest sleep floor there isnt anything availible price range certainly short notice few prospect go other people,2,0,High,Low
reply yankees cheap directly any time yankees twitter post something new now,1,0,Medium,Low
tokyo beautiful cant wait go back ill try use as study work motivation wish everyone success send positive vibes your way d thank video,0,0,Low,Low
even tho tell those matter most why im depress all time trigger try one up reason why theira worse,2,2,High,High
brandonhdlr because eat alive stress,1,1,Medium,Medium
refuse rest some people dont ability rest because much stress obligations priorities things theyre responsible their live then when time rest theyre able relax themselves,1,1,Medium,Medium
simple see status get into deep downward spiral anxiety suppress hunger take away anything make nauseous take away sleep as soon as person texts back immediately feel okay ive relationships girls ive felt way both time long term both time end somehow find way ignore every good thing think before find all feel miss other girls,2,2,High,High
anyone these symptoms last days all these symptoms days think heart attack run every test possible their physical sign admit myself mental hospital say panic attack severe anxiety possible last multiple days,2,2,High,High
apologize wrong subreddit topic im wits end ive homeless since february im now try find own apartment start live independently first time need some adviceive couchhopping here there while im stay relative whos help im limit time frame feel like may get anything timei apply apartment reject due past apartment debts t get approve shoot public assistance aspergers dont make lot money current job,2,2,High,High
dont want die want time stop want everything disappear second breathe,2,2,High,High
exam start jan wish luck,1,1,Medium,Medium
former mexican president take bribe drug traffickers need wall,1,2,Medium,High
theres fairly strong intersection between white supremacists antivacs ive notice,1,0,Medium,Low
wasnt sure when argue him say when him break up ask still attract say yes now know otherwise consider as argue explain want understand because throw say count as argue there point ask him build say some other stuff express wrong feel way finally tell her sick tire tell feel betrayedhurt didnt stay exs place hour because argue,2,2,High,High
few years probably claim her s,2,0,High,Low
live american garden build w st street th floor name patrick bateman im years old believe take care myself balance diet rigorous exercise routine morning face little puffy ill put ice pack while stomach crunch now after remove ice pack use deep pore cleanser lotion shower use water activate gel cleanser then honey almond body scrub face exfoliate gel scrub then apply herbmint facial mask which leave minutes while prepare rest routine always use after shave lotion little alcohol because alcohol dry your face make look older then moisturizer then antiaging eye balm follow final moisturize protective lotion,0,2,Low,High
wow love really appreciate support,0,0,Low,Low
after meet last year amanda isaac become incredibly close agree live together their senior year past november amanda get drink party end up make random guy jeffs birthday because amanda tell jeff want take break lot drama everyone shock because outside amanda jeff seem really strong relationship date years,0,0,Low,Low
need vent receive some advice encouragement go through major jaw surgery replace tmj joint disk fat graft mouth now wire shut next months fill time spend talk eat generally good time instead study all standardize test need go good college study least hours day put strain recovery because upper body muscle strain which affect jaw subsequently new disk luckily hard work pay off,0,0,Low,Low
venlafaxine topiramate saviors anxiety panic attack depression as consequence,2,2,High,High
its easy study more hours when love subject find interest,0,0,Low,Low
mean neither who think save girls life cheer,0,2,Low,High
browse book subject want need study research think about how its go then when time study come im think about something else sometimes spend day think about hardcore workout im gong even then spend whole workout session think about something else sometimes even when im talk people like realize mind wander anyone feel these things think its relate anxiety adhd something else,2,2,High,High
im tire live planet when finally realize through time time again humanity mistake its enough feel depress,2,2,High,High
today examfml,1,1,Medium,Medium
idea father reinforce heavily remember vividly when tell him everything fault child mind obviously mean make everything fault which much state things house grow up straight up tell stop fuck up much didnt want things fault emphasize all fuck up minor let pack strawberries go waste forget call him as soon as leave school etc punish severely hell even im wrong now feel like im still victim cant gauge conflict save life even im absolute ass ill feel like im one whos persecute last relationship while ago last about year,2,2,High,High
draw traditional dressesoutfits different culture music whole environment video really help calm down spark creativity make better study when finish draw relax make feel less anxious thank,0,0,Low,Low
psychetrance yup when u slow much act like betray their trust literally respond pressure them,1,1,Medium,Medium
whenever focus breathe become panic feel difficult breath before use get panic start continuously walk now sit observe breathe get better few minutes,2,2,High,High
fine its okay feel unmotivated perhaps cant get up least some activities your bed like netflix read ect rest up want stay bed its fine take your time heal dont feel as talk someone about there pressure speak want good get relieve stress about playdate hope everything go well cant cancel maybe inform your work take break seem your mental health isnt best its probably best thing until feel better about your faith dont worry about whatever believe shouldnt matter towards anyone believe believe youre crazy bother alot perhaps browse some different religions fit your category perhaps youre agnostic someone may believe godjesus doesnt certaintydoesnt believe godjesus again certain hope some help goodluck everything go really hope get better need anything else ask ill here take care,2,2,High,High
wake up panic attack one scariest,2,2,High,High
trouble connect personal level isnt healthy separation pastpresent think present anxietiesself image issue stem traumatic experience talk about these things fairly openly way feel rehearse panic attack where felt terrify unable move psychs past tuesday thats typical least anymore realize most recent panic attack may breakdowns because its accompany sense fear pen up emotions havent able release result sudden loss control start hyperventilate scream unleash all pen up fury point where feel detach emotionsself control start throw things hurt myself until im exhaust suddenly shut downdissociate,2,2,High,High
try best focus understand lecture teacher give get disconnect when try speak teacher call parent join class wow great,1,1,Medium,Medium
tomorrow before go exams ill say fart class banana lunch best thing say yourself drop mic,1,1,Medium,Medium
havent cry while mean awhile even when ive want cry havent able whenever watch video read comment cry feel as finally let all pain suffer while comfort these comment music because see how people either experience pain because person say something nice dont think even best friend say want thank each every commenter as well as creator video because able let pain grow instead bottle up until eventually break down tear run down face thank,0,2,Low,High
every morning before sun come up begin grind coffee bean intentionally focus thoughts beautiful cup coffee dog drive local farm dog run free see sun rise always grateful fact joyful thing everyday,1,0,Medium,Low
thank share your journey serenity come,0,0,Low,Low
consider small business know small businesses still require follow ada standards customers same go employees havent really read anywhere about right except cant fmla feel safer wear heavy coat work know look unprofessional boss constantly ask take off unreasonable request accommodation able wear consider harassment make them aware why im wear still ask take off,0,2,Low,High
start panic attack after get army go doctor talk him about happen because wasnt sure time go tell sound like anxiety usually women go through sad say take many years after before truly get any help,2,2,High,High
im study japanese lesson some days harder others your music timer help break up little more thank,0,0,Low,Low
man parent expect high things know push limit point damn breakdown dont best then im job im lazy everything say excuse truth depress people school pick everytime talk parent all get massive kick ball figuratively speak want end pain cant because dont want because one help wan na leave wan na happy again cant maybe world really better off without,2,2,High,High
disturb listen as come into video tell myself im depress hear symptoms im question,2,2,High,High
main trigger large crowd people dont know start hyperventilate get dizzy finally cry either avoid go anything large crowd try least one person there know,2,2,High,High
hmmmu sure depression kid show some behaviors imply future mental health issue idk about straight up depress dont mean attack doubt youre say how yo able processunderstand whatever go around them point where get depressedi think its more likely some kind consistent shock then grow up break down realize actually go get them sad maybe idk thats think more likely maybe,2,2,High,High
why parent think kid cant depress,2,2,High,High
hi im thrashers fan family rd pick ticket atlanta inaugural season,1,1,Medium,Medium
looooove your videos thank make happy,0,0,Low,Low
people get burn because pressurepressure please others meet societys standards make worse social media its simply job hate lack mean purpose generalmany us touch who truly actually want because distract question early agethen its straight work able survive afford all our material possessions often ignore our spirit especially western culture,1,0,Medium,Low
as someone who suffer panic attack find really helpful hope other people find as useful as didnt get help long time because think feel wasnt severe enough panic attack actually make things lot worse any symptoms video please talk someone xx,2,2,High,High
hi everyone start company operate selfhelp space put shortly develop researchbased train program educate users about science wellbeing how integrate principles into their own live provide tool both educational immediately actionable such as book youtube videos webbased learn modules make effective need some information about your perception selfhelp field prior knowledge current approach your own wellbeing,0,0,Low,Low
depress lead depression,2,2,High,High
sister message call asap receive her message when wake up own home use restroom call sister time answer phone hear yell scream happen sister give father ride back wherever come get him their home father leave moms home unless come along,0,0,Low,Low
never pretend im still contact her nobody ever guess endure im competitive medical sciences program thrive ive wonderful boyfriend who support love unconditionally know everything happen his mother great love her aunts latch maternal support,0,0,Low,Low
reason im here exam days expectation family unlike subject depression dw manage cry hours hah rando,1,1,Medium,Medium
meani dont move another country end month,1,1,Medium,Medium
take weeks until problem solve realise anxious over nothing recently im move home due family circumstances its something didnt want really yet place im move lovely im really anxious over whether im right thing these thoughts im cause really dark awful feel feel common wonder feel intuition dont believe think its purely anxiety,2,2,High,High
thank really need because school certain friendships relationships because myself,1,1,Medium,Medium
abao love life saver grind covid start till now cant describe how much help thank much,0,0,Low,Low
im scar most study effectively everything prepare exam wont help ive procrastinate despite gather material study make schedule its kill everyday now less two months leave before exam im enjoy time procrastinate either wait day end escape dream its first rodeo never find way deal fear,1,1,Medium,Medium
sleep im read up emotional intelligence police criminology master degree todayim tear between one your sunny morning japanive settle one thank abao,0,0,Low,Low
order journal friday order more friends next month please journal fall color yellow color your phone case please thank,0,2,Low,High
think stress happen when youre face problem when something important deadline when end stress go away because every time remember why youre stress stress come back even youve use stressrelief tool,1,1,Medium,Medium
dont know why love one study hour make calm take keep study think view piano make feel like keep up study everyone its all about how enjoy study comfortably,0,0,Low,Low
tranquility peace make put video headphones help stop anxiety emotional whirlwind more once thank,0,2,Low,High
champitoinwonderland bro keep feel like want cry when im live room family hold always cant sleep till its school covid stressful hope your fine,1,2,Medium,High
its always about depress sometimes its unbearable pain cant escape,2,2,High,High
im experience panick attack couple months ago until now go point felt something weird stomach which think acid reflux think experience all pain body think name consult doctor say one factor trigger all these pain body stressanxiety its easy deal matter feel like im make progress heal myself im try best overcome as much as hop fast recovery everyone suffer here hug,2,2,High,High
problem mid roll ads ad about coronavirus interrupt video how deal stress perfect,1,1,Medium,Medium
next month exam decide move up next class felt nervous july up until now any tip how calm myself least little,1,1,Medium,Medium
happen during maths exam while see new problem test know how apply cant basics simplification because scar apply then start panic,1,2,Medium,High
session help much stay focus learn thank europe study chinese b,0,0,Low,Low
im months into highschool journey im currently struggle study without any distractions since suffer attention disorder video surprisingly work grateful maker video because basically revolutionize study sessions hope use other your videos study ancient greek latin think both interest subject study since ive already choose path next years welli really hope keep up study progress well anyways break over thank again sorry any eventual grammatical errors englishs prime language even though hope improve future,0,0,Low,Low
really wish husband get his sleep disorder under control,0,0,Low,Low
feel like when something wrong unintentionally mom find feel like hat make hate today happen feel like cry scream loudly throw phone harm myself anxiety,2,2,High,High
gotchu lol case sorry get downvoted hell lol,0,0,Low,Low
thank make day better,0,0,Low,Low
ive never before always stay house maybe odds greater here after tell about morning feel like pure shit say eye open dont know believe accidental how manage situation thats all really need know dont know,2,2,High,High
video math cause stress math major college,1,1,Medium,Medium
need work anxiety,2,2,High,High
niranjan dont think achieve something your parent want want yourself because some things may never enough your parentsbut thats opinion advice meditations breathe exercise help lot stress,1,1,Medium,Medium
china many minors even primary school students junior high school students senior high school students commit suicide because depression many adults commit suicide because depression due pressure life there many similar case other countries depression mostly due campus bully parent understand always deny beat scold internet violence domestic violence cause violation,2,2,High,High
things great life work personal relationships then get friend suggestion facebook see id like add someone past worstabusive exboyfriend years ago recently join fb hadnt able block him as most likely use fake name stupidly visit his page hes different,0,1,Low,Medium
wish all medical school classmates watch,1,1,Medium,Medium
please someone help lose fight anxiety destroy life please please someone help n tell how control anxiety cant stop think n emotionally unstable,2,2,High,High
im beg anyone whos even slightly lose life read manifest unseen luna rivers im kid when say crack open best way im cry heal evolve all once,2,2,High,High
say its bad initially look like kinda thing use resection stuff,2,1,High,Medium
everyone need see suicide awareness important,2,2,High,High
literally whos read god bless may your dream come true stay safe wonderful day,0,0,Low,Low
love mood love some vids outside various interest settings try m channel great see as well,0,0,Low,Low
whoever read god pray give them peaceful mind heart focus learn well ace their upcoming exam,0,0,Low,Low
go chat therapist about next session need find some sort balance here between live life keep fear check god bless all who through dv abuse truly wish all absolute best your live your recoveries all heroes here xx,0,0,Low,Low
then right after say think make feel like ever then get noticeably nervous which make think one memory stick as child dont many childhood memories remember one well probably wear purple underwear im pretty sure fell asleep pyjamas then morning wake up ask why didnt pyjamas anymore dad uncle say dont remember come when bed last night uncle _______ hold bite remember super confuse because didnt remember why come hold when asleep anyway memory weird,0,2,Low,High
moment wake up until go sleep dont feel safe when im around other people feel even even more anxiousfearful know nothing bad go happen still feel way dont really any friends these intense chronic feelings make seem impossible make real connection anyone thats need most some sort real connection another human,2,2,High,High
show how easy get into team gain fame,1,1,Medium,Medium
thank much battle panic everyday clients as well go utilize video help people,2,2,High,High
anyone suffer social anxiety any tip how cope much appreciate,2,2,High,High
highly recommend stick rut yrs muster strength get bed last yrs decide life suck rn suck need one fix make todo list things improve everything abt myself habit adopt environment change weight loss work plan nutrition sleep etc everyday ill pick something fr list research implement dont fault myself take break every few days absolutely nothing as long as remain track everything compound buy wireless earpieces avoid toxic parent yet as im break,1,2,Medium,High
when infant play her when tell leave her alone things wasnt suppose often act like grace her child didnt help anna mature look often ask grace her baby around when grace months get ask less less watch her anna,0,0,Low,Low
recently go through mental crisis depression anxiety stag as christian look help church attend mass holy communion every day home pray rosary pray jesus act desperation use holy water head forehead which find helpful pray through eucharistic adoration live through internet after hours adoration condition start improve heavy weight go away try everything still feel well please play your phone eucharistic adoration live any adoration live pray adore watch blow everything bad your head please give yourself chance snd try blow everything bad your head let jesus us,2,2,High,High
easy probably anxious about health because lose close relative when second step identify when health anxiety episodes take place check record doctor visit see health anxiety manifest after stressful period personal work life stressful period cause some psychosomatic symptoms trigger health anxiety another trigger something hear about someone die get sick read about rare illness,2,2,High,High
depress because family dont want girlme want boy want live anymore,2,2,High,High
ive abduct abuse strip naked beat dad abandon mom half sister sex dad before leave sister od past brother always prison now around cuz who need him attempt unalive sons mom abusive didnt know get someone else marry her much fight because sons mom son ovwr years son now amd super depress want unalive im debt hate sons mom live mom now shes difficult medical issue shes still grieve sister oooo man much more pretty good smile through all try decent person love kind care work much work support family buy wife house well under name her parent dont paper ect im exhuasted tire dont even want happy anymore cant any longer min dopamine boost talk feel into alcohol meaningless sex ect overcome now its ill drinknmy coffee black eat plain bread because why,1,2,Medium,High
now some note im dev maybe its same experience go video try figure how hard tedious stuff when im even sure align goals watch lot dr k content understand want focus study one maybe its easy talk hr,1,1,Medium,Medium
depression general feel tire depress perhaps suicidal alonehundreds millions suffer worldwide god stand right next wait ask help give jesus chance watch your life flip better set free matthew come all who labor heavy lade give rest take yoke upon learn fgentle lowly heart find rest your souls yoke easy burden light,2,2,High,High
ive try get new glass didnt help blood work come back fine try medication help anxiety focus issue some days straight cant focus luckily when im autopilot distract get lot,2,2,High,High
dear nami everything artistically cook paint lot finesse love balance video see other things cook thank share lot hug,0,0,Low,Low
problem englishs skill watch eng subtitle viet subtitle make stress coudnt focus little bite anyway thank your lesson im take change little bite day day step step now think need take break love thank much hope best come nice day mrsemma,1,0,Medium,Low
thats great example thank,1,0,Medium,Low
psychgo school important wrong competition stressful system sue able,1,1,Medium,Medium
go interview example ill know im good candidate ill know dont get there always other opportunities its big deal yet still get nervous because its something want want employer like go interview expectations all even want job ive few time practice interview itll turn great your thoughts edit fyi im talk mostly about social anxiety though happen get anxiety most random place like go upstairs build,0,2,Low,High
hi lena year old girl romania watch your videos every day thank mutch motivate every day idol best,0,0,Low,Low
new subscriber here every tip seem hit nail youre awsome thank agree procrastination suggestion,1,1,Medium,Medium
apologise think end its get point walk into room shell leave straight away doesnt leave start talk her someone else sigh lot know presence want im her general direction travel shell sure make wide berth around time shes speak full sentence say thank present get her christmas then get tonight eva one brothers stay over our cousins house,0,0,Low,Low
worth dont support religion,1,1,Medium,Medium
ive watch video about time every time journal damn journal h every time thank abao really help get stay flow,0,0,Low,Low
incredibly helpful appreciate focus practical sciencebacked tool manage stress abstract concepts im eager try vision exercise see how impact overall anxiety level thank invaluable resource,1,1,Medium,Medium
why many videos people who procrastinate dont care why want know how make your part else work why advice how work people who procrastinate despise these selfish people hold up project bunch creep losers oh liars always make up some excuse im sick babysitting these losers,1,0,Medium,Low
speaker high anxiety while speak relax friend,2,0,High,Low
really inspire thank motivate wake up early,0,0,Low,Low
im iraq im happy after see wonderful sight,0,0,Low,Low
as senior developer burn early work parttime msc software engineer same time heres some tip under any circumstance respond work email textmessages any messagingapp message outside work hours meet up your friends really social life important workout move around easily everything else seem easier automate everything every menial task think off automate its those task slow down irritate use tdd seriously decrease cognitive load because longer think about everything your unit under test touch create short feedbackloops short feedback loop allow course correct long before deadline address your techdebt even your product owner prioritize other work dont stick back your mind forever youll work around measure everything dont measure end up perpetually discuss about costbenefits use measurements as guide decisions ie use devops research assessment dora capabilities as guideline your cicd one their core expect outcomes wellbeing their entire process intend help developers go faster feel better,1,1,Medium,Medium
okay ive get anxiety disorder depression go doctor prescribe zofolt im third week days medication first week g next weeks g keep mind never token any ssri before zofolt first anyway its quite tough guess ive notice ive experience depersonalisation dereality whatever its call lately im pretty sure its medication cant really remember past ive ever dr dp im sure zofolt cause able fight through temporary side effect wonder its permanent hope because really weird strange feel like im go insane,2,2,High,High
trauma change trajectory life dont know feel way about options wasnt anxious wound ex break up because never like leave house even daytime activities wonder sometimes how go feel when hit middle age go feel like now,2,2,High,High
ive many depressive episodes past start around time turn anxiety whole life currently years old male ive symptoms hocd past mainly cause anxiety scar develop past even though unlikely edit add some detail feel important mention forget beforehand fix some spell errors clean up language,0,2,Low,High
exams next week wish luck,1,1,Medium,Medium
havent panic attack years first one think die didnt know go id never hear panic attack before,2,2,High,High
pamper chef iirc wasnt mlm product when start,1,1,Medium,Medium
yeah big thing im glad hasnt balloon up,2,1,High,Medium
after suffer depression years suicidal thoughts least time month maybe youre right suicide about escape feel way like dont want deal anymore sometimes suicidal thoughts fantasize about suicide feel good dont know how explain feel good sometimes think about actually daughter dont know ill actually ever go through yea suicidal thoughts almost instinct when suffer depression,2,2,High,High
shortterm stress good your immune system mediumterm stress deal open your eye view longterm stress deal social connection something delight such as spend time people want spend animal like dog,1,1,Medium,Medium
im cultural study undergrad study postcolonialism decoloniality depressive episode end id like catch up depression make hard focus help lot almost forget how excite learn thank,0,0,Low,Low
calm stress sometimes actually get things because know sometimes dont even care then there time when know like religion relate someone give way hide cut want know how hide cut everyone,2,2,High,High
anna claim distant friend kick his house frigid weather mom say nope way boy stay there anna seem tell lie again fast forward few days annas mother take her phone away after series lie deceit turn man distant friend,0,0,Low,Low
really love rhythm rain always make feel safe peaceful thank such beautiful lovely video really help pay attention study look forward your new video,0,0,Low,Low
get different account clue why anyone know,0,2,Low,High
breakdown around age stop cryinghad spoon fedsuicidal ideation suppression many traumatic incidents cause thisi know antidepressant help therapy because bear go down memory lane good regurgitate horrific memories,2,2,High,High
first time view one your videos really enjoy small favor make word put screen larger bite hard read time sure color change help either thank tip definitely incorporate some them,0,0,Low,Low
pistons need more pick less age players get as many pick as possible hope get lucky,2,2,High,High
weary whole emotional drama go through end relationship almost feel like its even choice end relationship there way avoid whole process tldr breakups tend long draw unable really breakup partner,2,0,High,Low
after years constantly battle depression must say lose im go kill myself im justgoing keep trudge dont know stop kill myself because hate life kill myself nobody care whats point dont care how myself feel continue live silent struggle,2,2,High,High
melissagraber understand your fault breath focus object like color get your head,1,1,Medium,Medium
hi doc want confirm hypochondriac panic attack because rush hospital because feel like im heart attack feel fast heartbeat shortness breath feel consciousness findings ecg normal until now im still worry nervous because always feel lump throat always feel hear heartbeat always think heart disease avoid physical activities trigger heart attack pls help doc im look forward your replay thank,2,2,High,High
unmotivated still cant believe actually some work hours,0,0,Low,Low
hope future talk about mental health as much ease as physical health,2,2,High,High
feel depress listen her sorry,2,2,High,High
goosebumps same take those those book use scare shit,0,1,Low,Medium
source stress say ok go remove managersbossesscrum master other useless corpo slop company permanently,1,1,Medium,Medium
namast nami san fearful about new flat now become calm its same silence there because thank om namah shivaya,0,0,Low,Low
thank much opportunity test cove,0,0,Low,Low
im glad name finally get her visa shes go awesome live usa,2,0,High,Low
your advice hsp ten time as much counterbalance extra sensitive nervous system more activation amygdala may trigger fightflightfreeze response often release adrenaline stress hormones often culprit anxiety emotional reactivity digestive issue headachesmigraines other chronic condition some hsps may symptoms depression cause isolation avoid overstimulation more activation insula mean more conscious awareness often why hsps often benefit most psychotherapy commonly feel symptoms before show up test more activation brain mirror neuron system mean hsps often fire same neurons as person observe lead increase empathy overload,1,1,Medium,Medium
thank share nice arts,0,0,Low,Low
almost hit arrow screenshot,0,1,Low,Medium
always mental breakdown cant even explain feel,2,2,High,High
dont know how maintain relationship brother while still live under parent control which cover everything finance communication other people leave their house rather outside house without them other school work im lucky enough few wonderful friends who support various ways while ive get situate dont know how grow friendships them now freedom get use talk much them as their other friends guess theyre use new people meet find difficult relate their live feel uncomfortable answer question about myself past background,0,2,Low,High
symptoms wake up anxiousshaky legs restlessness legs n arm,2,2,High,High
most excite abortion ive ever see,1,1,Medium,Medium
name youre back still post same old editorialize political garbage see some things never change,2,1,High,Medium
reframe discussion around mental health make as natural as talk about physical wellbeing its shift thats long overdue,2,2,High,High
love mention prayer scripture study morning,1,0,Medium,Low
ive run away anxiety all life its always get louder maybe its time truly accept as part myself thing about anxiety often follow depression maybe acceptance depression wont happen,2,2,High,High
one best videos ive watch life narrate basically everyday routine as teacher thank teach tip trick regulate emotions throughout day god bless,1,1,Medium,Medium
hell thats like oneinamillion chance thing thatd make crazier same city lol,0,0,Low,Low
post initially rdepression its probably better off here go awesome st date really cute guy fun super smart attractive chivalrous even go second date soon problem idea work,0,0,Low,Low
maybe kind nauseous normal nauseate feel its more like pit stomach im about get big trouble im wait cop come pick up something haha like prickle spine restlessness head,2,2,High,High
thank all new upload lately great study,0,0,Low,Low
okay adhd suddenly become caretaker injure spouse therefore suddenly charge household task still work fulltime when fuck suppose take these active challenge make feel less overwhelm im already down sleep hr day mention im night shift all want curl into ball cry overstimulation many task adhd simultaneously permapanic mode unable things,1,1,Medium,Medium
omygod video more stressful stress,1,1,Medium,Medium
aware old video notice while everyone down here feel understand bond strangers which wonderful thing think its important commend appreciate mr tyler himself his mental health its brave empower anyone who suffer mental illnesss most difficult yet necessary thing learn live move forward let dominate completely rest your lifeor shorten which well mrtyler everyone else who try,2,2,High,High
friend who seem fine smile laugh talk people well work then suddenly commit suicide all crush hide pain everyone,2,2,High,High
im argentina love your videos its hard consistent study your videos make easy thank virtualhug,0,0,Low,Low
use night owl sleep bed until after watch your videos see more people wake up early convince once felt calm peaceful thank much your productive habit really change life into new chapter,0,0,Low,Low
panic disorder here some tip follow when panic come dont fight take deep breaths continuously say your mind calm believe its all gon na alright,2,2,High,High
burnout trigger depression especially when your identity tie your work sport whatever activity burnout instance when burn as caregiver felt like failure emotionally punish myself abandon clients ive see similar progression exmilitary similar field like law enforcement as well,1,1,Medium,Medium
almost name,1,1,Medium,Medium
im take scholarship exam people take theres place mean off all school fee wish luck,1,1,Medium,Medium
really bad depression until come along inspire get back feet thank nami,0,0,Low,Low
like leave there im terrify shelter im semi observant jewish woman most shelter wont help keep kosher keep shabbat both which important rachel coalition domestic violence cant go there ncjw shelter area doesnt accept voucher welfare offer,2,2,High,High
hey daniel thank video green powder use thank,0,0,Low,Low
okay video make even more stress before,1,1,Medium,Medium
ok its good get up early routine heres deal highly recommend consult therapist help open changeand change research coffee as its good brain accord jason christoff othersnext research microwave ovens as destroy any nutritional value its carcenogenicbut dont take wordbe open change change your routine,0,1,Low,Medium
again last nights episode its shady,2,1,High,Medium
its loneliest feel imaginable exist perpetual void day day want desperately someone hear your scream as look darker closet disappear into beautiful things like warm blue sky feel like insult your existence shameful dont want die want never bear relief hollowness sleep thats why many people want make permanent,2,2,High,High
look time care take thank us who thank dear namisan happy your one million plus world your oyster dearie really idea how much mean your subscribers god bless always nj usa,0,0,Low,Low
its current one isnt help all nice help _more_ shes get lot good literature note its help some its her word hasnt help as much as like wonder anyone any experience talk therapy share anything may able talk about focus help lot new experience her might know say during therapy get anywhere therapist isnt guide discussion wouldnt know suggest either,0,0,Low,Low
lol really enjoy helpful help understand anxiety emotions morethx,2,2,High,High
map head like meditation dissolve sense self observe thoughts distraction overthinking crave rumination learn present realize there presence involvement present moment avoidance procrastination calm peaceful under any circumstances resolution peace happiness overall,1,1,Medium,Medium
people feel overwhelm politics news follow healthy advise know overwhelm right now good reason believe yourself give up make difference courage,1,2,Medium,High
cholent power rocket fly men moon,2,1,High,Medium
u read know u beautiful know u handsome know u worth more life its self worth more any price yes u may feel way u may even feel nothing please know u still feel u still ok one day get better things go down hill reason go up may feel stick hopeless u hopeful know u feel something once again u go asleep every night tear your eye u wont burry your head hoodie earphones say your fine hide behind smile one day u smile say hello say im fine really mean u laugh cry about all good things get past bad people mean world thats how work people get stronger u strong dont feel weak because u swear write your because cant tell myself hop one day someone say love yourself because people love u,2,2,High,High
thank reward make happy felt motivate your best guy,0,0,Low,Low
come back video everytime feel hopeless depress always feel kind warm hug jakes word comment below thank all much important feel understand hug everyone,2,2,High,High
remember back college during internship as future teacher every day battle because anxiety before class always felt like faint lose breath because heart wont stop beat fast feel like something go kill while teach im anxious about how students advisor think after class once im alone ill cry because fear regret didnt perform well ill fail internship honest up day dont want experience same again yes regret back then still want celebrate myself endure face fear graduate college,2,2,High,High
dont any exams tomorrow im still nervous,1,1,Medium,Medium
read these article thank share,2,0,High,Low
first time life study hrs continuously thank,0,0,Low,Low
thank love background song really need time countdown get lot,0,0,Low,Low
get small job offer friend mine who work prepping dessert plat restaurant well agree try feel anxious happen every time look job actually want hear dont know why whole process feel like embarrassment display im afraid commit myself work part time due its nothing hard yet feel ashamed when tell family partner didnt simply like job feel like its demand much atm its like get job take much atleast socially,2,2,High,High
thank guy sene yolu,0,0,Low,Low
anxiety happen when think figure everything all once breathe youre strong get take day day,2,2,High,High
rationalize how bad exgirlfriend now shes go,2,0,High,Low
another time one today class worry about faint because faint last week didnt want happen again today feel dizzy worry think need get here manage calm myself down take deep breaths close eye before get bad someone tell these actually panic attack,2,2,High,High
info start minutes second anyone who need info more quickly im aware when im stress stress yawn simply appropriate make feel like im tire then im stress tire hate yawn other people yawn around its extremely bad manners as trigger lethargy everyone around reduce energy make feel like havent sleep really dont need life top everything else stress bell go off every minutes know im countdown bell go off way add stress rather alleviate aggravate wish bloody bell shut up leave alone bell final option refuse get stress matter trigger likely one use get story tell myself about trigger remind myself its case work ill try thank,1,2,Medium,High
totally feel its everyday sometimes all day struggle work after work dont sleep barely eat ive deal pretty much whole lifeim now beautiful motorcycle sit there drive anxiety totally exhaust mei wish best battle your anxiety,2,2,High,High
thats sound like experience disassociation time sometimes when feel depress sad hear about other people go through,2,2,High,High
im try figure im experience recently panic attack fine then vision get blurry room start spin heart rate shoot up start breathe rapidly feel light head like faint limbs go numb feel like cant control breathe feel like im go die,2,2,High,High
know wave hand everyone,1,0,Medium,Low
college mathematics as well as biology class frustrate every time ready myself prior test heart start pound real hard homework lead sleep deprivation even group theoretically say exercise help reduce stress when case get serious bite seem true,1,1,Medium,Medium
everybody its ok experience right now struggle myself cope think positive get feel when your shake feel like throw up nausea light head get lot know ok get through think positive let go everything fine love all hope ge through,2,2,High,High
agree mandatory work office because dont work elsewhere dont call home leave,1,1,Medium,Medium
its months now our marriage manage sleep light off as cant even think sleep light now pregnant its months now want keep light room which cant sleep light behavior wife normal,2,2,High,High
declare faith jesus name philippians kjv all things through christ which strengtheneth anxiety leave jesus name,2,2,High,High
wtf wrong homeworks use go school send little homework like minuted per day learn even more other school im school send fuckload homework its stupid aint even learn actually use enjoy school learing now fuck up stupid,1,1,Medium,Medium
nice video content apologies chime appreciate your opinion hear about patlarny priceless minutes principle search google awesome exclusive guide cure panic attack without hard work ive hear some incredible things about friend after many years get astronomical result,2,2,High,High
reflection mightve harsh name bandais existence forgettable like swing flashback naruto,0,2,Low,High
please make more beatuiful view more relax sound,0,0,Low,Low
much anxiety im get cancer how slow get crux subject,2,2,High,High
iv go through over two years now time fly waste life away feel like bc these horrible panic attack consume iv try everything as well medications therapy breathe techniques eat healthy work literally everything still come nowhere miss life before sometimes ill feel good week then boom come back,2,2,High,High
love u your voice way u speak need when panic attack need hear someone like u speak say its ok,2,2,High,High
where each person because love other person get pleasure please their partner know sound horrible hate myself almost feel like never happen like shes break even put piece back together break glass never truly like new feel awful feel way ive try patiently wait nearly year now,2,2,High,High
im struggle molecular biology right now tbh your comment really motivate thank,0,0,Low,Low
name heap financial technically legal trouble right now lol,0,1,Low,Medium
love weasle ive grow like him lot,0,0,Low,Low
really uncomfortable seem like never end commit your self work go away faster image dont afraid look information think increase your level anxiety because more information get more easy understand how easy overcome problem breathe exercise relax music help lot work wonder minutes everyday morning more before go bed even feel ok moment feel get better dont stop until its go sure alone god give beautiful life reason anxiety year now im afraid talk about contribute create these videos sound help lot professional people breathe exercise videos help,2,2,High,High
thank share beautiful scotland us architecture your buildings stun quite different australias home help study account love australia,0,0,Low,Low
get change into pair short stand when lift one leg put short shaky uncontrollable even when stand legs shake go im scar mind because one else internet seem exact issue idea where look,2,2,High,High
diagnose anxiety disorder another mental disorder recently some google saw seem people mental disorder as well as other disabilities eligible apply disability card countries include certain perk such as allow go theme park free aunt husband diabetes send her screenshot info ask apply as well as there perk,0,2,Low,High
love video ive throw up alot due anxiety,2,2,High,High
poor kitty all give her extra treat playtime cuddle,2,0,High,Low
feel like theres big difference between anxious anxiety disorder yes anxiety emotion its completely normal people anxious about school work money relationships etc however people anxiety disorder often irrationally anxious crippiling things once most people who feel anxiety arent wake up panic attack because theyve convince themselves theyre heart attack die someone anxiety disorder especially health anxiety general daytoday anxiety probably dont need antianxiety medication often cope specific techniques doctor therapist when your anxiety debilitate cant fufilling life then its probably necessary,2,2,High,High
hope ou amaze day ar amaze love much,0,0,Low,Low
cry actually help shoot fear scream release fear its way meditation,2,2,High,High
want name bad,1,1,Medium,Medium
forget math homework minutes leave before class then start overthinking then blame myself forget such important homework im doom,1,1,Medium,Medium
ruk hat nationalism like snp sure hypocrisy its different people,0,1,Low,Medium
actually want diethe chronic suicidation tear apartive think all through time time again dont even want funeral want go,2,2,High,High
hr big go contract casuals new hire,1,1,Medium,Medium
love comment great thank share,2,0,High,Low
im write graduate school application mits brain cognitive sciences program past few weeks mainly work applications write japanese seminar paper topic izumi shikibu listen your playlists more hours every day thank calm music pomodorothey really help sustain marathon study days library,0,0,Low,Low
last one year unware these call panic attack,2,2,High,High
guy his username name really dont think hes serious,1,1,Medium,Medium
nice frnd t c always ur health ur family b hpy always da,0,0,Low,Low
hey make one rain upbeat make feel calm same time qould nice thank u,0,0,Low,Low
hello help panic attack,2,2,High,High
its absolutely madness mental health free like other countries,1,2,Medium,High
music always important tool relieve anxiety depression,2,2,High,High
lot common really like her then go back country christmas holiday get see her really amaze honestly way better expect anyway good grade shes go apply us probably same university as mine same city problem there fall,0,0,Low,Low
thank ive feel down today seriously make day,0,0,Low,Low
true worst part any mental health problem how contradictory feel,2,2,High,High
live moment like gold dust someone whos depress,2,2,High,High
now little task hard because im scar panic attack,2,2,High,High
ive pass final medical exam thank all study buddies,0,0,Low,Low
hey everyone ive quite journey last couple years try get through master program psychology therapist deal health concern come upon some research lead some conclusions possibly help some women who go through similar situations rap when years old go through other various form trauma all throughout childhood function pretty well until get graduate program clinical psychology stable relationship man who supportive love everything felt like go great,0,0,Low,Low
im senior im sure youll fine understand your straight student good remember school isnt everything yes obviously one ways get good job career there plenty people who exceed life fail grade because werent good school clearly your more organize lol all as far one teacher extremely picky when come her job her class now instead encourage students teach give much work need much time understand end up spend most time life home laptop school work because much others im one work people because job other problems get hit cheatingpenalty there much more life enjoy give yourself hard time about school work im realize know fourth life go because ive spend much time school work get youll get probably jumble mess dont time correct because homework,1,1,Medium,Medium
as matter fact anxiety cant get rid reduce depend action take its up personality person how overcome anxiety some might see as enemy some might see as friend btw im search there website people use make presentations online talk each other about specific topics anyone know any website provide online presentations id really appreciate tell name website,2,2,High,High
sister alcoholic as well drink much tho as much as fellow ive never comfortable level her drink her personal choices live long distance her try nudge her more positive directions past months offer few hundred financial support monthly her help her better provide her kid about months ago come her boyfriend scream her face lay his hand her usually beat him up as much worse think its pure insanity tell her need make physical contact red line hear about call local police office report him,0,0,Low,Low
well dont think work other way around as someone who incredibly insecure definitely narcissist,1,2,Medium,High
compulsion bother anyone deeply ingrain always play down own issue even psychologist because dont want burden them unimportant problems dont want worry anyone make them feel like inconvenience themselves years ago there time when felt overwhelm couple occasion reach siblings receive well scream tell strain them shouldnt turn them message loud clear alone keep myself struggle put mask make laugh when people glibly say ask help because know one come rescue,2,2,High,High
month last touch go sell everything under sun keep home probably go make its point sit weigh pros con suicide please dont talk about subject ive use up every single resource realize dont really know many people city im dont much family any where close none live,2,2,High,High
vet go ahead remove cost over gofundme try raise some buck pay surgery think id post here see anyone help danika direct beneficiary every dime go her directly through any middlemen here gofundme link url thank again everyone any little bite help,0,0,Low,Low
spend next few months emotionally detatching make break up less debilitate,2,2,High,High
oh gosh cant watch video im sorry because exams tomorrow really im sorry thank download video good luck your study keep fight,0,0,Low,Low
suffer bad anxiety thank,2,2,High,High
sorry kinda long meet highschool become best friends even after still talk everyday hang almost every weekend felt everything okay then start get kinda distant e cold toward idea why talk friend commom say friendill call her p felt negative always complain,0,0,Low,Low
make selfimprovement feel actually doablethank inspo,0,1,Low,Medium
yo bro try okay work good pls thank sm,0,0,Low,Low
honestly exam anxiety due math phobia especially during math test,1,1,Medium,Medium
freeze show up as let something happen react such way as upset your fear stressor woman someone touch cause fear may laugh off play along until escape its always people think its because like person its because scar get,1,2,Medium,High
those separate issue sample size,1,0,Medium,Low
pain chest back its more year multiple test checkups now diagnose anxiety stress look some genuine try effective solutions walk some exercise cope pain keep linger any suggestions,1,2,Medium,High
thank much motivate walk up early morning thank haryana,0,0,Low,Low
level up version make your bed feel more control which honestly help as bonus healthier food help your mental health,1,2,Medium,High
question mean disrespectful any way shape form people who actually diagnose autistic way autistic suffer severe social anxieties about experience people who may relate throughout life sometimes struggle feel there something different about myself lot time ive convince myself because low selfesteem paranoia desire some type diagnosis help solve explain awkwardness social issue people warn jump conclusions its easy selfdiagnose online day age,0,2,Low,High
huge amount weight big deal treadmill every night minutes good now cant treadmill start feel ill again anyway after garbage issue end up hospital again,2,2,High,High
dont know social anxiety im trouble talk other people every time want talk inside keep make scar make cant talk other people when afraid make cant think dont know how help myself,2,2,High,High
start meditate center myself take few deep breaths focus understand youre danger your mind play start earth talk therapist get back into shape start feel better about myself dont remember when last panic attack good luck,2,2,High,High
im one flip self harm bipolar anxiety ptsd its throw dark deep bipolar depression like bowels hell please send some good vibes prayers never low meds tweak which uncomfortable its misery yes ive see psychiatrist want see next day self harm brain fry its affect memory,2,2,High,High
how anyone depress israels depravity totally remove faith humanity tax support atrocities,2,2,High,High
ive panic attack im last hours these attack debilitate any ideas why long,2,2,High,High
well heres problem often feel overwhelemed even challenge control over need tackle them right away instead increase active challenge result productive procrastination,1,1,Medium,Medium
anybody else get anxiety while anticipate go finally tell us these cop mechanisms,2,2,High,High
try today math exam monday really help calm soft soothe thank youuu ilyyy,0,0,Low,Low
im glad find help study calmly peacefully industriously thank make,0,0,Low,Low
always forget data school test now im pupil anymore,1,1,Medium,Medium
exams days,1,1,Medium,Medium
help focus lot study as easily distract procrastinate person haha thank much btw first video ever use study work,0,0,Low,Low
really grateful fo these playlists get work hours straight without stress,0,1,Low,Medium
thank lot makig video,0,0,Low,Low
thank hope nice day everything afine,0,0,Low,Low
unfortunately one usually fight their right without martyr,0,1,Low,Medium
im aware problems when come date get jealous paranoid suspicious easily hate about myself hide boyfriend well take example bf each other snapchat maybe send one two each other day its like thing try send him more wasnt reciprocate yet always see his snapchat score go up like more time know shouldnt snoop feed problems cant help anyway get jealous snap load other people dont know who another girl never send face pic others why,2,2,High,High
regardless didnt last long maybe half year release apartment most belongings keep few box things military personal effect little else look back there some sign emotional manipulation here subtle know how love blind get engage quite affair,0,0,Low,Low
order able walk need donations anything help much appreciate thank advance url,0,0,Low,Low
imagine name get service fault twice match point,1,1,Medium,Medium
two years late genuinely find nice read feel same honestly your little update definitely make beat myself over study ive realise maybe ive suffer burnout rather lazy lol anyways thank comment,0,0,Low,Low
recently fail test im really stress im gon na repeat grade,1,1,Medium,Medium
daniel stop make videos imma delete youtube ever love his videos calm love keep them come daniel huge fan,0,0,Low,Low
leave job airport because panic attack everyday,2,2,High,High
ipad use moment thank,0,0,Low,Low
least before test understand basically everything as soon as get into test go blank forget how really easy question make stress even more any tip literally happen math,1,1,Medium,Medium
im exaggerate legitimately think go die dont think ive ever scar keep diary read back write time make cry memory something else new ive experience numbness ive never felt numb before its happen more lately,2,2,High,High
one when sit lecture first year chem couldnt breathe thoughtthere must some poisonous gas air suffocate think gon na die go doctor say nothing physically wrong panic attack another milder one where think go heart attack manage tocalm myself down tell myself wasnt likely actually fine havent one while video make anxious about one although ive never get point scar gon na panic attack any certain situation,2,2,High,High
ap exam tomorrow study minutes,1,1,Medium,Medium
good morning its right now rome im study art history test im really thankful video because its help stay focus need whoever read comment wish youd well your next test stay focus your goals,0,0,Low,Low
anxiety your subconsious mind process horror tell your subconscious its job already know bro today already feel much better like weight off chest video help thank tim,2,2,High,High
problem really think get better excercising anxiety study get dream job task excercising make anxious even think about bc im lose time make worse dont know like stop think suicide relief way anything go bad mean think like its something fear less real life,2,2,High,High
depress because im lonely bad anxiety dont help all even when try talk people push away like im nobody stay myself ima depression rest life how go guess,2,2,High,High
thank katie video wish more people know about other stress responses fight flight think combo flight as avoid things situtions scare im work get much betterand freeze response one mostly body as chronic pain tight muscle etc btw when start talk about woman whos scar home alone start cry bc relate much watch many crime tv show as kid well didnt end up good mental health even tho live safe area nothing ever happen here always afraid burglars killers etc,1,2,Medium,High
im comment th august as reminder how bad anxiety improve time next year here how im anxiety terrible struggle terrible social anxiety never go im room all time social life real friends im always worry im worry about future im lose life im currently leave high school idk life im process get professional help anxiety some while im fight battle everyday im sure ill make hopefully future lot better because life really suck moment anxiety terrible im extremely lonely im try stay positive about future hopefully all work because last few years extremely poor,2,2,High,High
finalyyy full vlog thank alice,0,0,Low,Low
thank much imma start,0,0,Low,Low
thank much actually help actual work instead read two sentence get distract something entirely different im gon na keep use rest college career istg ill owe all pass finals upcoming years,0,0,Low,Low
thats all good thank comment,2,0,High,Low
ocd depression when u cant even live peacefully your depress thoughts,2,2,High,High
all these same moronic talk point memorize its hilarious hear them all time,0,0,Low,Low
freeze feel like youre stick mudwanting make move cant feel frustrate cause youre like somethingto yourself cant like youre watch yourself afar,1,2,Medium,High
im run ideas how talk one another more often know its go get worse shell start grad school august ive through grad school already myself know how time consume shell busy,0,1,Low,Medium
hope manage hold tight youre already maybe try see therapist mental health underrate,2,1,High,Medium
mise hope figure help share trigger anxiety help get back road normal life still like drive all time when much much better drive fast caffeine marijuana sugar high sugarcarbohydrate diet another trigger anxiety keto lifestyle grams carbs per day which keep sane meditate positive calm thoughts allow your mind rehearse negativity strife wrath bitterness listen either bank stress dollars soon make explode really hope help good luck,2,2,High,High
understand mine tend run under stress time brain decide stay bad things happen once body decide stay brain decide dangerous situation felt like sling shoot leave remember happen make brain decide act way usually cry those situation guess put myself enough them brain felt like sling shoot disassociation cause new reaction usually stay fight after run remember stay fight something trigger jump away walk back stand pretty much where stand before happen,1,0,Medium,Low
man youre stress more exam now,1,1,Medium,Medium
completely understand where shes come genuinely sorry anyone who deal these feelings one concern though ive notice least life people quick jump depression as label might sound dangerous when isnt accurate entire life tell depression when reality wasnt instead autism look like sadness cry actually autistic overwhelm due social pressure sensory sensitivities major life change im say depression isnt something look feel like mental health professionals need look whole picture diagnose as depress didnt receive proper autism diagnosis until,2,2,High,High
use fidget globe when use school,1,1,Medium,Medium
one those penticton when kid,1,1,Medium,Medium
thank come here every time need study work help much,0,0,Low,Low
brother commit suicide after father pass its almost years suffer depression really dont want laugh anymore feel place,2,2,High,High
meet zach jam roughly same age jam topnotcher consistent honour student ever since st grade younger sister who nd grade time however zach wasnt smart average yet decent cool fast forward our first quarter test after finish all exams during day jam ask blue saan mo mas gusto,0,0,Low,Low
nikk still struggle time time think im slowly recover hope youre good,1,2,Medium,High
burnout emotional because your job,1,1,Medium,Medium
one them catchphrase similar taboo pass around device get your team guess wordphrase before timer run course make countdown noisebeeping which make even more anxious partner get quite good gauge where scale notice get more tense as pass around circle head towards,0,0,Low,Low
yep there job still want shouldnt government,1,1,Medium,Medium
thank as sit here scroll though comment work happen read as break come up s refill water forget empty make some tea,0,0,Low,Low
thank much really need hear scientific expanation im feel make feel less anxious know experience felt others like others know overcome these challenge as well,1,2,Medium,High
go completely strangers absolutely best friends im talk about person who say same things same time perfectly understand your point same faith same songs listen much coincidence happen during those months make believe fate destiny whatever call im ive exes both long term ive never single since,0,2,Low,High
dad twice her begin harass brothers employees tell them crazy stories brother sell drug rap someone stories know true begin hear stories through rumor mill dad see drink drive town several occasion get drink public dad break into house friend town wife downstairs husband upstairs saw look dads face when barge through front door say look crazy run upstairs scream,0,0,Low,Low
mention unhappy nametag first name ive unhappy ive tolerate since hasnt much issue until transfer store boss become livid well all call _______ more confuse customers call _______ your nametag say ______ ______ isnt your first name deal ______ your nametag im change because dont like mind people name jason their nametag day jay other people their last name their name tag,0,2,Low,High
welp look like im depress,2,2,High,High
feel like study inside quiet dream soft piano sunset over yokohama harbor everything slow down best way start think id focus bite somehow make study feel peaceful instead stressful its like calm companion beside whole time,0,0,Low,Low
nobody ever put up live fear someone who fly off handle like wish badly know who tell her quiet ever need place escape door always open sorry ramble im sure how approach any help greatly appreciate,2,2,High,High
meet her today express concern say doesnt see big deal people make mistake forget things agree tell her often forget dont care about doesnt agree talk about feel black white think,0,2,Low,High
buck say shes gon na leave him after anyway,1,1,Medium,Medium
its possible panic attack classic symptoms them night wake up feel strange take round zoloft therapy go away its possible depression strange symptoms about years ago didnt feel sad back pain nausea stomach cramp nurse practitioner diagnose after test everything else think something digestive go didnt even think depression,2,2,High,High
prefer music music version nice easy fall asleep enough stimulant stay target study love your content though always,0,0,Low,Low
guy exams day period,1,1,Medium,Medium
love saiddo want die stop feel like,2,2,High,High
together years marry year husband outwardly reservedintroverted hes goofy around joke around playful each other most interactions unless come serious subject lot tease tickle play wrestle our home problem always when come umm romantic,0,2,Low,High
amygdala override principle when brain sense stress amygdala fear center block prefrontal cortex logic literally start,1,1,Medium,Medium
feel like go get pizzas come back apartment fire,0,2,Low,High
yes how deal anxiety intense make suicidal keep return,2,2,High,High
how tell difference between solve overwhelm engage avoidance choose active challenge when become avoidance passive things make feel overwhelm,1,1,Medium,Medium
survey usually take about minutes less complete take as long as like please note survey best view via computer screen rather mobile phone interest heres link url,0,0,Low,Low
feel like never trust own judgement again fuck hate person hate victim never judge anyone else situation cant stand see myself as someone who abuse grandfather abuse grandmother her whole marriage always felt like because always lookout,2,2,High,High
didnt know depression truly felt like until practically lose everything lose mom dog brother friends gf lose everyone except dad everyone who know after everything still think im ok im fine im fine its attitude its grow up etc im freak depress because lose everything really all leave dad one hand want kill myself end pain other know wont fix anythings im put more pain people relive im scar relationship now since practically chase gf away because get way emotional figure open up her im all alone here fake happy every day end wan na leave alone cant hurt anybody want feel happiness again know get together people im oddball want new relationship im scar girl cheat care anymore like last gf love myself many things happen life few months feel lose anyone give advice help im sorry its confuse,2,2,High,High
thing time slow usually fastest way why focus thing most likely leave half way other things when finish its focus next best thing another one when try multiple things there another cost swithing other things time resources your mind focus thing eliminate,1,1,Medium,Medium
happen when kind problem nobody understand completely happen when know your condition cure understand treatment happen when get help talk openly about people surely disgust happen when kind people nobody want help abandon as soon as learn your condition start lie people pretend youre something else because fear people love most hate some people bear problems solve repress im one them tell experience these case life itself become problem since your death bing sorrow those dont know your pain suicide when people like merely suffer transfer cowardice least think as such wish nobody fell same because horrible,2,2,High,High
love like study until midnight tommorow its test comming back ive get anual exams th grade comming th as topper thank much,0,1,Low,Medium
dont know anymore doesnt want help feel hopeless her im afraid its go take toll our relationship own mental health issue actively deal wish see her issue affect people other herself tldr mother unaddressed mental health issue how get her take seriously seek professional help,2,2,High,High
once get anxiety attack while wash some dish,2,2,High,High
read right now beautiful everything work itself everyone here know how feel right now alone feel suck know ok passdont fight anxiety allow work its way through let its thing embrace moment as become peace things now want close your eye place your hand front lightly wiggle your finger like youre play piano shed off as speak its drip off your fingertipsfeel melt off yourself see there goeswe love peace peace peace peace,2,0,High,Low
unfortunately everyone refuse now guess question how seperate myself emotionally him more assertive when deal him build myself up confident self reliant person doesnt hit rock bottom every time deal him,0,2,Low,High
birthday march mk beta access go awesome,0,0,Low,Low
good luck your math exam cindy,1,1,Medium,Medium
cry because every single symptom name im embarrass talk doctor about im take birth control highly likely,2,2,High,High
forget point spamming mean keep use as spamming sigs,1,1,Medium,Medium
thank video hope help depression everyone who feel overwhelm,1,2,Medium,High
anxiety always come because fear dyingthinking depart your love ones friend sooner later everyone go often worst anxiety whenever come dont panicthink about goodtimes your life take deep breathbreathing exercise calm downthis really helpswhen anxiety come dont try run awaythe more more increasesthe situation even get worse when start panic always key set your mind free keep fight your mind tell your biggest enemy your mind think wise let come let flow one fear die every people even who doesnt anxiety fear worry more like weave spider web get your self stick thatits worry more others dontnobody immortal world,2,2,High,High
panic attack come nowhere wicked hypersensitive feel like suck badly start randomly when drive one day couple years ago think either massive heart attack stroke panic attack accord doctor now take into consideration literally anything everyday life else there go numbness abdomen then legs hand then hyperventilate nice go back how before first ever attack,2,2,High,High
thank lot its really help huge srtress before exams,1,1,Medium,Medium
thank wish great day,0,0,Low,Low
ive overwhelm nurse finals lovely study along really help calm down power through feel as alone through all thank,0,0,Low,Low
solve some maths sum your video help lot concentrate stay awake thank,0,0,Low,Low
ive struggle almost all life antidepressants almost kill still get depress due hormones lifestyle habit make worse better accept part tendencies wont live like zombie under these pharmaceutical pills,2,2,High,High
as architecture student mostly anxious about lessons which examine via project instead write examination c write exams study pay attention class most likely youll great project put crazy hours work into them professor hate them xd,1,0,Medium,Low
felt uncomfortable feel anxious as go die feel like boat body felt unfit unhappy didnt feel enthusiastic happy lose attention happiness empty lose motivation weak tire energy energy vision feel strange like im dream feel like im one surroundings like oh yes always tend check body condition such as nail color eye color phase color when want blood pressure im nervous first afraid blood pressure high end really high im curious about other people illnesses always search symptoms disease google all due sensation feel anxious which uncomfortable felt like m all start suddenly experience panic as go die within few minutes anxiety hope return normal life,2,2,High,High
know hes never go same its hard see him like hes become wreck less hes hang punks who think big ballers sell xanax weed live there moms apartment side note his friend throw car recently during drop off gun point brother lash when things dont go his way nasty attitude time,2,2,High,High
inquisitionagent arent wrong tho their way express point offputting saccharine your taste which its own underlie cause deal thats get off track put like all capacity secure mode generate energy harness show up other people present them doesnt mean youre gush over them love express quiet subtle ways notice struggle something find solution shut up about because want them better life all sort ways use energy essentially waste our own head yes like correct,1,0,Medium,Low
continue start physically feel like im float nauseate instincts tell run begin treatment next week wonder anyone use weight blanket help physical symptoms ive express fear specialist see,2,2,High,High
im really stessed because parent expectations im academically smart person all study wish academically smart,1,1,Medium,Medium
thats worst dont think childhood exceptional frustrate after speak people close go through checklist symptoms undeniable accept diagnosis eventually get prescription wellbutrin help manage many symptoms somewhat past decade,0,0,Low,Low
after day language exam didnt prepare well guess pass during exams,1,1,Medium,Medium
go bedroom one car take work sit bed work literally minutes live close work say come youre go make late say well find fuck car key start look then find them then honestly go yell tune say dont even remember,2,2,High,High
recommend anxiety guy recovery program anxiety debilitate before extremely helpful,2,2,High,High
dont even dev eng level stress many roles todays society level intense work responsibility,1,1,Medium,Medium
omgthis go help much cuz always study as soon see paper always anxiety forget everything,1,0,Medium,Low
dont know system cause never speak word never trouble wan na play game,1,1,Medium,Medium
thank ive really go through while take summer class need one person tell really make difference,0,0,Low,Low
change want see world name,0,1,Low,Medium
olivia there speak experience tip proffer tame anxiety efficacious act however badly forgive yourself help lame dog over stile,2,2,High,High
feel cringeworthily thirsty after name ridiculous meet greet recently,0,2,Low,High
hey folks greetings india friend mine school father diagnose nonalcoholic liver cirrhosis back his livers degenerate need get immediate transplant surgery cost postop heavy frequent hospitalizations eat up most their reserve cash since friends still college theres much,0,1,Low,Medium
name say monday columbus day those two buy unbelievable,2,1,High,Medium
perhaps as result feel awful about want more him feel like its incredibly ungrateful because much good really good many ways especially depression stuff deal lot household stuff addition work way more feel like shit write post tldr over decade great many ways shit other ways feel awful when hes shit feel guilty as fuck about express because all time hes amaze wonder emotional abuse about,2,2,High,High
read other day first time since kid influential book,0,1,Low,Medium
im say didnt enjoy didnt need long story short somethings flip head last couple weeks libido much back worryingly im sure lol weve more sex past days precede yearsbut its still much him dont know want dont know how ask want its freak long since consider sex as thing actually make nervous,2,2,High,High
sweet love her immensely cant leave her where currently fear her neglect attach choice live car foreseeable future which leave issue her cant keep her lock car all day,2,0,High,Low
really love thank bro,0,0,Low,Low
oh fuck boy ex boyfriend make think prince charm then turn asshole who want date ex bullystalker like because obsess one half years prettier instead leave like normal person abuse use his incredibly strong narcissism make every problem about him try make dump him his plan all correlate,2,2,High,High
relate everything shes talk about god anxiety,2,2,High,High
feel like im end rope here bawl every night because dont want feel never end pain anymore cant live happen cant live fact since didnt go police prey another girl like many social problems dont friends anymore,2,2,High,High
discuss equality label troll good bye disappoint humanity,0,0,Low,Low
laurenrzempoluch know there hope find peace rest need soon really even when find still process bc cant turn stress switch off get trigger smallest things,1,2,Medium,High
stop school panic attack,2,2,High,High
one require help anyone,1,0,Medium,Low
doc say im anxious person suck,2,1,High,Medium
wow okay mean im depress,2,2,High,High
hi zeliha think youre british until saw your name instagram im turkish say opinion proud your motivation please make more videos wait your next video btw im study psychology ssua as student im prep student give big motivation im gon na study more thank love last least wan na live uk live dream wish like,0,0,Low,Low
really easy watchgreat balance vibe overall nicely,0,0,Low,Low
hate anxiety specifically because its such physical thing handle mental beat down shake sweat biggest problem nausea vomit havent able eat regularly ride bus competitions without overwhelm fear im go get sick feel overwhelmingly sick stomach its mess up digestive system eat habit sleep schedule try ignore distract myself doesnt exactly work either struggle sickness part anxiety more mental part please reply comment,2,2,High,High
amaze quality always look forward these videos get through these long end semester research essay finals,0,0,Low,Low
happy life when get like nice people without any financial problems anything,0,0,Low,Low
worst anxiety life recently as college student now fall behind class forget about sorority events interact friends slowly lose mind room mess thing keep mental hospital right now literally students where student teach exhaust fight get bed everyday shake when sit class talk anyone,2,2,High,High
fail these exam time,1,1,Medium,Medium
deep breathe socialize good sleep exercise make stress ur energy overcome extra stress,2,1,High,Medium
ive study maths hours now yesterday today exam few hours ive go through lot your videos help get through rare productive phase school life thank,0,0,Low,Low
say doesnt want go therapy know thats usual suggestion there things work through slump better make him go little each day much dont want make worse thank help tldr how help uninterested boyfriend,0,2,Low,High
thank word d,0,0,Low,Low
address how deal physical pain interstitial cystitis gerd both which flare up anxiety when hurt vice versa get anxious about something almost immediately cause these disorder flare week two any help appreciate,1,2,Medium,High
qualify all above condition dont know im depress im lazy,2,2,High,High
almost well extend our date twice buy us drink each start make session which last hours call hot although neither us house free give oral although say great time which reply then wait respond her next message dont know kill any momentum because already delay when first get talk course anyway despite our great date second one line up when ask her day later end up cancel then tell week later get more serious another guy which translate as him hot ugly break things off week later ask again one stage annoy her jokey message,2,0,High,Low
thank such kind comment cry when read,0,0,Low,Low
omg first vlog video love your videos amaze aesthetic,0,0,Low,Low
thank im stress over marsh test rhat important towards final grade monday,1,1,Medium,Medium
feel like anxiety kill relationships before start when start talk someone its great until feelings get deeper then all sudden im plague many thoughts thats its hard myself then pull away never know theyre jerk anxiety repel them,2,2,High,High
rather curious see true north church receive m lotteries commission,1,1,Medium,Medium
think suggest bigger knife second,1,0,Medium,Low
asapscience fart during test put whoopee cushion guy exam hehehehee,1,1,Medium,Medium
hey guy see your struggle your want personal change your life love dr k make lot good assessments look into new testament story jesus christ extremely heal super quick read book matthew mark luke john page beautiful text promise these book give peace,1,2,Medium,High
yes everyone know theres something wrong favorite responses need help hmmm really why dont help really need professional professional help heres thing about thati use professional help some years really need person job listen notto talk minutes get paycheck real friends family members who actually care dont pay when tell people think love care youre suicidalthey either ignore bc sick hear never laugh like tell them joke say dont want die hahaha well its wonder nobody want talk your kid say dont want around bc its depress youre medication then why still depress need new dr need get house why dont exercise moment crisis one more people tell care promise help dont hear them again month more dead live alone yet nobody check avoid talk bring food groceries something help bring joy,2,2,High,High
available hours day seven days week live sq ft house master degree work hours day commute hours get your kid extra curricular activities sport while maintain perfect grade get into good college keep perfect relationship your spouse huge k retirement while pay k collegei dont know why many people depress burn anxiety disorder,1,2,Medium,High
ive never medically diagnose anxiety know need see professional officially determine really anxiety sometimes relate symptoms anxiety see online wonder concern some things lead think may anxiety ive perform stag all life still find heart race knees weak every time im stage one time mess up performance when saw peer next day remove myself situation go place where alone dont mind public speak though,2,2,High,High
its helpful help concentrate waaay more help more productive tysm,0,0,Low,Low
wish contribute academic research spare minutes please participate our online experimentthis survey include short video please make sure audiovideo more information video content include inform consent please read carefully prior take surveythe result study include academic publication phd thesisif help us simply follow link url look forward your responses,0,0,Low,Low
im opposite lol whenever im school grade really low online grade high simply because im as stress as school,1,1,Medium,Medium
im week away exam thank tip wish luck internet,1,1,Medium,Medium
help lot even though still didnt reach goal set im proud achievement work get thank much these videos theyre soo helpful,0,0,Low,Low
lol yeahnope sorry school while stressful need unless plan live rest your life as homeless person busker freeloader there option online home school go person issue,1,1,Medium,Medium
really shitty time need support therapy because its holiday weekend im horrible physical pain emotionally heartbroken ignore kid until turn them back over him tomorrow dont even know why post dont know expect want alone,2,2,High,High
all bad happen internet there still plenty good once again thank much everyone who help make life easier really appreciate heck ill even give reddit shout final year project thank again everyone stay awesome,0,0,Low,Low
its hard know everyone around doesnt these issue its hard take extreme amount work make normal day life go smoothlywhich almost never first felt like grasp whole ptsd thing because make sense when first get diagnose longer its harder deal know its like constantly feel uncomfortable your own skin never turn off answer give when people ask whats wrong because theres always more one thing go same time find myself drink more id like admiti never drink before anything take edge off feel like im teach myself everything all over again dont even know how formulate into word,2,2,High,High
really wait long video love your channel thank post videos,0,0,Low,Low
thank now feel lot better read because sleep up hours,0,0,Low,Low
whole episode one favorites requiem tuesday lowcal calzone zone,0,1,Low,Medium
remember girl use know college who stress before exams her hand shake mean her hand start shake days before exam even take place lol,1,1,Medium,Medium
ok firstly say hasnt formally diagnose its point logical conclusion shes suffer some kind ptsd rape endure couple years back before know her when meet seem pretty stable although know now thats case blame her all behaviour really need help understand her before get hurt worse already go forward keep mind things,0,2,Low,High
now study well thank much,0,0,Low,Low
tell everyone who come over must give birth cat im way paranoid its cat then her granddaughter play her ipad super loud give her pair headphones tell her keep them downstairs couldnt take them her moms house because know ill never see them again then call indian giver ask give them her say dont know want guess her granddaughter play loudly balloon ask want play her say right now then landlord like think like kid,0,2,Low,High
happy north sydney milsons point kirribilli happy th,2,2,High,High
im go kill myself when summer end joke im already write letter good luck rest yall,2,2,High,High
wish stress anxiety,1,1,Medium,Medium
these videos rain timer break really help concentrate thank,0,0,Low,Low
love your channel discover its calm inspirational love there calm music word watch kentucky usa,0,0,Low,Low
except now boyfriends take up drink as before fall back into his verbal physically abusive habit im take anymore honestly fear safety when these psychotic mood swing nowhere go though family friends area honestly area family live live druggies situation want force back into dont know,2,2,High,High
challenge rest more meditate more exerciseeat better remove stress life even fun challanges create stress let alone real challangesso disagree dont worry about passive challenge feel better remove worry happier most important challenge complete,1,1,Medium,Medium
really dont know isnt nearly first time lie there other things like him unemployed months look job while his parent pay foe everything live get life hard sometimes get down feel like trust break over over over again dont know,2,2,High,High
people who eat themselves death mentally ill opinion homicide deliberate unlawful kill person another person,1,2,Medium,High
hi there appreciate your work question muslim girl work as doctor veil like comfortable patients allow uk hospitals,0,0,Low,Low
its basically your view anxiety really count negative view amplify positive view lessen,2,0,High,Low
feel overwhelm stress nauseous dizzy teachers give much work as dont other homework as well as parent pressure good school its stressful,1,1,Medium,Medium
appointment today confirm want pursue trauma therapy its scary know hard part want run because again ok consider put off years dont want spend another wish when chance wonder things different already feel like much more person some ways thats enough,0,2,Low,High
taqiyyah heal yourself determination your breath directly relate your mind brain cause negative thoughtsanxietystress relax life sit chair back erect hand lap palm upwards eye close still observe your natural incomingoutgoing breath entrance nostrils around minutes more as still as possible slowly negative thoughts reduce relax mind patience need during your daily activity keep observe your breath consciously above meditation daily feel relax positive affirmations minutes before sleep give quick relief best wish shyaaam sir counsellor,1,1,Medium,Medium
im exhaust continue go work god im tire know im much further year ago still suck know im get happier happy most days,2,2,High,High
personally dont feel like talk about lot feelings because things make feel hopeless helpless things normal make happy american society basically feel like judge source sadness hate work hate pressure expectations hate around people hate money all systems weve build surround want live nature guess want work sometimes own term im exhaust angry all time dont even need pay want help society community get treat like child anytime try express parent how world make feel thats how life work wow thank really make feel much better d suddenly see happy future myself hard trust other adults older judge after hear bunch plus theres time sad when constantly work around other people probably talk therapist about work right after appointment dont want cry right before work ill save another time perfect time never come never actually talk her about issue,2,2,High,High
sometimes go into actual panic attack often husband recently ban go anywhere alone unless absolutely necessary like work something service dog helpful lot worse sorry its weird question its something ive think about,2,2,High,High
weekly vitamin medical school brother,1,1,Medium,Medium
always get anxious when start test anxiety go away always get highest grade class im still nervous,1,2,Medium,High
kyle get start contact again write letter prove still know where live able get touch regardless block him some friends police force near who inform situation about same time start talk them kyle put jail separate reason since these two events stop contact thank christ jam know about kyle havent tell jam about most recent developments because lot go death family health issue among others,2,2,High,High
dont get there already attack attempt bch attackers lose,1,2,Medium,High
dont understand moral speech say stop fight anxiety listen anxiety tell talk anyone talk anyone dont get,2,2,High,High
amaze new content love calm nice beautiful shots,0,0,Low,Low
alright grandpa back your room now,1,2,Medium,High
recently start see counselor because ive feel overwhelm tire all time dont know sure actually depression since ive never chance seek professional help think ive lead calm happy life far im constantly swamp negative thoughts scream youre burden youll never good enough everyone hat never shake off feelings loneliness numbness dread occasional thoughts want disappear ive deal them over ten years now whats another few years thats think till last year now im stick abyss despair wonder ill ever see sun again dont want die want stop,2,2,High,High
allow talk anyone even allow facebook erik make feel like prisoner when facebook app phone always get random pop up notification say login expire never even log because scar erik allow safely phone while next him something like read watch videos,2,0,High,Low
im much depress recently start years ago never ever felt strong now life actually good havent through any traumas far think about life live life make much tire get up every day without purpose struggle own think wan na die hard die family sad love unconditionally always support dont know about feelings depression young age really burn sleepless nights headache all time always look tire sad tear always there im always about cry whenever someone ask okay wish wasnt bear think about life ahead much imagine loss family members depression work life nothing make happy now pretend smile okay front others mindset hit hard,2,2,High,High
thats lot calories,2,1,High,Medium
omg really think new word debacle didnt even try,2,1,High,Medium
well guess stress brink wan na quit school havent check school gc weeks dont wan na any work hate myself much never like before pandemic come now school work hard wan na give up cant cant,1,1,Medium,Medium
thank much lovely weekend,0,0,Low,Low
actually worry didnt enough time know all purpose like first term improve last year as well all need time even feel other learners more all reach your fullest potential,1,2,Medium,High
explain perfectly live nothing excite dont want anything happen dont want part anything dont remember where one day read expression opposite depression become ladder use climb off pit million things id love mind since younger maybe get exhaust try subconsciously get them all once embrace reality let go all ideal future start again blank slate miss part kill momentum none force stop time time change directions extremely drain imagine change job more ten time half year start make morning ritual exercise cycle still there everytime come get smaller before one thing realize people who depress tend work their mind lot more physically like breathe exhale as much as inhale term effort want talk im available through whatsapp,2,2,High,High
im shock how accurate funnily enough ive observe before couldnt really put into word havent think about actively doesnt even apply big problems tough challenge depress people even regular uneventful days feel same whenever lay bed one off days absolutely nothing feel bad things however once get up decide there task want complete even its small one like grocery shop plan vacation go barbershop all sudden theres whole lot motivation everything else as well go outside might as well schedule doctor appointment ive avoid put groceries into shelve might as well clean dish during covid ive start more workouts which unfortunately ive stop again when them right after even though fully exhaust full energy ready tackle anything else come way prepare great food well think clean dish immediately laundry clean entire apartment sometimes id even take shower get groceries entire week choose proper challenge really seem way go as many things life once start rest come much more easily,1,1,Medium,Medium
feel like pin needle top your head start feel fear nowhere symptoms panick attack thank,2,2,High,High
panic attack bad here symptoms chronic fatigue headachemigraines motion sickness mild fevers sweat tightness chest able breathe dizziness fear die stomach pain all areas sternum pain acid reflux fear leave house call ambulance time weekcause feel like something horribly wrong these some symptoms ive get check mutiple time legit blood test cat scan mris etcand nothing wrong thing cant panic disorder its painful,2,2,High,High
name want murder all men believe all them deserve death,1,2,Medium,High
want chalk up finance our finance werent nearly as bad as start think maybe something else go when finally get job ive work towards entire life get your settlement opportunity things talk about your entire life begin experience odd feel call confidence confidence confident our situation finally improve our relationship continue deteriorate attempt exert level control over yet experience which say something time resist,0,2,Low,High
im sorry some study convince professional women need masculinize their voice credibility now theres bunch females power suit sound like teenage boys get opposite intend effect,1,0,Medium,Low
relate tldr something stupid work coworker call rightfully apologize accept all now good cant stop think about dwell,2,2,High,High
video inspire more organize clean thank make such great video,0,0,Low,Low
thank give different prospective choose some heavy responsibilities challenge enjoy carry excite about then life throw passive challenge heavily weight one ones choose find self lack energy time handel things choose im barely enough effort things fail spin completely control appreciate give us example activities challenge add behavioural activation as dont enough time put prospective feel like multiple personalities now each different role husband father son student as go college employee friend secretary our papersbillsinsurrancefinancials im juggeling way more handel add one more object drop everything,1,1,Medium,Medium
mean know its trope like seem like hes quite earnest about as though nightmares dont come place extreme anxiety dont always,2,2,High,High
omg yr old keep rub all over his face other day,2,0,High,Low
suggest someone perfect level look relationship suggest someone perfect anything sillyness,1,0,Medium,Low
nice notable distract,0,0,Low,Low
before know least stand girls follow now kinda feel like shitty clone something dont know dont type follow eyecandy dont really understand help make sense tldr bf change his preference women now feel like shitty clone,2,2,High,High
there literally isnt even dev right college faang isnt well over k,1,1,Medium,Medium
hard time motivate get myself actually sit down plow through textbooks schoolyear go five weeks its tough im second year bachelor apply sciences really help sit get start thank timers wonderful music thank much lot love,0,0,Low,Low
haha opposite school days week dream,1,1,Medium,Medium
lowkey guy know nothing months nothing how go gp once blag suicide without action then fix walk im someone whos same cry way down snowdon because something enjoy dont still dont guy mild its toxic preach,2,2,High,High
hate eat bed snack arent messy ill eat bed thats,1,2,Medium,High
years ago experience st panic attack when ex husband mentally abuse start feel like couldnt breath actually think forget how breath,2,2,High,High
man bad paper now im exam stress anxiety paper,1,1,Medium,Medium
call people npcs really give insight how easy seem them kill attack others,1,2,Medium,High
amaze wallpaper present as reward end give such immense satisfaction,0,0,Low,Low
im straight student last week fail math test because stress im scar cuz physics test tomorrow,1,1,Medium,Medium
love your videos watch least them daily work while study its great youre able generate income through ads however unfortunately feel like there become more more them during deep session doesnt help when minutes im interrupt second gillette ad tell how other products might real pain during intimate groom then another second dishwasher tab manufacturer rap poor hiphop beat about how great their tabs how clean dish get especially when ive turn up music your videos beforehand your work fantastic videos lose their usefulness because these many ads,0,0,Low,Low
weird practically drool while watch,1,2,Medium,High
hard let her know let her know because love her seem issue express myself stress school directly into job itself become distant less less texting feel need communicate moments depression which suffer low self esteem her mom become ill need hip replacement age well follow surgery,2,2,High,High
women cheat way more unlimited options like kid candy store most men couldnt cheat try,1,2,Medium,High
ive actually find opposite true lot case since software development cognitively intense creative process its hard force yourself through get work same way something repetitive ive find some days office id super productive other days id burn really need nap then id good go cant nap public youre force place x hour y hour doesnt factor your actual productivity lead take work home those days complete things later after get break take minutes earlier day where able resume productivity truly turn off after work,1,2,Medium,High
wrestle practice which make stress because most difficult thing everyday after school long hours school practice hours its waste time factor stress about grind,1,1,Medium,Medium
come all who labor heavy lade give restmatthew diane b cast all your anxieties him because care peter diane b,1,1,Medium,Medium
slap myself really hard face before take exams,1,1,Medium,Medium
hair never scrunch jealous,0,1,Low,Medium
use tap water neti pot cold seem get worse right after google neti pot make cold worse suddenly information appear use tap water neti pot get brain eat amoeba naegleria fowleri same one kill kid who swim fresh water guess two people louisiana die via tap waterneti pot few years back,0,1,Low,Medium
im start think youre idiot,2,1,High,Medium
listen everyday thank even tho its kinda sad song make feel grateful,0,2,Low,High
use love mix addys valium s though lol,0,0,Low,Low
college entry test some days im scar shitless feel inadequate all time,1,1,Medium,Medium
hope talk go ok though these justnos may im glad prepare go south,2,0,High,Low
thankfully damn label cookbook dsm mental health professionals list some criteria diagnose nervous breakdown make yet another personality disorder react stressor especially intense external stressor many stressors once doesnt need dsm disorder yes sometimes stress overwhelm shouldnt need dsm disorder entry some validation empathy compassionate support all thats need screw nonspecific toocommon misuse specific disorder cookbook,2,2,High,High
still feel like im meth days later after sleep less then hours total over time im go depersonalization derealization when get really bad when havent twitch few hours start feel really tire depress like body need rest again instantly jack up speed high again honestly most fuck up situation ever imagine barely believe its even happen its fuck up literally feel like bad dream please help,2,2,High,High
teach when stressors exceed ones ability cope technical term crisis course diagnosis id like learn more about diagnosis adjustment disorder when its appropriate use example sometimes patients ask some time off work some room cope whats go their live perhaps adjustment disorder appropriate diagnosis situation sometimes,2,2,High,High
as writer actually love idea definitely distract our mind ill try next time feel overwhelm,1,2,Medium,High
anxiety about death,2,2,High,High
cool reaaaaally cool thank verry much all say,2,0,High,Low
ca students need type calmness some lil sound while study which keep them fresh amidst toughness chapters,0,0,Low,Low
make flashcards today biochem lecture thank company,0,0,Low,Low
bro thank say,0,0,Low,Low
get feel super bad aka anxiety feel super good one single think theyre most time exaggerate then another think get feel super good feel super bad matter second these switch last hours stop then come back again when get bad feelings its awful way cope them think way kill myself then when get good ones completely forget about sensation bad ones give see bright side,2,2,High,High
never anxiety day life before plandemic even life death scenarios weird feel nowhere like im gon na pass though never use scoff notion anxiety,2,2,High,High
definitely agree all point mention video software engineer myself video channel discuss how deal burnout recover w take,1,1,Medium,Medium
really hard day today still study come up recommend thank much upload absolutely wonderful watch felt like study friend,0,0,Low,Low
really thank need,0,0,Low,Low
really cute such sweet girl its nice hear your voice,0,0,Low,Low
shinjuku shibuya these two vids always favorite ones calm dwon keep focus study work tons thank abaop,0,0,Low,Low
dedicate hour day after before work exercise cliche maybe work hour include shower move away workout minutes preparation warmup minutes actual workout rest shower get back life youll feel tire first days then magic happen,1,1,Medium,Medium
im study exam tomorrow thank here,0,0,Low,Low
days before start exams lock myself past two months dont remember last time get outside its okay until now anxiety slowly kill literally study like hours then get tension headache matter wont go away when try force myself study get worse pray ive accomplish past two months wont waste,1,2,Medium,High
tell different place life look buy house im start grad school understand wont financially stable few more years because student loan say im get master engineer worst im look year payback plan tell doesnt think work long term because different place think make adjustments differences between us force things work,0,2,Low,High
make happy glad get right kind support need,2,2,High,High
want say these videos really helpful thank share these us ps such beautiful view,0,0,Low,Low
rebeccaliew tbh more less talk about how stressful school isi agree most learnwhen say get rid school joke believe school streesful hop clear air,1,1,Medium,Medium
mathematics stop here good thank video able concentrate complete whole chapter thank love india,0,0,Low,Low
as one some much anxiety get bed know try run away make worse make your friend say let come its normal its brain tell leve bad life anxiety now minimum today its best friend because when get feel again know somethings wrong need calm down something myself love,2,2,High,High
use kinda smart graduate high school about semester college credit use pretty tech savy use help family their computerphone issue nothing major though virus removal printer setup etc think about purse as ba broward college computer program sheridan technical college such as these url someone website once recommend look into cod idea where start how make career think think first step turn life around,0,1,Low,Medium
discover your channel days ago prepare professional exam its really helpful im highly productive thank your videos anyone read dont worry gon na ace whatever prepare good things their way all best youve get under control xoxo,0,0,Low,Low
dude coyotes joke good job name,0,1,Low,Medium
thank much your help,2,0,High,Low
typically care slightest about things like feel as since good friends basically turn their back loss good friends before mean everyone else tldr gf break up try turn people against,2,2,High,High
husband wait medical result test over past couple months horrible both uscant stop cry,2,1,High,Medium
old school hip hop why useless comment,1,1,Medium,Medium
possible panic attack while experience illness anxiety disorder,2,2,High,High
nervous breakdown side road,2,2,High,High
totally understand anxious about job interview presentations thats totally normal about those us who get anxious about things arent suppose anxious about eg go food friends see family love who love us crew try tell us those instance as know these safe space yet feel anxious about them perhaps because know shouldnt feel anxious reason,2,2,High,High
struggle social anxiety mostly center about people think like nice car stain clothe havent notice job im work etc get those same feelings hear help lot youre struggle something go somewhere imagine another person job activity thing your fear real person there third person judge them think poorly them even loud mock them now imagine how goofy silly how little actually think person who judge now realize someone treat way world judge them their ignorance imagine hypothetical help grind when feel panic about something hope help someone else relate help,2,2,High,High
hi go er last night after another mental breakdown honestly didnt know where go because didnt want home night didnt let stay hospital because wasnt bad enough calm myself get myself hospital alone offer prescribe any medication recommend go er anyone who difficult situation thats hard explain scary experience constantly forget about didnt even get see psychiatrist like tell instead nurse come basically blame symptoms myself say one who need therapy like thank sherlock couldve try validate own feelings felt rush basically say shouldnt break down over family problems doesnt know may undiagnosed problems trigger family problems since ive mental issue get worse over years now where go cant stay house plan visit general gp soon,2,2,High,High
suffer some bad burn injuries about year ago panic attack hit like freight train mind race chest get tight get hard even breathe cant concentrate anything feel its horrible physical wound heal psychological wound hurt more shoot bullet,2,2,High,High
dr k talk about chillis gift card run close home ive software development over years work lead medical bill company us about years ago ceo always brag about how well company millions profit yearly our monthly meetings first xmas there hr lady show up box look like brand new set business card vista print say please form line one few actual office cubicle department ask superior line respond want your bonus then yes stand line get publix gift card actually think joke since like months company well wasnt needless say didnt last long there because all reason doctor point video,1,2,Medium,High
haha kind exam anxiety able sleep well before exam,1,1,Medium,Medium
logic right lose its mind about year ago,1,1,Medium,Medium
ok butwhat after overcome s panic attack physically feel exhaustedthen think take painkiller something help ease feel dont feel thats right way solve,2,2,High,High
muchas gracias thank much merci beaucoup por un trabajo hermoso que embellece muchas veces estas horas de trabajo,0,0,Low,Low
quality video really impress thank,0,0,Low,Low
years think point pride person tell dont know how regular basis become gauge know when might slack good long term plan consider mental breakdown care mother who lose her battle cancer care teenager nonverbal autism seizures same time triangulate terrible relationship one day try get medication son need couldnt straw like ability hold any more fear worry loss emotional pain capacity lose ability speak couldnt drive anywhere like world different place longer know how navigate try call family able say where son sit back car whole time sister show up take hospital as soon as ask question sound come never hear anyone realize today sound years keen hospital someone ask question start keen again give injection ativan all stop able speak everything else go doctor tell wasnt mental breakdown same time tell close lose myself im sure difference ive never experience again wonder exactly,2,2,High,High
thats good im study grade im exam after learn music best mark thank abao,0,0,Low,Low
sister mommy edamame,1,1,Medium,Medium
nnicece sonng leaarn without sleepe,0,0,Low,Low
thumb up youve ever temporarily forget your name exam,1,1,Medium,Medium
okay see look really cool festival photos though,2,2,High,High
ive depression social anxiety almost years first time couldnt go school till now completely put life pause when gon na start live again,2,2,High,High
dream sometimes where breathe then wake up gasp air shake sometimes panic attack honestly dont know cant find any info,2,2,High,High
omg thank u much music listen almost hour without get distract its good keep make these amaze videos u deserve sub,0,0,Low,Low
personally depression anxiety feel similar addiction because fight off every single day never really go away even therapy medicine lifestyle change its there doesnt help state world right now enough make anyone depress,2,2,High,High
idk about procrastination usually challenge all cheap dopamine hit scroll watch senseless youtube videos one actively look as cry help haha things wouldnt actually free time think active challenge mean things actually want maybe something like read book youve save when youre play game want play recently more realistically because book game quickly strip us more time want as well write decorate journal page something care about grab fun drink like matcha good coffee outside these things dont need want them regain control choose them,1,2,Medium,High
nah think thats salarian mass effect,2,0,High,Low
friends get kind weirded all run excuse boyfriend dont want break up because other one issue wonderful partner really enjoy time him how address issue cone reasonable compromise tldr boyfriend wont hang around friends since sleep some them,0,2,Low,High
cant think about both them without get angry jealous again talk each them actually help lot tldr three friends where one m fall love f f fall love other m which isnt feel anything her as girlfriend best template h long teenagerdrama,2,2,High,High
people who dont know seem like introvert who well school decent home life etc people who know seem quiet care nonchalant happy person know who love talk about their interest someone who instantly bounce back anything people who close seem hard read impossible anger compose put together sarcastic one day when try kill myself tell friend look even happier usual try fail nobody know once try subtly tell friend want die their response know someone kill themself its such selfish thing when try kill yourself arent think about how youre go make people around feel youre think about yourself deserve,2,2,High,High
apologize point later first instinct always blame often thing hes blame exaggerate make look like routine flaw even its once off thing doesnt hesitate show his bad mooddispleasure which apply how around most people think its worse when its about doesnt hide all even around other people particularly cautious piss him off bring up anything upset him public when hes upsetdispleased private withdraw its up grovel convince him talk again,2,2,High,High
dont forget kid even mean honest conversation your parent about these years youll never get back enjoy live kid kind schedule juggle through s im electrical engineer aerospace company someone youd consider successful didnt need jump through all hoop youre go through get there dont let society make lose your mind juggle stuff genuinely bring joy value your life id say ballet all need take ap class high school theyre valuable besides present image which fleet best take care still remember like yesterday im definitely all those things nor want age still martial arts work practice violin im make plan start own business something id expect year old tldr kid wont put your future hold come someone who thrive off optimization productivity hack achieve success,1,2,Medium,High
exaggerate tell best friend how youre reason im motivate im lbs down even gift your journal birthday,0,2,Low,High
say sometimes actually many time avoid todays world seem abyss as tell subscribers weeks topic people sense feel lose many emotional depths deep feel about overwhelm internallyaka breakdown ive close twice life once social reason as social ability others especially opposite sex bottom rank enlist military trade name once as graduate college physical therapy degree flunk board field go south job thank severe medicare cut solve both simple task really simple take piece paper one side write problem other side solution middle write strategy get there then bottom page write each strategy subdivide make strategy happen ie problem pt license solution become license therapist middle strategy pass board test subdivide take class exam study four months simple method visually put your mindyes need here get there proactive mind veer away breakdown point instead spin its wheel panic which over time lead breakdown use method anything plague your life climb abyss hope help someone therecharles,2,2,High,High
true reason shut neet america least ive observe either over bear parent control parent parent treat grow adults sometimes even like kid still over shelter parent parent try everything kid always tell them rob strip them independence make them want things anymore stay trap situation years know whats wrong why motivation live life their own agency its because their autonomy strip,1,2,Medium,High
im give upvote perfect comeback im happy about,0,1,Low,Medium
watch video before leave funny never get see video neither anyone else call cass didnt see come caseworker get piss miss meet didnt bother get bus pass,0,2,Low,High
mechanism during stress cause thirst along increase urine output,1,1,Medium,Medium
evry time study use wonderful wich exams easy,0,0,Low,Low
find happiness its literally know stick like,1,1,Medium,Medium
cheap hotels arent really any cheaper least expensive studios abb sleep car one night save little money wasnt bad weve get luggage car there isnt much room im look cheap storage use bulk our luggage while transition permanent place any thoughtsideas helpful thank,0,0,Low,Low
randomly come across your channel find calm thank share tofu brownie recipe ill try soon as look delicious,0,0,Low,Low
little girl recently die because her parent refuse get her medical treatment insist name heal her,2,2,High,High
anxiety isnt any those things ive recently diagnose anxiety new grandma mom breast cancer try come back ive one graduate professors turn after super supportive remove assignments because native american content make other students uncomfortable plug outline project into medicine wheel instead write into spreadsheet yes ive file grievance grade appeal nerve completely shoot trouble stay asleep love sleep hate wake up because feel nerve jump when wake im go look some your other videos first one ive seenthe therapist talk want go meds im meds kinda person write prescription emotional support cat see regular doctor friday about,1,2,Medium,High
all these things think contribute less traumatic experience first birth before second birth kind lunge towards our first kid road which later learn give her symphysis pubis dysfunction url actually substantial backneckjoint pain more later first pregnancy as well worse cause her need crutches remainder pregnancy super uncommon thing woman experience url which include favoriteever wikipedia alternate relate article see most women resolve itself quickly after baby bear spouse didnt start see pelvic floor physical therapist maybe help maybe didnt,0,0,Low,Low
im own worst critic dont need anyone berate great job myself its exhaust anxious all time vicious cycle get anxious develop symptoms worry about symptoms rinse repeat ive try many call self help methods nothing really work long term maybe ill practice anxious awhile,2,2,High,High
as someone who near mental breakdown after girlfriend cheat think amaze insight after catch her her ex her house fell apart few days come back together stronger life full finally figure how love myself think truely happiest ive ever money romance friendships start flourish extremely optimistic about future now anybody go thru right now there light end tunnel stay strong keep push find your way get there much love,2,2,High,High
mean maybe as say decade ago more,0,1,Low,Medium
name didnt want deal name reasonable name more foreign policy experience credentials name time,1,2,Medium,High
make podcast part daily morning routine change life im bot man path enlightenment thank mel,1,1,Medium,Medium
some most beautiful music ive hear thank much upload,0,0,Low,Low
panic attack like big adrenalin rush horrific dread,2,2,High,High
name impersonate name after get arrest yesterday make pretty clear who give name phrase,1,1,Medium,Medium
why sick anxiety,2,2,High,High
all sudden all hate turn against again happen often before yell whine her dad who call stay calm totally clueless about start break up tell spend night hotel somewhere street shouldnt come visit her hospital next week blackmail basically,0,0,Low,Low
nah unexpected panic attack first time felt like bout die pain chest oml worst thing ever,2,2,High,High
australia study amaze scenery different,0,0,Low,Low
panic attack scary dizzy felt like choke shake couldnt focus anything after affect still affect its hard go sleep still go sleep somehow pray god protect pray him help get through,2,2,High,High
video get through three hardest years grad program now get say im doctoral candidate thx amaze resource,0,0,Low,Low
simplelife might move another school aint any work due tomorrow,1,1,Medium,Medium
want die want,2,2,High,High
yep im introvert big group friends get tire even after spend hour friends sometimes,1,1,Medium,Medium
exactly its take years recover love work much addition toxic family issue etc ignite burnout,1,1,Medium,Medium
multiple medical issue along depression anxiety dads comment well always worse thankful dont cancer something like make feel worse because hes right always worse thankful its feel bad depress like its all fault feel way,2,2,High,High
tomorrow last two exams year use video while study whole week get good score most thank much,0,0,Low,Low
ive like talk front class once twice whole life school n uni im scar whenever stand front,1,1,Medium,Medium
lot relate scarily say give up never really get spot grind another pawn system break up perk go past stress pressure simply disappear,1,1,Medium,Medium
thank need boost,0,0,Low,Low
im grade philippines worry regret school public dont any choice because parent work hard try make money buy supply some few money spend wisely still worry about test exams,1,1,Medium,Medium
its become cyclical where retreat revise then feel like need retrigger myself avoid slip back into denial happen way happen cant live like dont want live lie sometimes lie keep function therapist away month mean one push deal thing dont know,2,2,High,High
feel like gon na throw up start gag usually cry scream happen while public friends still dont understand tell stop cry because think sad even when normal tell them cry emotional panic attack think havent go through people really dont get,2,2,High,High
some tip kind yourself dont dwell things past dont focus future stop compare yourself others stay strong love yourself defeat anxiety,2,2,High,High
father struggle alcoholism nearly his entire life hasnt contact myself mom sister years guess all sudden catch up him past away heart attack recently still doesnt feel real girlfriends family nothing supportive throughout whole thing help grieve through his death needless say want attend funeral memorial because id like remember good time him up bad memories rough child hood cheat mother wasnt great guy,2,2,High,High
fee like dont want die want disappear like want talk anyone find everyone irritate thats one big thing find everyone irritate even its people love sound horrible its true hide room,2,2,High,High
definitely question societal norms around mental health its call challenge our definitions normal foster more empathetic dialogue,2,2,High,High
fuck get money through your job while literally nothing help your patients fuck absolutely useless bigot town small suggest everyone know never ever go your damn fuck clinic dick time get new doctor see finally get someone listen,2,2,High,High
request anybody read comment listen guide stress free live om swami audible its amaze audio program about stress free live greatly benefit,1,1,Medium,Medium
yeah honestly maybe thats why video kind make irritate like get anxiety feel realisation get rid constant dread fear how dread negatively affect life make unable physically things most days now,2,2,High,High
addition active vs passive challenge there intrinsic vs extrinsic motivation intrinsic motivation mean want something because your own personal reason choices extrinsic mean those force come expectations others psychology know intrinsic motivation much more effective most extreme case task want your own reason second same task require expect motivation all disappear experience extreme level people misconstrue as brat think develop child into adult internal way because alone lot as kid bully all throughout grade school child neglectful parent dont deal well when internal world feel like its invade even usurp control,1,2,Medium,High
now years old still struggle anxiety currently im struggle friends currently none drop dont know why sit alone class lunch when get home sit down watch tv hop get text message say care sorry yet receive one,2,2,High,High
way dude wilpons cheap twitter guy contract guy good twitter impression,1,0,Medium,Low
maybe exams all doesnt teach anything its good look school get more money,1,1,Medium,Medium
worry bite as name ive always impress name love their country great anthem,0,0,Low,Low
peresphone its take yrs recover burnout omg know go go through wouldnt continue like,1,1,Medium,Medium
f marry husband m about months ago after date years know each other about when first hook up successful career adult industry support him almost years before get job know before hook up because industry years everyone back home know tell multiple time accept love regardless however abusive always blame job before now retire since our marriage use past against during every fight,2,0,High,Low
burnout because overwork ourselves easily suck deal emotions,1,1,Medium,Medium
ive panic attack heart palpitations lately really bad when drive other stressful situations point where couldnt work last week when im home im fine im pretty sure its stress relate stress pile up past few months thats understatement tend burry things keep truck think its all comming up physically mabey exacerbate heart issue normally go unnoticed sure need see dr describe phrase say im nervous breakdown nerve shoot another phrase,2,1,High,Medium
love immediate cut gladiator die defeat screen make funnier,0,1,Low,Medium
come here watch get lot stress biology exam forget everything study,1,1,Medium,Medium
yeah still anxiety felt some improvements think live healthy way most important try get full nights rest eat properly socialize excercise something completely get your mind focus stop overthinking like play sport play sport really good sometimes even work stress relieve since youre force focus your job your mind doesnt time let negative thoughts its all about develop habit help try write them down dont forget them try write down pattern notice yourself,2,2,High,High
chronic all over muscle nerve pain good life stress finance due hard time work consistently im sure im depress burn about situation chronic pain how work body vs against thank,1,2,Medium,High
anyone depression hide feelings things happen throughout every day life encourage please open about your feelings dont keep anything bottle up anxiety now feel want im try scare im try help know time its hard please try as open honest as possible about your feelings love all,2,2,High,High
afraid die sleep then talk nurse hour nurse line encourage believe wasnt go happenher calm voice make believe go sleep wake up as normal because burst low respiration shallow breathe symptom anxiety since then ive peaceful sleep even peaceful nap during day btw im go through ativan taper off,2,0,High,Low
thank muchi need,0,0,Low,Low
reason im alive right now because dont even courage commit suicide,2,2,High,High
always study peaceful find actually fun when put d im study psychology,0,0,Low,Low
yeah thats how someone die dour festival when swim stone quarry,1,2,Medium,High
love hang him listen his stories,0,0,Low,Low
wow cousin name name who order corn nice lady die years ago miss her xoxo,0,0,Low,Low
all those go through breakdown hope get through joyful days ahead may there peace always all anxiety away each us,2,2,High,High
love hamimmamy your video comfortable thank,0,0,Low,Low
her perfectionism some form zen still feel namis selfreflection sometimes come selfconsciousness women expect perform like see her relax enjoy things thats best part watch her solo journey through life,0,0,Low,Low
its id bet his biggest crime introvert lowinhibition psychos never seem lack female companionship,1,1,Medium,Medium
thank tip feel like school overwhelm lately thank,1,1,Medium,Medium
exactlyi math exam tomorrow im already tear hair,1,1,Medium,Medium
appointment paralegal draw up separation agreement when tell him want file separation divorce ask why mention him about find extent their chat cellphone bill about disappear im account leave affair arent completely honest about feel like reconciliation experience string along till get your piece place leave,2,2,High,High
mhm way treat folks mental illness shock remnant awful days go which nobody bother away system need overhaul enough care mental healthcare still many us lack empathy view people who struggle as freak,2,2,High,High
dev work isnt prestigious wasnt all those hustler wannabes hype most people see work isnt reward meaningful most managers treat devs as glorify mechanics whom mostly contempt company managers constantly try devalue work devs try diffuse any influence any credit individuals team fact wag relatively high due relative lack train people due artificial factor like gatekeeping impede people move between development areas example develop bi tool scratch previous company wasnt allow work bi systems as many case its crappy environment build skills often get box something suit management,1,1,Medium,Medium
math exam tommorow,1,1,Medium,Medium
prove point dont know how read im confuse,1,1,Medium,Medium
weird thing say,2,1,High,Medium
never know about depression know about depress actually learn something important life,2,2,High,High
why felt somewhat less overwhelm everything when make game active task deadlines idea bear half wish get some more through pile yet unplayed game half curiosity play through entire metal gear series before year over within about six months time start make sure make time every day even one hour play other game between as there wait time between finish mgsv before release metal gear collection make sure able finish them within deadline its like make game into one household chores one actually enjoy thus didnt mind daily felt like despite extra daily task other things become bite less overwhelm felt good accomplish something,1,1,Medium,Medium
its often like fight back hell remember treatment give them bad rep later,1,2,Medium,High
drive anxietypanic attack really dangerous its s bad as drive sleepy drink im about half aware,2,2,High,High
why people downvoting instead provide arguments against,1,0,Medium,Low
one day touch side ankle felt like electricity shoot through foot happen both feet then both hand felt like burn hand hot skillet then progress through entire body head felt like plug into electric socket couldnt sleep months feel plug constantly hand start go numb afraid happen heart brain family doctor say way hold phone carpal tunnel beg him referral neurologist test everything negative result constant pain neurologist send psychiatrist psychiatrist exclaim dont treat pain havent see any doctor since suffer terribly over year still trouble numb place back hand where nerve damage think maybe nervous breakdown pain meds dont work one read wish someone world know cause ice hand some nights try sleep im any medication whole time sometimes try tylenol ibuprophen,2,2,High,High
thank much awesome helpful videos really enjoy them make study days better,0,0,Low,Low
anyone feel like theyre constantly need yawn when feel anxious most annoy thing ever hardly get satisfy yawn,2,2,High,High
get angry because mad god make panic disorder show anger people complain about racism stand people who complain ask help them guess ignore people damn stupid,2,2,High,High
many cohorts ask how two even friends when come which couldnt give clear answer short business license agreement both sign friends think time change him dont think friends meet today isnt productive business his practice many time seem include emotion his own self interest rather business find him unfit as business partner as well,0,0,Low,Low
please dont put word into mouthi never say rape isnt problem,2,2,High,High
host sense superiority childish sarcasm terrible physically hurt,1,2,Medium,High
come up live us shed leave alone him waste his mind while her boyfriend who shes now marry eventually move back dad everything fine id call talk her sound like her life together well then break up short period time move live her half siblings drink excessively call cry about her life,0,2,Low,High
your apartment come together nicely love picture pika leo definitely go get pink day day journal im beyond grateful part cove community,0,0,Low,Low
stay sub offer any advice think success story worthy share say never destroy persons hope may all leave much love all good tip advice during struggle thank,0,0,Low,Low
unless vexd,1,2,Medium,High
im literally cry rn bc exam tmrw cant understand,1,1,Medium,Medium
try paint penis around pothole seem work manchester,2,1,High,Medium
study mechanics solids prepare exam thank,0,0,Low,Low
guy want hear beautiful song about breakdowns let go frou frou,2,2,High,High
wow congratulations take your sex life back nice wake up see such positivity,2,0,High,Low
ill let know guess their wire get cross mean hed let her know whether make apparently take as him confirm hed go hed let her know detail time etc her christmas party roll around last minute ask spend together still kinda new pt month into date agree,0,0,Low,Low
tend use phone lot while study now study without distract phone im half way through its late night here im really get sleepy go bed now definitely study tomorrow morning again gon na useful future view relax give vibes like actually sit desk study,0,0,Low,Low
name ot team without name sometimes bad things happen,0,1,Low,Medium
sure almost years ago july two months into first job university get bite leg continue like nothing fell apart october must live survival mode until get call man who save life get recognize bravery award hear those word literally felt chest rip open havent able close wind since,2,2,High,High
bipolar panic disorder when panic disorder start become afraid own inner monologue point where couldnt think read understand experience days terror never end panic attack use selfhypnosis treat work,2,2,High,High
think about often wonder get over something keep hold back wonder fault turn away bring their attention earlier accuse participate keep wonder theyll believe year old year old please anyone who struggle read please dont let yourself fall into trap dont keep your mouth close dont polite keep yourself safe matter cost wish every day quit job sooner second people warn nerve tell another manager how act tell anyone how uncomfortable scar,2,2,High,High
thank video im some leetcode,0,0,Low,Low
dioguito think one major solution sleep create consistent safe space yourself sit feel youve go through without distractions day your past even ive develop bad eat habit lately because need sleeeeeep lack sleep make huge crave extra carbs highly recommend google how sleep effect your cravings mental health because its incredibly important,1,2,Medium,High
never realize how important address our secret feelings its true deny their existence lead despair hopelessness create culture where its okay express vulnerability seek help,2,2,High,High
most welcome thank lot love,0,0,Low,Low
never really hat name now love name,0,1,Low,Medium
didnt know hospitalize panic attack every single day heart rate bpm blood pressure stroke territory healthy individual other,2,2,High,High
problem even more experience find improve much there almost always many variables when give management believe realistic estimate its laugh take seriously because far typically expect concrete example recently day project which want estimate month window wasnt give option insist scope narrow repeatedly tell during initial part project narrower scope outline fact real scope nothing worry about meanwhile within days key dev project who get approval enlargement scope different direction where narrow take off project over month one else pick up his slack think his bite couple weeks hopeful when return guess whether couple weeks as project drag well past days discover gradually all assurances give begin project about narrow scope insist mistake best lie worst all things explicitly call removal come back new items drop onto pile over year delivery still mess when deliver because lack organization failure requirements understand whackamole play whole time,1,1,Medium,Medium
how stop without get myself black ball deal harassment tldr break up ex who cheat ive get harass exgirlfriends sister job hold lot weight company her behavior escalate how stop without get myself black ball deal harassment,2,2,High,High
im here after turn assignment time because because canvas because wouldnt turn file put reach professor im anxious im gunna fail im ease video hope understand,1,2,Medium,High
im go through depression its tough work make depress suicidal thoughts jump off build stop because think baby lose life as havent successful anyways hate myself keep doubt myself im verge give up,2,2,High,High
stress doesnt really start until get school lol wait till dead end job even your own business worry about bill bill bill big ones dun dun dun get marry kid buy house hahaha,1,1,Medium,Medium
cartoonanimation student sometimes really hard focus project thank video work easier way more motivate im finally get over procrastinate animate thank,0,0,Low,Low
dont live there family there,1,1,Medium,Medium
those literally possibilities,1,1,Medium,Medium
thank such long time study,0,0,Low,Low
rarely forget about symptoms rarely dont bother still occur always see two different doctor about rule few things suggest purely anxiety go ssri go ssri yet however plan asap,2,2,High,High
point graduate th grade middle school these days hard wan na quit school,1,1,Medium,Medium
daily ashwagandha use daily help person deal ptsd relate walk egg long term relationship where every day there unanticipated stressanxiety relate how partner frequently react something say,1,1,Medium,Medium
especially because jeff drink drug which inconsistent lifestyle overall regret agree him bf ruminate over couple counsel multiple time tldr boyfriends brother almost college grad little direction bf want him move our expensive city job live our share condo rent free,2,0,High,Low
shhhh before make neocons angry,1,2,Medium,High
strangely enough women work place queen,1,1,Medium,Medium
omg older kid call sx,2,0,High,Low
watch these while stress becoz study hahahaha,1,1,Medium,Medium
usually when think nervous breakdown think something anxiety relate,2,2,High,High
all garbage happen find hard keep chin up negative anticipate worst vocalize feel as though better chance avoid worst because im still suffer make myself unlikable make fool myself additionally situation turn better expect pleasantly surprise let down when something go wrong because relationship family horrible as well dont want lose one few friends over idea how change such thing even possible,2,2,High,High
live together life pretty sweet shes ex reason right any case last two years after college get rough eventually both work things pile up worst possible way didnt agree how take care pet,0,1,Low,Medium
let alone his assault charge beat her right her options issue lease wouldnt able afford desperately want help her situation feel like help her choose anything happen her become fault refuse let happen,2,2,High,High
hello as tell title im concern about little girl across street shes able walk talk dont think shes even yet ive witness four years ive live house home live all suitable her as develop child her parent constantly scream each other street girl bawl as her mom command her get into her car take her wherever,2,0,High,Low
dance most stressful thing imagine,1,1,Medium,Medium
ive follow many these tip ones best scientific tip study video years while help get awesome scholarship amaze university still get nauseously anxious exam weeks hair fall off digestive system become shit get sick idea its lead actually consider quit university start something doesnt need any title,1,1,Medium,Medium
thank now imma study,0,0,Low,Low
negative cheese incident free night,1,0,Medium,Low
good job study really enjoy thank much,0,0,Low,Low
first time post here apologize break any rule take sertraline zoloft about years now lowest point take mg day stable mg day while now like one day off completely know take lot time work question anyone tell their experience withdrawal symptoms,0,2,Low,High
thank much im sure understand why its such huge help people like keep up good work,0,0,Low,Low
hey guy how ive diagnose anxiety disorder years now though know ive more ten years didnt know anxiety issue im years old straight dude who start struggle anxiety when start think gay now know thing call hocd time even come as bisexual mother after go therapy hop accept sexuality discover problem wasnt self acceptance anxiety disorder make sense because come as bisexual even though dont feel attract men think bury desire something like,0,2,Low,High
hey abao its while since last come here watch video want let know how much your videos mean always study one particular video since location perfect music suit taste now im highschool about enter college always dream all want say thank side all time may mean much mean lot thank thank thank,0,0,Low,Low
other ignore name ptsd,1,0,Medium,Low
any help mean world sure how else pull off edit fix wish list link ive never before apparently suck wishlist link remove thank again bottom heart your assistance pay forward as soon as humanly possible,0,0,Low,Low
need thank man now think anxiety right voice head,2,2,High,High
hi really like your study sessions actually curious how spend your mins break time thank,0,0,Low,Low
first time saw video recommendations laugh then today need study couldnt focus look up help lot thank much subscribe,0,0,Low,Low
exam days im tremble fear,1,1,Medium,Medium
abdullaxshero huh thats nothing lol gettong stress welp accord may idk,1,1,Medium,Medium
im happy share clear exams afternoons silent lonely study during massive heartbreak wouldnt possible without your videos make feel less lonely,0,0,Low,Low
wish school yr end already hate everyone there,1,1,Medium,Medium
youve violate rule please adhere rule engagement,1,2,Medium,High
im years old human years yeah id bet,1,1,Medium,Medium
chickens definitely die sheep might small chance survive cow might slightly higher chance pig surely survive,1,2,Medium,High
when try tell outsider feel depress ill guarantee think here go talk about himself againthats reaction get anyway,2,2,High,High
much effort cat believe tree die sin,2,0,High,Low
want die because know simply never give up feel like couldnt go another mins without your heart fall,2,2,High,High
im legal age hes second partner wil try find more about,1,1,Medium,Medium
when first watch think lifestyle long far own still comfortable as watch begin find hint try myself thank teach joy learn life,0,1,Low,Medium
see her as distress confuse hurt person part hand file behalf guilt all her hard deal ill keep breathe move forward,2,0,High,Low
how now how deal anxiety issue how defeat,2,2,High,High
exam five days wish luck,1,1,Medium,Medium
things good again like begin then yell come back get really sick go hospital refuse come visit when home tell dense expect him come hang when such deadly disease mrsa deadly,0,0,Low,Low
hi everyone sorry ask today mums birthday first month where havent pay early until tomorrow money issue its mums birth today always want cake unable give her one year nice cake local supermarket pay work tomorrow repay soon,2,0,High,Low
youre read want know youre great even dont think fact youre here listen whether youre study sleep whatever youre here thats amaze know even though dont know whole heartedly believe accomplish your goals heres some good vibes while listen,0,0,Low,Low
tell parent like years ago im depress tell its all head change way think years later thoughts still same,2,2,High,High
theyre bad time because life bite crap,1,2,Medium,High
ask them theyre go give test salary nope there,1,1,Medium,Medium
often procrastinate assignments whenever stress feel like work impossible complete work minute session make feel like bad soft music background make relax focus now capable finish work late night thank create series,0,0,Low,Low
someone once tell start little things grasp carry thats how life become more colorful go along same line as things badly as someone who anxiety years time change life,2,2,High,High
such great channel great see livestream view keep up great work thank prefer physical book,0,0,Low,Low
lot us men need start make life style change go earlier actually brush our teeth shave our face start work eat better these things help build your confidence when youre confident its hard anxious about anything hyper thyroid there trigger anxiety happen when remind myself self tyler your fine theres nothing worry about fight urge panic great support group fortunately thats big g help anxiousness,2,2,High,High
wildlife ecology really give better perspective how natural systems work,1,1,Medium,Medium
itll get better know sometimes its hard believe its true promise,2,2,High,High
thank important transformation test tomorrow morning,0,1,Low,Medium
get panic attack even see any movie whether comedy sad anything,2,2,High,High
surely token appreciation procrastinate lot study before your channel surely help lot overcome problem thank lot malaysia,0,0,Low,Low
ptsd start flare up due potentially go back into traumatize situation ask assistance find low cost therapy city give address go as well as program name physical disability go place about therapy immediately ask about program which never hear google say specific program different demographic live group home confuse accidents happen name change all time government program such when go follow up appointment social work place front desk lady say didnt appointment,2,2,High,High
dont bear rap planet jeez why damn virgeens make such fuss,1,1,Medium,Medium
right now scar tldr kid about lose our apartment due sudden loss income need help next few days make rent please help need least make,2,2,High,High
its flaw think enjoyably campy fun ride,2,0,High,Low
all come down presence doesnt present here now focus here dont yesterday tomorrow now,1,1,Medium,Medium
thank god video exist year more exams actual class im gon na die,1,1,Medium,Medium
yep thats daily commute,1,1,Medium,Medium
wonder when im stress suddenly want room messy able overcome clean feel proud myself,1,2,Medium,High
cm n abao v gip ti tp trung hn nht l khi ti nhng bn vit nam ang hc tp chun b cho k thi ln pha trc thank your help,0,0,Low,Low
exam tomorrow feel stress topics hard idk why study these peaceful atmosphere way approach your book make ease go topics tysm,0,0,Low,Low
video jake talk about get exercise move his body which help him get depression when go through depression antidepressants help help force myself bed go walk nature socialize when youre depress energy anything all sleep become withdraw society which make fall into deeper depression one must force themselves opposite depression your mind body your mind body interconnect walk help kick start recovery exercise release endorphins help your mind feel happier watch thoughts change mindset more positive help depression fight negative thoughts battle still fight day its battle worth fight get sad time time longer suffer depression need live depression overcome learn sign depression learn how stop negative spiral antidepressants over two decades post video channel about own personal story depression,2,2,High,High
wish school get rid group assignment its like gamble id rather fail because own stupidity because other random people,1,1,Medium,Medium
gotu kola best herbal remedy anxiety depression memory improve circulation cause alertness help relaxation,2,2,High,High
good luck those exams years ago how go,1,1,Medium,Medium
hi im study biochemistry today its helpful thank,0,0,Low,Low
know when start cry feel like barely touch barrel tear accumulate over years,2,2,High,High
one thing im really struggle im make excuse because know im one who act action know suffer anxiety depression im self medicate illegal drug know isnt help condition family think its main course illness reason take because cant deal own self traumas self esteem anyone else feel situation,2,2,High,High
thank your your video make study more effeciency,0,0,Low,Low
youre alone let shut up anxiety together,2,2,High,High
stress cuse gon na late go,1,1,Medium,Medium
recent study research prove then potency psychedelics lsd psilocybin mushroom truffles etc treatment depression anxiety through microdosing,2,2,High,High
please its important want talk someone who really depress,2,2,High,High
never think strangers word much supportive thank really need hope u r well,0,0,Low,Low
tell excite more enthusiastic about let go go friends new years still felt distance new years morning wake up roll over tell her want year really focus us excite keep work get us good place didnt seem care,0,0,Low,Low
id really grateful any feedback please idea behind these article helpful find homepage series here url ill post each article as theyre publish here someone find useful look forward any constructive feedback,0,0,Low,Low
use ocd then turn gad rather relieve stress through repeted action mix form fight escape other action thoughts turn start freeze shake lay grind think gon na die all symptoms like sweat termors loss muscle movements control want hide dissapear cry,2,2,High,High
thats kind mother who say mom think because donate some clothe food church shes some holy fuck roller holier thou every conversation involve go hell need accept her beliefs get point where tell her dad absolute way ever speak her again drop her evangelism tell her want mother preacher,0,0,Low,Low
three months talk one friend whom call free between pm due atts gophone policies whenever get away texting nokia tracphone ancient indestructible brick phone sister lash about ungrateful allow come over use internet trigger snap back due something cant remember stop ask end up lose contact everyone one friend talk maybe once twice week couple hours shed try keep apprise stuff go folks those phonecalls end up bring spark bloom into us couple wasnt enough same negativity same feelings selfhatred selfdisgust believe everything father dump slowly take over,2,2,High,High
definitely favorite study video favorite playlist love big rice pianos music always sound like listen story unfold bring back earth surreal sort way like how peaceful world,0,0,Low,Low
when feel stress anxious overwhelm start tidy up usually appartment total mess clean give sense control now understand why kinda funny,1,1,Medium,Medium
even aware start seek help there stigma some culture even health professionals look down especially woman medications expensive cover insurance make much worse more hopeless,2,2,High,High
literally felt her lose interest talk as say ask some basic question then suggest go into walkin counsel school offer because doesnt want waste time there tell her wasnt waste time im here because want get better second time meet her never delve into any main issue face brush off quickly all because wasnt sob eye felf like commit suicide acknowledge fact want stay talk about other things therapy proceed rush,2,2,High,High
shes probably increase usage now cause people want win bastet skin lol,1,0,Medium,Low
end survey please select name when prompt name student who give survey know anyone else who might interest take survey ask please pass them as well thank your time url anyone who already take survey,0,0,Low,Low
grateful day your video pop up youtube suggestions tt thank youuu,0,0,Low,Low
yes one mile thing extremely useful always extremely tire after pe class dont even want walk back classroom then say one floor leave every floor eventually arrive haha,1,1,Medium,Medium
amaze complete whole chapter which pending long time solve many question sooooo relax productivity increase much thank,0,0,Low,Low
first time watch your video really nice,0,0,Low,Low
hi want comment youve really help handle anxiety get afraid public like go shop etc as ive felt stick wrong time felt afraid when there nothing afraid shrink life much now through your help im able anxiety simply ask where threat while anxious heart race look around find threat immediately relax its super power build confidence thank,1,2,Medium,High
thats why when felt overwhelm work tidy desk first now know why,1,1,Medium,Medium
name amaze big fan him,0,0,Low,Low
name weird ideas about everything,2,1,High,Medium
try go walk try study your balacony early morning when sunshine disturb u go inside,1,0,Medium,Low
thank much need much as final year middle school hate online class,1,1,Medium,Medium
fell stress cba feel like cant wont sucseed dont think cant,1,1,Medium,Medium
thank your effort,0,0,Low,Low
wish list because amazon expensive items create walmart zip code wishlist paypal account meats cheaper save lot because save lot pick hi friends family url,0,0,Low,Low
cant say im clinically depress ive deal several depressive symptoms list video while now part want reach help since lose point life another part feel like im ungrateful tell theres people world actually suffer far worse wait feel wait feel almost months now,2,2,High,High
video precisely correct about panic attack applaud your concise clear articulate compassionate realistic tone every video im glad ive learn small degrees fear panic attack still fear them somewhat thats why im more recover agoraphobia after panic attack occur several years ago when call think about die heart attack after realize panic uncomfortable harmless never fear panic attack as bad after now square breathe meditation count things see hear feel etc get more panicky when im manic bipolar even then handle much better dont take benzos instead force myself feel anxiety get through know its temporary harmless,2,2,High,High
certainly burnout make your bpd worse few weeks video come up emotion regulation bpd youre subscribe notifications wont miss,1,1,Medium,Medium
there certainty scar go fuck up want bad work better show kindness those who kind none seem meaningful dead night when sleep get sad ruminate know improve fix longer intend thank anyone who read any ideas advice all appreciate,2,0,High,Low
old ladies wholesome,0,1,Low,Medium
ive since about age im still sure why start know once realize parent die scar always think there something wrong urge day dream like emerge during stressful time look back how resolve issue day dream situation onto make up people now talk issue myself loud pretend im talk therapist im basically verbal journalingi hear thoughts many time get realization moment practice how bring up usually dont feel as though its mind write email never send toowrite them wordagain anxiety think dump,1,2,Medium,High
amaze thank elaborate more sympathetic parasympathetic nerve implement strategy especially when im stressedanxious work sometimes forget breathe stop second when stressful situation again thank educate us,1,0,Medium,Low
exam vary nervous,1,1,Medium,Medium
im now usually kinda calm person who easily get stress through body without emotionally internally feel meanwhile im type person who call neurotic im susceptible more stress selfinflicted grief get covid which wasnt really bad term symptoms after month period start experience arrhythmia attack during exercise example when high intensity intervals rhythm go up down really quick then kinda arrhythmia attack start im sport since age trigger as well ecg during attack say avnrt type arrhythmia radio frequency ablation year holter monitor dont show super bad things some extrasystoles which start hit more after surgery till now its months ago every time notice sympathetic nervous system involve into heart beat process right now im more into try solve functional nature arrhythmia which occur because stress other neurological issue grateful hear any suggestions relevant feedback hopefully well all find way calm happy,1,1,Medium,Medium
about your thyroid thyroid problem cause panic attack anxiety,2,2,High,High
its weird actual socialists say politics move far right,1,0,Medium,Low
obviously dont care mean everything ive always like dream one day magically wake up skill like work like anyone any tip how calm anxiety down let overpower anything greatly appreciate,2,2,High,High
even press chargers against him unfortunately still find way through hook up girls know them make sure know about nothing happen since june im about move far away him struggle every day flashbacks occur still dont expect ever fully go away now say survive,2,2,High,High
last sentence unfortunately those people ive meet dont know whats ratio these people ones who care make effort sample size probably small im find difficult now trust people get away make aware depression last break up introspect try think like her shoe dependent her happiness when need her there listen comfort say isnt take up pain go through alone ouch might type person there her wouldve there take any her pain maybe wasnt love enough dont know sort thing happen different people leave impact dont know trust people let true self get dont wan na introduce other people issue into their own live wish there make feel alone need depress girlfriend lol,2,2,High,High
get depressions ptbs anxiety suicideproblems most important thing happen because since then all wrong point view break world break never want die dont want live thats difference time after time understand depression like love feel when something good show heh sandy okay dont ignore because love our body always want safe our lifes understand where come depressions everything like alarm say careful dont feel good dont feel love dont treat yourself right didnt take care dont let feel well go fix stop behavior after quiet as soon as behave bad again show up everytime feel bad again its remember change behave change your mindset change structure your mind lovely process need time learn love depression because ground much since then really feel love always happy dont need feel ground feel love something warm heart feel thats worth live,2,2,High,High
every time turn study more motivate thank much,0,0,Low,Low
know there many things sooth ns situation cause stress always here cant control which mean always nervous till die,1,1,Medium,Medium
afraid anything everything same time afraid happen may happen afraid world earth sky star alien humans animals whatever fuck bullshit think occur head make skin crawl afraid might become afraid might go crazy fight might become bore normal average weird some fuck hippie some fuck stupid hardheaded person,2,0,High,Low
thx bros today english exam cheer get good mark,1,1,Medium,Medium
lol fun fact wash dish help reduce stress same other chores guess us kid many chores less stress,1,1,Medium,Medium
sometimes win war tell yourself its war all thats how eliminate anxiety give up fight lay down your weapons,2,2,High,High
ive depression almost years now completely obliterate cognitive skills talk think communicate memory ive never meet anyone depression as bad as feel like im dream its get bad dont even remember feel like normal barley even talk closest friends family person anymore because get anxious mind blank when try communicate ppl smh feel like walk vegetable its brain autopilot mode every second every day,2,2,High,High
dear abao community account unknowingly support through phd thesis recently earn degree want thank especially abao study video favorite im plan monthlong trip japan summer season hop find cafe feature as ive watch maybe least time thank all guy hope everyone who need support during hisher study find achieve their goals,0,0,Low,Low
get anxiety attack before any excite event like birthday vacation get worry get sick miss spiral into sometimes go worry through whole thing,2,2,High,High
ive struggle first year high school want lock last year fail math exam two question think mention any more tip websites stay focus love your videos ive start watch them youre big sister every girl need love new zealand,1,1,Medium,Medium
amaze explain everything go through burnout real say any better thank much,1,1,Medium,Medium
hi dr mark want express deepest appreciation your videos havent come across professional who deliver mental health education such informative accessible truly helpful way often find informational videos simply regurgitate content dsm your videos go beyond obvious inform genuine expertise experience thank much really exceptional work your audience grateful brenna,2,2,High,High
thank abao amaze video ive use your videos help stay focus homework study while helpful keep up great work,0,0,Low,Low
listen before take itil v certification exam pass thank frank beacon light us test takers,1,1,Medium,Medium
im lexapro about years diagnose gad same time put medication graduate past may college worst anxiety whole life during last semester well since graduation start work graveyard shift month ago nonprofit anxiety hit like big wave about week ago all sudden nowhere,2,2,High,High
some people special lmao,1,1,Medium,Medium
never wan na hear sadly people say love when really mean convenient,2,0,High,Low
thank abao amaze video its couple days work ion background work,0,0,Low,Low
exam tommorow try soooo harddddd keep myself calm now find myself take anti stress gummies because cant finf any other way sleep gummies,1,1,Medium,Medium
guy hspt days im now deep study plewse pray im nervous wont go good high school,1,1,Medium,Medium
great advice thank im about start study mcat great video watch repeatedly lol,1,0,Medium,Low
absolutely productive finish revision entire unit uni exams think star tomorrow saw get motivate now units go absolutely week prep,0,0,Low,Low
idk sort love see rich kid get strand island nothing retire s get them home,0,0,Low,Low
mental breakdown traffic work job both night shift almost homeless kid where away pull over brother pick up cause mind want cry,2,2,High,High
thank much im reply night before last exam maybe exam little bite hard think when say im more motivate study nowyougotthis,0,1,Low,Medium
think shes try let down easy there might something shes ready everybody work say like her close friend work even say something similar im probably over think as tend yall think,0,0,Low,Low
why isint lesson like school why dont teach acully need,1,1,Medium,Medium
why post remove wasnt even bad,2,2,High,High
journey towards mental health recovery profoundly shape psilocybin mushroom dmt lsd after diagnose severe depression other challenge friend introduce golden teacher mushroom spiritual mental renewal past four years ive experience remarkable improvements wellbeing,2,2,High,High
purplez moonz hey listen suggest enjoy every moment while avoid study th grade time start decline maths lol make sure u dont otherwise face more stress higher class maths every subject dont ignore grammar,1,1,Medium,Medium
its like everything same time u want everything like u use like u want ur because u nothing cuz ur depress its void emptiness motivation anything,2,2,High,High
name congratulations may name help more,2,1,High,Medium
create more like love your productive day vlog yeah there lot there one fev come back vdo often good there more like thank create such good vdo,0,0,Low,Low
really awful panic attack once when trap overcrowd train stick far any station think about collapse into wall unsuspecting strangers suddenly woman notice ask okay get someone stand up their seat such horrible experience dont think ill ever forget her kindness,2,2,High,High
really like your study videos beautiful view video motivate study thank your video concentrate study long time thank,0,0,Low,Low
virtualhugthanksdocchillwcat pomodoro good,0,0,Low,Low
feel diagnose panic disorder depression last month weird shortness breath feel like im breathe enough sometimes feel dizzy blurry vision experience severe panic im difficulty breathe hand feet sweat feel im go faint felt dizzy lightheaded after minutes attack leave heavy chest tightness make anxious through day,2,2,High,High
video make dayvirtualhug homework thursday cup coffe easiest stadying ever thank your company even,0,1,Low,Medium
make laugh thankyou thoughts suicide,2,2,High,High
bru all symptoms im quite depress once really badly girlfriend help change life love her much,2,2,High,High
stressor cant identify bc extreme gas light person cant identify whats go them yet its persistent stressor over extend period time one day youre live life next things get confuse nothing make sense your trap invisible string dont even know who then next day youre realize youve fog extend period time then break,2,2,High,High
im stress entire fall break ive learn days about hours day havent finish nothing even after make schedule break every minutes dedicate one day one thing when feel stress feel like im about throw up im about cry get anxious point total mental breakdown adhd stress get really easily because cant keep attention place any ideas situation ps infpintpt dominant inferior function might something im quite sure about,2,1,High,Medium
perfect escape reality one video feel like vacation thank peaceful retreat,0,0,Low,Low
relax actually study hours thank abao make person enjoy study guess im subscribe,0,0,Low,Low
dear dr mark thank videos really helpful question though sometimes begin cry because trigger feel enough hard experience some these symptoms like tremble because thr cry because fear instense fear everything feel weak sometimes hard stand feet shallow rapid breathe feel heavy weight chest cant take deep breaths feel mind break shatter into piece panic attack something else im deal anxiety depression always experience fear mind like catastrophizing always imagine bad things even close happen after imagine danger go ifs come mind think horror book author because things mind create,2,2,High,High
recommend blue need while study work some tough assignments help stay focus motivate while remind take break which often forget end up burn myself thank your efforts hard work,0,0,Low,Low
thank youuu nice day,0,0,Low,Low
thank lot really problems concentration since pandemic video finish hour study any interruption achievement because before couldnt hold minutes consecutive,0,0,Low,Low
martinrosol youtube school guy,1,1,Medium,Medium
dont know make him tell care about right some part might specific dynamics philosophy club whenever propose something club usually first person contradict him think expect context usually seem enjoy someone else club tell before friend felt threaten intellectually infer might resent friend older much smarter explanation think talk about stuff study much start catch up him content knowledge didnt like,0,0,Low,Low
becoz your videoim able concentratethank much,0,0,Low,Low
usable cure find tb until,1,1,Medium,Medium
thank abao your efforts youve help many people continue session im ready,0,0,Low,Low
fucc russian version sit th graders make sense day im anxious literally sleep get b mom definitely grind whole summer plus wont get red certificate something like basically certificate show straight student fml exam week kill its actually two weeks tho sorry punctuation feed up im native speaker,1,1,Medium,Medium
dont know need some help anyone give some insight into why hes like there anything saveable here tldr f wits end partner m emotionally abusive duration year,2,2,High,High
blink second college suddenly assignments due tomorrow lecture catch up some us expect able balance part time job wonder students commit suicide,1,1,Medium,Medium
one read may your day as bright as sunkissed meadow as peaceful as quiet morning lake matter youre go through rememberyoure stronger think best chapters your story yet write keep shin,0,0,Low,Low
thank positive vibes,0,0,Low,Low
sound like procrastination extra step,1,1,Medium,Medium
every depress people dont want die want disappear cruel world silently,2,2,High,High
wow say exactly how feel memory its worst right now always say mind im husk live without any control life sorta like dream state whenever talk friends now want help its worse because dont know how fix myself how tell someone else fix anxiety happen almost all time even when im class talk acquaintance zone when zero think instead bad ones doesnt help all,2,2,High,High
sorry its unhealthy criticism headphones earphones prove use when theres emergency as damage ears brain result decrease efficiency study even its full volume tea coffee nicotine caeffine which bad otherwise comment great helpful thank,0,0,Low,Low
more please norman,1,1,Medium,Medium
grow up rez grow up poverty surround lot trauma drug abuse alcohol abuse grow up surround all thankfully never experience true depression depress moods here there because empathy there drug alcohol parent home all siblings experience psychosis when preteens learn early age cultivate own way myself way deal everything emotion environment self awareness self improvement always love wish everyone well know all get your depression there things our environment arent help industrial revolution when start go downhill vulnerable susceptible people watch videos eat people self esteem self worth once start see everything as fake media immaculate house perfect families beautiful live know then there life never perfect got ta roll punch literally may find peaceful moments your life think clarity those moments improve thoughts think process there come time when think about much task hand shape your own self help mind stop compare yourself dont jealous useless divisive get your own back,2,2,High,High
yeah because days ago name still play dumbass,1,1,Medium,Medium
make many new nyc fan id rather live auschwitz nyc,1,0,Medium,Low
possible really thirsty while panic attack idk yet panic attack seem like im thirsty while,2,2,High,High
think bedroom light story childhood stresstrama activate our stress response unable deal our amygdala response still heighten when situation present uncertainty occur like dark uncertainty bring back amygdala response which place projection danger zone aka boogie man dark instance,1,1,Medium,Medium
call suicide hotline once put hold,2,2,High,High
after get startle thing where im really angry defensive minutes afterwards put myself most calm situations duration seem somewhat independent environment im guess because ptsd brain respond well stress hormones sometimes try push through go about day anyway its usually counterproductive id like train service dog alert physiological change,0,0,Low,Low
thank muchsometimes all need someone tell us reach our goalthank much spread love support positively hope u succeed everything ur work stay safe happy healthy,0,0,Low,Low
why open mouth shouldve say im fine dont need help maybe,2,1,High,Medium
yay twinsies sahm here midst summer holiday moment its rough,1,1,Medium,Medium
ive get exams week hate them,1,1,Medium,Medium
need find something enjoy retire people often find themselves lack purpose get sick die problem work until even more problem work something passionate about,1,2,Medium,High
research show ask someone about suicidal thoughts actually reduce their suicide risk ah ha,2,2,High,High
thank your videos pass application test current job make focus use time best way possible thnksfrom bottom heart andothers creators atmosphere video yt give great push,0,0,Low,Low
curious anyone know source claim healthy diet help exam score,1,1,Medium,Medium
its time year exams start tomorrow nervous worry about them,1,1,Medium,Medium
think mom similar feel like make things worse try explain myself,0,1,Low,Medium
pursue him invite him come drink our friend group couple time sleep him early continue sleep each other guess fell into fwb situation though want us exclusive begin mostly us go bar come his house sex get really well wasnt sex thing seem like wasnt go turn into relationship fine mostly because didnt seem really concern,0,0,Low,Low
even infidelity sub heavy hope find peace somehow,2,2,High,High
more reflect life depression mdd more realize depression come life others want live now im older its become internalize into life live grow up abusive neglectful childhood where family dirt poor afford much often parent fight over financial issue siblings punish severely our tiger mom perform school anything bring shame her there support guidance either figure your own get beat sink swim basically every single one us teach need struggle through life figure our own case struggle all life ive fail insane amount take nontraditional path into career get original degree want due fail school spend years get bachelor degree let tell ive suffer all throughout journey say enjoy all happy any point live life way because thats other people want think experience cptsd anxiety depression symptoms somatic level porn addiction use game addiction both all life cope avoidant negative emotions disassociate,1,2,Medium,High
finally someone understand dont get keep information your spouse about cheat protect them thats crazy,2,0,High,Low
really love your voice feel relax drive away stress anxiety,1,1,Medium,Medium
though both crush each other werent sure feelings reciprocate some self esteem issue tell wasnt ready date someone like three years ago when first meet because intimidate instead settle her ex date ex two years never seem interest him complain about feel like caregiver him seriously depress point where make doctor appointments him always talk about want someone who more independent their life together as her friend remember her say felt like good her moment know wouldnt last forever side note open about her feelings him agree enjoy things moment though im sure secretly hopeful change her mind,0,2,Low,High
yea miss assignments,1,1,Medium,Medium
obsessive compulsive disorder major depressive disorder generalize anxiety disorder attention hyper deficit disorder pending borderline personality disorder dx ive get help years now ive tms twice cbt since some erp until realize need more help beyond give im admit myself monday residential program experience yet find provider who look holistically develop treatment plan effin discourage,2,2,High,High
every time leave house anxiety settle throat start close up point make gag gag always lead throw up after happen feel like go whole day without any problems problem dont want go through every day leave house,2,2,High,High
nothings better then team know exactly wut happendparents saw game two coach ref good lawyer need rlly those people talk,2,1,High,Medium
well wasnt argument all say second amendment aim att state,1,2,Medium,High
ive hypomanic months these meds make depress,2,2,High,High
new rainy day video hour study calm piano rainy day shinjuku tokyo make your life easier intro session break session break session break session outro,0,0,Low,Low
oh gosh open her gullet like freak pelican,2,2,High,High
say three years ago im read now its exactly need because talk about all battle im face thank,0,0,Low,Low
as kid pretty anxious nervous negligible get anxious when there something happen like give presentation etc tamper everyday life concern them recently felt like anxiety develop into new level get damn anxious every day stuff,2,2,High,High
hit belt wait why cry more,2,2,High,High
keep try hop werethat man fell love return whats happen here why rage your wife when try affectionate another control tactic state completely cut him life spend time women friends take class,0,2,Low,High
ah yes thank u now image funny,2,0,High,Low
think im nervous breakdown ive medication months because make zombie get point dont wan na here more cant get bed struggle cook clean hold conversation someone tearful lose patience explode quickly even take son school hard let him day because exhaust im point dont want here more feel like cant tell family because tell get,2,2,High,High
heart race everytime get match oddly enough dont feel all play offline friends,1,1,Medium,Medium
love thank suffer frim panic disorder help lot,2,2,High,High
well science exam anxious as eff sweat stomach ache sudden impulses vomit night before during exam busy scribble furiously get nic,1,1,Medium,Medium
kattagarian dont think its really overthinking outrageous statement start video therefore itll make question validity some rest video move forward,1,0,Medium,Low
dont know why always waste time then regret much know study still tire disturb people off course intentionally around comment here inspire lot currently home vacation go back school which residential after days miss study all thank all study all along request please inspire best when school sorry bad english,0,0,Low,Low
reach state mind where nothing disturb there solution every problem there desire determination relax life without anxiety sit chair back spine as erect as possible hand your lap palm upwards close your eye nothing still without move observe your incomingoutgoing breath body sensations around minutes as still as possible plenty thoughts come slowly negative thoughts reduce mind reprogrammed reach stage empty mind twice daily as per your convenience avoid compare your life others meditation without expectation life change enjoy meditation make daily habit best wish shyaaam sir counsellor,2,2,High,High
those who work hard try improve themselves those who prepare there exams all best know know go well take pressure anything keep work hard motivate success your hand,0,1,Low,Medium
starlightjosh careful fee your mind avoid compare yourself others reduce watch negative social media avoid constipation as affect mind instantly your breathe closely relate brain mind give relief stressanxiety relax mind observe sensations your incomingoutgoing breath entrance nostrils minutes more sit lay down anywhereanytime deep breathe dont fight your thoughts practice mind relax keep reminder observe your breath sensations throughout day night home work when travel etc eye open close one more tip sit chair without move still observe your breath few minutes stillness reduce thoughts bring quick relief like make lifetime habit better life best wishescounsellor,1,2,Medium,High
think change everything him love like want him break off few days ago good cant help feel guilty least when man go prison years,2,0,High,Low
really depress people lie bed see nobody cook try their job place stay pay bill thats all videoblogs tedtalks,2,2,High,High
hi first reddit post search internet regard anxiety online game there seem people who thats kind relief like play people these issue because imagine ill feel certain level comfort know same issue,0,2,Low,High
ive study high school exam year half snd theres week leave anxious,1,1,Medium,Medium
amygdalaectomy seriously feel hear see helpful suffer chronic anxiety every day panic attack few time week constant state hypervigilance every day its exhaust most time when these symptoms come cry because im exhaust feel like say its well its fear feel these things again wait them come back,2,2,High,High
merve your videos inspire study start own channel where now give receive company many lovely people hard yet beautiful journey study thank much everything,0,0,Low,Low
think its mistake assume job stressor cause burnout,1,1,Medium,Medium
hours away get visit them recently squeal like girl most drive two dudes two girls group consist dont walk egg shell as someone who feel like fuck up always its nice see four other people like like anyone else any experience like where anxiety whether bad mild when around certain people melt away,0,0,Low,Low
anxiety negative feelings come along sometimes make unable function daily basis sometimes feel like im never able fix its better end life,2,2,High,High
want something help small social anxiety prevent any future panic attack anyone any good experience other ssris tldr lexapro panic attack social anxiety months get all bad side effect lexapro make few moments almost go insane havent panic attack since anxiety maybe slightly better its worth con anyone stories switch off lexapro something else make them less anxious more confident,2,2,High,High
damn mods try offend everyone,2,1,High,Medium
cant go sleep time cause need study,1,1,Medium,Medium
still remember moment saturation go down world one morning thats when know depress again,2,2,High,High
when breathe relax breathe into your belly your chest expand your chest breathe trigger your stress system sympathetic nervous system,1,1,Medium,Medium
omg really need its go help alot cuz ive really struggle plan study wish u make one which more about study students,1,0,Medium,Low
love how calm relax your videos more two hours all day dont kid yet never consider myself creative person im try explore part myself thats why create youtube channel ill make tofu brownies tomorrow,0,0,Low,Low
feel sad cuz didnt good last exam,1,1,Medium,Medium
apologies take all back as ive see his latest effort,0,1,Low,Medium
im try learn healthy skills talk about issue its rough when your circumstances lead stick hell youre bear into lot people live where their families their first probably worst bully,1,1,Medium,Medium
time your eye truthful when speak about your sponsor work abuse molest ptsd adhd bpd years world adhd still trigger when listen see rubbish some people talk where average person feel overwhelm time year people adhd time day there fix all people tx transparent as hate waste time pretensions doctor glad work even person power suggestion ciao,1,2,Medium,High
battle depression severe anxiety go dr those feelings like im go crazy one thing stick mind when around elderly lady next door us go crazy remember hear see her outside run her backyard front yard between our house shave her head put her hair her bible her live room floor set fire run back froth yell love myself love myself s now see like yesterday get anxious think about remember nervous all life wonder effect cause problem today pray lord help heal depression anxiety through many tragedys life,2,2,High,High
feel like active challenge like push gas pedal gain momentum passive challenge passive challenge there zero motivation even get day start let alone get anything all there two things other people comment section point tho aware active challenge choose actually response some trauma something which actually make passive challenge like practise piano because im ashamed im play badly our band practise sessions seem like im choose practise actually dont really many passive challenge enough physical hours day then actually work reduce them like youre someone who cant say boundry set actually shitty environment like abusive partnerparents video mainly target people who objectively dont get much all still feel overwhelm say experience tho its worth try,1,1,Medium,Medium
grateful find both all above yet keep plug forward more likely because theropist trust her much bring up such valid thoughts think about hold lot which isnt healthy mention health doesnt need extra help im share her open up lot thank beyond comment help ty our familyfriends through lot all as humans challenge some less some more its important there one another absolutely mental health absolutely same as physical different organs part our body need extra tlc im learn quickly superman cant get over issue like each our own which make all beautiful own identities different ways heal theres time limit any type heal these word help myself lot word actually brutal when ones feel depress exhaust drain while try keep ourselves afloat share wmy kid grandkids speak share word youd want hear wont regret apologize situations switch ty again much peace love all,1,2,Medium,High
how wonderful dearest nami as your next door neighbor gratefully help eat such delicious food gladly help clean up afterwards suppose dream bless nami chillwcat,0,0,Low,Low
tip beat exam better video dont think,1,1,Medium,Medium
ill alevel sem exam week general study world history malay language art wish luck yall im scar,1,1,Medium,Medium
thank much make such amaze videos youve give motivation become completely different person now small problem dont know how many others face get great grade when im home when go college cant help get distract sometimes feel disturb because some loud buch class there any book video yours thatll help overcome problem,1,0,Medium,Low
sound really peaceful thank share,0,0,Low,Low
those think go hr theyll get fire remeber your way quit due stress anyway,1,1,Medium,Medium
pick them up put them outside,1,1,Medium,Medium
eye shift textbook notebook cars video move slowly study time feel cozy thank,0,0,Low,Low
interest think passive vs active challenge never really think about way before often feel overwhelm then cut down activities opposite new idea actually make sense,1,1,Medium,Medium
asal asal antidepressants sedatives things like may help both work anxiety dont try psychedelics until try normal meds first lol,2,2,High,High
thank youyou make day believe as well,0,0,Low,Low
shallow inner breathe make more anxious youre qualify show breaths shallow breaths way demonstrate dangerous get enough air,1,2,Medium,High
im feel continuously happy first time long time im pretty sure seem crazy anyone watch short anyone recover trauma felt way anyone develop schizophrenia bipolar disorder felt way okay accept,0,2,Low,High
such grea video use cbd oil edens herbals tat help ton anxiety,2,2,High,High
nbsp ask friend psychological guru happen know wash machine pop brain into while say yes neat little machine expensive which literally rinse brain run highest charge possible electrodes attach each ear lobe sleep hour wake up rinse brain nbsp electric pulse use magnetic field treatment psychiatric issue new longer hook up transfer station fact despite big pharma try stop research kid its move forward exponentially researchers university texas dallas amongst many push their findings into stimulation vagus nerve alleviate symptoms ptsd anxiety depression over all mental fckery,0,2,Low,High
love use these videos help study probably favorite all work huge science paper ap calculus,0,0,Low,Low
whats gray pen brand thank,0,0,Low,Low
prefer study late night until morning when its really quiet doesnt any distractions exhaust because lack sleep dont feel like im work alone because video thank edit forget note since room windows where see outdoor view video really help,0,0,Low,Low
havent able afford haircuts anything like while long wavy hair pretty nest like idea family photos about enough tip anxiety over edge really cant thank all enough even cant help time read write keep us your thoughts mean much make point send some artwork anyone end up help let know im allow write part ill take,0,2,Low,High
probably know ignore lol,0,0,Low,Low
think every one care arent really depress,2,2,High,High
im pretty sure fit into ill watch video main issue really dont know how function anymore job fail relationships nonexisting feel late everything life yet know other way forward point want stop current career attempt nothing else show up cant quit im because then bill leave unpaid keep go until something else show work im definitely sure lifestyle eventually cripple,1,2,Medium,High
two weeks im high school final exam italy im get every day more anxious cant study well im afraid teachers judgement im surround anxiety cant get over,2,1,High,Medium
thank much ive finally start study didnt realize how much time pass,0,0,Low,Low
physics board exam tomorrow help lot thank youu,0,0,Low,Low
get stress lot things like example homework something mainly cause stress get stress about other people think about either about how look how talk even how walk every day sometimes feel think feel people star make want look myself see how look better them effect school work ability actually talk people because dont want slip up like stutter voice crack im worry about how effect future school how act every day try stop think about other people think about its slow process thank people read comment understand about mean its nice think im one problem,1,0,Medium,Low
interest wild come off more positively crazy word rub wrong way especially mental health relate set one who think one who use word either common popular word understand why how use still potentially give off vibe someone crazy unreasonable mental illness react their way im against people express themself im say attempt help as sensetive topic think word negative connotations lot people mental illness leave though youanyone allow disagree im go argue because dont want,1,2,Medium,High
days past due need end up business friday current payment past due amount make post rborrow offer same term anyone here there request help consolidate some loan there pay back amount over months lose car world collapse most likely end up homeless im hop there kind soul here who help hope all bless day,2,0,High,Low
those seek help before as bad as imagine take seriously feel because put myself situation sort dont deserve help make sense im even sure right place post as im sure its even possibility get some sort ptsd something like sorry ramble thank read,2,2,High,High
really bad anxiety exams tommrie,1,1,Medium,Medium
must depress because ive recommend lot these type videos,2,2,High,High
dude grade best year ever easy best teacher ever barely any test stress get all as now university im basically fail,1,1,Medium,Medium
video faaar favorite always come back thank,0,0,Low,Low
love videoooooo love these longer vlogs much keep up add some sweet music add such nice touch these videos d,0,0,Low,Low
really like playlist its relax little bite hurt make think past thank,0,0,Low,Low
mr name really ever say max,1,1,Medium,Medium
great touch music somewhat unfortunate connect beatiful music tokyo which its habitants know work until sunset like slave even die work quite common fact its own name karoshi which translate literally as overwork death,0,0,Low,Low
love your relax videos inspire become morning person study harder live beautiful apartment like one day,0,0,Low,Low
music always nice ive start study lot more now because your videos,0,0,Low,Low
catch up their anger grandmother tell stories about one clean blood wall think might mentally handicap because wouldnt make sound when all go brother three years older mother leave father when two,0,0,Low,Low
m practice english find honeeeeyyy im happy your energy its beautifol your english its clear understand love your routine new inspiration,0,0,Low,Low
eye dilation anyone who want here step stressful momentcold shower run bike whatever choose pause soften your eye without move your head notice object your peripheral vision leave right above below keep breathe normally within second many people notice heart rate tension drop,1,1,Medium,Medium
brian exactly same responses know nightmare because fully aware his breathe his perspiration his heart rate gift grow up as small child hunt there some skills animalistic retain day his service dog sasha longer wake brian up his nightmares stand up stretch which enough wake up dont fix problem wander over side bed lay her head make condescend get move woman growl develop love exist occasionally useful smile,0,2,Low,High
im pay bus ticket these people come ask then call cop im really scar while im confront them dont give up get next bus finally manage get where need get panic attack follow tear street few hours later sneak wed didnt know anyone there still manage steal bottle liquor l pepsi bottle always stress,2,2,High,High
good video relax background musici like abao,0,0,Low,Low
actually faint during panic attack several time life embarrasing afraid panic attack because because fear lose mind,2,2,High,High
thats nice dedicate,0,0,Low,Low
piss people off probably,1,2,Medium,High
ive deal anxiety over years nowand its worst time lifejust things regular make hard cant even enjoy simplest thingsi wan na enjoy time son always something back head thats kill its get worse worsei hope one day live without help others because its horrible burden,2,2,High,High
tam truly force nature im endlessly inspire how flawlessly balance your business empire content creation sheer dedication take as remarkable as watch your journey make want dream fearlessly work tirelessly create something as extraordinary share really take where today habit routines practice shape kind work put inboth personally professionallyto build incredible life id love know where someone like beginwhat book read skills develop mindset nurture make ambition look beautiful aspire unapologetically myself channel same passion discipline radiate your guidance invaluable thank ultimate inspiration ilysm,1,0,Medium,Low
wish easier talk about suicidal feelings others im last few years ive suicidal thoughts every once awhile ive scar tell people years because scar reaction people fear die tear mother eye because feel bad reality want tell people because didnt want leave people sad kill myself way scar open up which result suicide attempt now family know about im go therapy everything wouldve lot easier suicide wasnt tabu,2,2,High,High
how long school hours,1,1,Medium,Medium
thank user its amaze see people comment positive things here,0,0,Low,Low
sound like want dessert hat eat any cake,1,2,Medium,High
honestly think half way through video maybe much larger issue general think society make where people active passive challenge dont line up anymore lead larger amount people general feel little motivation some things people years ago see as problem inherently change as standard live get better people who dont know want wacked sense their challenge wan na face,1,1,Medium,Medium
im high school im already burn wish quit school anyways graduate april yay,1,1,Medium,Medium
when im single its never issue person im see sleep others as soon as fall love get kind possessive partner much opposite all his relationships open hes sleep pretty much all his friends maybe few months ago tell hed really like sleep other people fairly keen get weird gut fear think him sleep other people,0,0,Low,Low
get almost every subject pull all nighters almost every time before test tend study bite follow week before test as well sleep lot before pull all nighter ill wont zombie mentally tire think before test finish all nighter go sleep hours before go school dont know im scientifically wrong work think please comment below because use ur help convert s into dont think provincial level cricket club baseball help university portfolio hours volunteer theres lot competition these days,1,1,Medium,Medium
wish those more accessible here microdosing next thing plan husband hes face many mental health issue probably cte tbi leave him coma days sadly get tpo because hes over pound display violent behavior always talk about hurt others hes really aggressive anyone there know about bpd common obsession violence,2,2,High,High
sad perspective know who want your life motivation need external validation doesnt mean become super villain general consensus isnt really all make when stop give power regain your own,1,2,Medium,High
major trigger warn find comfort confine space spend prolong time confine space verycomfortably odd most people ill explain why when parent super abusive force watch animals die frequently change around room wasnt familiar forcefully put splinter feet allow men sexually assault even pepper spray couple time as year old,2,2,High,High
ask other day theyve set date laugh face say as most ridiculous thing hes ever hear come home late shower immediately then shower every morning before leave doesnt talk mum all hes cagey secretive about everything point hostility towards sister,2,2,High,High
good english history science suck math use b drop two c its math quiz study while quiz inequalities wish luck,1,1,Medium,Medium
now didnt know about hf autism then sign there bully school home shut down about age go school go home didnt talk anybody school notice parent duly notify nothing,2,1,High,Medium
never watch news garden videos news negative pain want facts abt impt things way go abt things try make us scar everything make us stressful negative stress anxiety become habit realise after listen dr bill pettit how many hours per day spend think negatively lot change mental health,1,2,Medium,High
genius right now im overwhelm n feel like everything against im bpd think bpd get better manageable ive struggle isolate myself friends see guy randomly know want another issue occur n vicsious cycle n able think properly want escapefrom reality want cry video help ill def try thank dr k,1,1,Medium,Medium
first accept know thats crap meantime put yourself first kind yourself focus your need allow feelings express may need lot more rest try rely numb feelings alcohol etc binge eat etc treat your body well,1,2,Medium,High
hey guy im homeless myself im after some advice basically work restaurant close late im often back apartment complex until around midnight last few nights when come back ive notice homeless person sleep between glass front grind floor entrance back stairwell doesnt particularly bother because figure hes sleep all individual apartments lock doors anyway however understand others complex distress anxious especially live first floor im fortunate live higher up fourth floor,0,0,Low,Low
one best lofi music study calm music really help concentrate,0,0,Low,Low
watch class year olds myself last months burn think im depress again now see maybe im depress im exhaust,1,2,Medium,High
depress dont relate side,2,2,High,High
devil advocate didnt cringeworthy nike ad end up benefit them long run,1,1,Medium,Medium
get flashbacks ptsd home now home full these spider insect memories feel like few people life really handle thats even more isolate im sorry need place put down try stop cry know thoughts disorganize right now im find hard organize them,2,2,High,High
thank your work man,0,0,Low,Low
idk bro death sound pretty good whole anxiety thing,2,2,High,High
need know psychopathic family member promise house some strange fuck reason apparently long time now abusive ex wont leave alone his parent say escape live them most likely follow where go tell get restrain order before go,2,2,High,High
love hear b,0,0,Low,Low
dont watch battle rap these guy come up these spot because thats amaze,0,1,Low,Medium
watch while panic attack,2,2,High,High
im depress anxious until two stand hair turn gray say its all because social media because always compare myself others either physical emotionaly money until stop use social media days see big difference leraned life isnt about looksmoney its about all little things everyday thats how become happy again,2,2,High,High
any news hope amaze,0,0,Low,Low
hello everyone study pathophysiology master program use these videos help stay task feel less lonely know others study while everyone home sleep stay motivate whatever study all worth end best luck,0,0,Low,Low
squad up his eye light up dis man crazy as fuck love bro then take picture,0,0,Low,Low
thats about ours our rush hour traffic horrible,2,1,High,Medium
aaaa sorry feel dumb mess up like hate when people lie really hope dont come across like now sound desperate im s o r r y dont think hell online while maybe few hours try talk him about hello,2,2,High,High
im freak dont know resources family worse off then pay everything own include phone car insurance someone help help find someone who thank much read,2,2,High,High
good change ive hear many sad stories tinder about sort thing look way,1,0,Medium,Low
im stress dog bark head,1,1,Medium,Medium
massive thank dark place struggle anxiety seem like get worse worse more try change youve make realise anxiety normal emotion feel instead fight embrace accept most importantly feel ashamed,2,2,High,High
past couple months really bad soreness tightness upper back neck sometimes get stiff barely move head first think physical injury go doctor xray find anything notice flare up when im anxious try many self massage cream bath pad name,2,0,High,Low
despite ignorances people society finally find inner peace thank ton video really motivational,0,0,Low,Low
its hard switch between english spanish same sentence sorry ill try improve future,2,0,High,Low
really keep task today thank,0,0,Low,Low
after dev many years switch dev its sooo much less stressful start work as contractor bill company dont fuck own work bill hours things like travel need day off dont bill hours these company dont care about feature build dire take less money stress worth ai tool take lot cognitive load use them free your time,1,1,Medium,Medium
struggle hold job finish his degree make rent monthly basis joe janet live big city few hours away small town where grow up come here university stay about half joes circle friends janets friend circle include ex boyfriends her college peer other half bar friends,0,0,Low,Low
hahahahahaa all symptoms want die,2,2,High,High
home game which awesome,0,0,Low,Low
therapyinanutshell truly amaze resource offer concise insightful accessible approach complex mental health topics way simplify therapeutic concepts into bitesized information make much easier people understand apply their daily live whether youre look practical tool manage emotions want learn more about mental health theories therapyinanutshell something everyone clear explanations relatable examples engage presentation style make standout mental health space keep up great workyour content both informative empower,1,1,Medium,Medium
thank abao your videos really motivate sit patiently study jesus bless,0,0,Low,Low
when get overwhelm anxiety stress listen relax music calm down,1,1,Medium,Medium
aww cute pair,0,0,Low,Low
currently use while essay uber helpful when its pretty late find regulate pomodoros myself,0,0,Low,Low
seriously spend same amount time anything else everyone bitch hes addict doubtful,1,1,Medium,Medium
first study sit after months break study continuously hours thank video,0,0,Low,Low
believe wholeheartedly person suffer mental illness commit suicide escape their thoughts end feelings its about die death its about way guarantee moments peace themselves,2,2,High,High
sammyjane mitchell agree diazepam olanazapine sodium valproate cant eliminate root cause mental symptoms despite sodium valproate help block jaw clench least anxiety disorder panic attack,2,2,High,High
im still use laptop until last month use phone actually felt bad upgrade phone,0,0,Low,Low
whattt never think about now want see train conductor vlog sound cool interest,0,0,Low,Low
im best kid school when start online ugh hard many assignment,1,1,Medium,Medium
long time ago when around nd rd grade go diner family breakfast when go go pay saw these two girls class ask want come over mom say yes go one girls house playdate go over there tell order friends them initiation thing apparently its thing another girl our class take off all our clothe play pretend,0,2,Low,High
its fake keep them depress allow give honest response most things,2,2,High,High
its even those three word either spiral store go always love stop love everything your fault,0,0,Low,Low
hi everyone girlfriend love color guard all her life always want march professional drum corps final audition san antonio texas april cash fly there ohio go give her big contribution as valentines day present mean lot more people help her anyone throw some money even less mean world her,0,0,Low,Low
feel overwhelm as hell amount passive challenge keep stack up sad part dont time capacity even keep up passive ones how suppose take same amount active ones top all when number higher higher physically cant keep up there enough hours day time feel slip faster faster,1,1,Medium,Medium
before tell anythingwhat exactly want,1,1,Medium,Medium
honestly get anxious im cold im go somewhere where im nervous get haooy,2,2,High,High
haha well sound like its good job,2,0,High,Low
year old student toxic parent really permit anywhere besides class soo look different things perform get stress down shit together,1,1,Medium,Medium
havent able watch tonight saw score happen,0,1,Low,Medium
ahhh cant waittt really need especially exams come much work thank abao thank beautiful landscape view,0,0,Low,Low
thank much information explain exactly how use manage workload stress watch your videos im learn how identify stress trigger emotions thoughts thank much,1,1,Medium,Medium
get impend sense doom before big exams,1,1,Medium,Medium
mean most people think their depress emotions unique exceptional fact arent countless others experience exact same things worse your feelings arent as special as think fact alone its goofy off yourself because feel negative feelings,2,2,High,High
start bad anxiety age video helpful all make sense now thank all those suffer anxiety let get better know,2,2,High,High
give motivation study patient care place exam final thank much,0,0,Low,Low
find most mental health issue therapy induce when quit therapy decide join mass life improve there such thing as depression theres people poor cop skill,2,2,High,High
fofo algum trazendo um caf pra ela meio da sesso hahaha,0,1,Low,Medium
believe many raise as children express their feelings emotions year year hold onto them eventually become adults lot suppress trauma trauma express as hide depression never show speak about how feel because still feel shouldnt detrimental im glad therapists mental health professionals talk about hide depression people longer feel their feelings emotions arent valid,2,2,High,High
med school insiders k subscribers congratulations million subscribers,1,1,Medium,Medium
wrong lose pound period financial stress life didnt improve inner state financial position all,1,1,Medium,Medium
seem struggle fawn freeze responsemakes sense now why tend abide people rather question stand up counter go against aggressive grotesque behavior trigger ptsd thank informational video help understand why struggle much how overcome like add start see trauma specialist about little over month now really help lot its extremely challenge its begin trust its worth money time effort get your life together functional please seek trauma specialist struggle ptsd like how,1,2,Medium,High
dont live country anymore think one help her hard time trust people doesnt want go shelter least give her number bilingual support person ywca mom want dad pay graduate school degree,0,0,Low,Low
anyone else here because stressful everyone there first year college,1,1,Medium,Medium
as crisis counselor burnout real problem because unavailable,1,1,Medium,Medium
where tokyo there next week like visit scene becaus ive learn much video,0,0,Low,Low
every examof h around panic attack when tell one friends who same room say look calm study give panic attack become difficult breathe all other sign tell,2,2,High,High
love how personal when explain these stress responses,1,1,Medium,Medium
summarize last years self development therapy meditation minutes every minute true im happiest ive ever easier say truly understand feel things say here happy im college dropout avoid years now im go back look forward much huge aspirations become motivation things love rather guilt hold back happiness,1,2,Medium,High
control get much stress example start sweat cold shake start new job as call center agent maybe wasnt best option need job first call shake sweat cold worry start like mix word today still like first call day need work its difficult change,1,2,Medium,High
which scrum suppose inherently provide most agile team fail follow agile rule ensure case then poor managers throw more wrench into,1,1,Medium,Medium
ive depress over two months time around dont think its ever last long before im usually able eventually pull myself ocean always great help now im away ocean dont live florida anymore because hurricane flood us our home try go home since market crazy down there now im afraid continue long spurt depression until able go home depression absolute worse desperate other ways pull myself now able things work before,2,2,High,High
im currently panic attack ask help come across video,2,2,High,High
im study architecture today project due monday im use time finalize floor plan residential house design love both your name weather think your name favorite because music video extremely helpful actually get work thank much create,0,0,Low,Low
kick house go make leave middle night multiple time while insult hit im sorry even post here need little support right now say two nights ago come into our guest bedroom where sleep next day say sorry kind try talk him about say under lot stress doesnt need love support doesnt want talk about super sorry fuck up format yall get idea,2,2,High,High
relate stress while wait exam result much cloud real life bestworst when get result back mostly pretty good stress myself without reason its especially painful when go family trip where enjoy time people tell low confidence myself wouldnt disagree,1,1,Medium,Medium
leave hold burden explain other people why wasnt talk them why say something hurtful okay tell him many many blunt occassions okay suck your dick feel like arent put effort feel sick uncomfortable say variety form as well as panic attack anxiety attack fullon violent shiver mute shutdown cry overstimulated feel like youre about die panic attack most time when intimate,2,2,High,High
love your study mes start use them since middle school help focus its inspire start own channel thank,0,0,Low,Low
months ago break anxious completely lose friend send manifest receive eva hartley read one sit even kid whole energy shift stop chase start receive new clients better sleep confidence back people dont sleep,2,2,High,High
one thing im thankful mess life friend listen hold through panic attack talk down ledges hes still there even though hes see some pretty dark place ok rantvent over thank here thank listen,0,2,Low,High
majority panic attack nocturnal wake up already full blow panic attack dont enough time yet fully conscious aware definitely high alert feel there never enough oxygen get lungs ever again cause run outside take anything restrictive chest keep breath get all way lungsshirt bra off all whole frantically run around numb tingly lips armshandsfingers once good think brain kick im able start little more rational able see happen outside then horrible embarrass feel dreadful dont like sleep because,2,2,High,High
here think burnout come because try much your body get older cant cope,1,1,Medium,Medium
name pretty god damn brutal,0,1,Low,Medium
